,date_time,precip_accum_set_1,snow_depth_set_1,air_temp_set_1,snow_water_equiv_set_1,_meta_station_id,_meta_elevation,_meta_longitude,_meta_latitude
0,2018-08-01 00:00:00,695.96,,26.8,,ADMC1,6190,-120.79192,41.23583
1,2018-08-01 01:00:00,690.88,,26.1,,ADMC1,6190,-120.79192,41.23583
2,2018-08-01 02:00:00,690.88,,24.3,,ADMC1,6190,-120.79192,41.23583
3,2018-08-01 03:00:00,688.34,,21.8,,ADMC1,6190,-120.79192,41.23583
4,2018-08-01 04:00:00,685.8,,18.3,,ADMC1,6190,-120.79192,41.23583
5,2018-08-01 05:00:00,685.8,,14.8,,ADMC1,6190,-120.79192,41.23583
6,2018-08-01 06:00:00,683.26,,13.4,,ADMC1,6190,-120.79192,41.23583
7,2018-08-01 07:00:00,683.26,0.0,12.0,,ADMC1,6190,-120.79192,41.23583
8,2018-08-01 08:00:00,683.26,,10.7,,ADMC1,6190,-120.79192,41.23583
9,2018-08-01 09:00:00,680.72,,9.5,,ADMC1,6190,-120.79192,41.23583
10,2018-08-01 10:00:00,680.72,0.0,8.8,,ADMC1,6190,-120.79192,41.23583
11,2018-08-01 11:00:00,680.72,,8.2,,ADMC1,6190,-120.79192,41.23583
12,2018-08-01 12:00:00,678.18,,7.7,,ADMC1,6190,-120.79192,41.23583
13,2018-08-01 13:00:00,678.18,,6.9,,ADMC1,6190,-120.79192,41.23583
14,2018-08-01 14:00:00,678.18,,7.3,,ADMC1,6190,-120.79192,41.23583
15,2018-08-01 15:00:00,678.18,,11.9,,ADMC1,6190,-120.79192,41.23583
16,2018-08-01 16:00:00,680.72,,18.6,2.54,ADMC1,6190,-120.79192,41.23583
17,2018-08-01 17:00:00,683.26,,24.6,2.54,ADMC1,6190,-120.79192,41.23583
18,2018-08-01 18:00:00,685.8,,24.0,5.08,ADMC1,6190,-120.79192,41.23583
19,2018-08-01 19:00:00,685.8,,25.0,7.62,ADMC1,6190,-120.79192,41.23583
20,2018-08-01 20:00:00,688.34,,25.9,7.62,ADMC1,6190,-120.79192,41.23583
21,2018-08-01 21:00:00,690.88,,25.9,7.62,ADMC1,6190,-120.79192,41.23583
22,2018-08-01 22:00:00,690.88,,26.4,5.08,ADMC1,6190,-120.79192,41.23583
23,2018-08-01 23:00:00,688.34,,26.1,0.0,ADMC1,6190,-120.79192,41.23583
24,2018-08-02 00:00:00,688.34,,25.6,,ADMC1,6190,-120.79192,41.23583
25,2018-08-02 01:00:00,690.88,,24.2,,ADMC1,6190,-120.79192,41.23583
26,2018-08-02 02:00:00,688.34,,23.3,,ADMC1,6190,-120.79192,41.23583
27,2018-08-02 03:00:00,688.34,0.0,21.0,,ADMC1,6190,-120.79192,41.23583
28,2018-08-02 04:00:00,685.8,,17.0,,ADMC1,6190,-120.79192,41.23583
29,2018-08-02 05:00:00,685.8,,15.6,,ADMC1,6190,-120.79192,41.23583
30,2018-08-02 06:00:00,683.26,,15.4,,ADMC1,6190,-120.79192,41.23583
31,2018-08-02 07:00:00,683.26,,11.6,,ADMC1,6190,-120.79192,41.23583
32,2018-08-02 08:00:00,683.26,0.0,9.9,0.0,ADMC1,6190,-120.79192,41.23583
33,2018-08-02 09:00:00,680.72,,8.6,,ADMC1,6190,-120.79192,41.23583
34,2018-08-02 10:00:00,680.72,0.0,8.0,,ADMC1,6190,-120.79192,41.23583
35,2018-08-02 11:00:00,678.18,0.0,7.1,,ADMC1,6190,-120.79192,41.23583
36,2018-08-02 12:00:00,678.18,,6.2,,ADMC1,6190,-120.79192,41.23583
37,2018-08-02 13:00:00,678.18,0.0,5.7,,ADMC1,6190,-120.79192,41.23583
38,2018-08-02 14:00:00,678.18,,5.7,,ADMC1,6190,-120.79192,41.23583
39,2018-08-02 15:00:00,678.18,,12.0,,ADMC1,6190,-120.79192,41.23583
40,2018-08-02 16:00:00,680.72,,18.5,0.0,ADMC1,6190,-120.79192,41.23583
41,2018-08-02 17:00:00,683.26,,20.7,2.54,ADMC1,6190,-120.79192,41.23583
42,2018-08-02 18:00:00,683.26,,22.1,5.08,ADMC1,6190,-120.79192,41.23583
43,2018-08-02 19:00:00,685.8,,22.5,5.08,ADMC1,6190,-120.79192,41.23583
44,2018-08-02 20:00:00,680.72,,22.7,5.08,ADMC1,6190,-120.79192,41.23583
45,2018-08-02 21:00:00,688.34,,24.1,7.62,ADMC1,6190,-120.79192,41.23583
46,2018-08-02 22:00:00,688.34,,24.1,5.08,ADMC1,6190,-120.79192,41.23583
47,2018-08-02 23:00:00,688.34,,24.5,0.0,ADMC1,6190,-120.79192,41.23583
48,2018-08-03 00:00:00,688.34,,24.4,,ADMC1,6190,-120.79192,41.23583
49,2018-08-03 01:00:00,668.02,,23.6,,ADMC1,6190,-120.79192,41.23583
50,2018-08-03 02:00:00,688.34,,22.2,,ADMC1,6190,-120.79192,41.23583
51,2018-08-03 03:00:00,688.34,,19.5,,ADMC1,6190,-120.79192,41.23583
52,2018-08-03 04:00:00,685.8,,17.1,,ADMC1,6190,-120.79192,41.23583
53,2018-08-03 05:00:00,683.26,0.0,12.9,,ADMC1,6190,-120.79192,41.23583
54,2018-08-03 06:00:00,683.26,,13.5,,ADMC1,6190,-120.79192,41.23583
55,2018-08-03 07:00:00,683.26,,11.1,,ADMC1,6190,-120.79192,41.23583
56,2018-08-03 08:00:00,680.72,,9.2,,ADMC1,6190,-120.79192,41.23583
57,2018-08-03 09:00:00,680.72,,8.4,,ADMC1,6190,-120.79192,41.23583
58,2018-08-03 10:00:00,680.72,0.0,7.5,,ADMC1,6190,-120.79192,41.23583
59,2018-08-03 11:00:00,678.18,,7.5,,ADMC1,6190,-120.79192,41.23583
60,2018-08-03 12:00:00,678.18,,6.1,,ADMC1,6190,-120.79192,41.23583
61,2018-08-03 13:00:00,678.18,0.0,5.0,,ADMC1,6190,-120.79192,41.23583
62,2018-08-03 14:00:00,678.18,,5.3,,ADMC1,6190,-120.79192,41.23583
63,2018-08-03 15:00:00,675.64,,10.2,,ADMC1,6190,-120.79192,41.23583
64,2018-08-03 16:00:00,680.72,,15.6,0.0,ADMC1,6190,-120.79192,41.23583
65,2018-08-03 17:00:00,680.72,,18.0,0.0,ADMC1,6190,-120.79192,41.23583
66,2018-08-03 18:00:00,683.26,,19.6,2.54,ADMC1,6190,-120.79192,41.23583
67,2018-08-03 19:00:00,685.8,,20.0,5.08,ADMC1,6190,-120.79192,41.23583
68,2018-08-03 20:00:00,688.34,,20.5,7.62,ADMC1,6190,-120.79192,41.23583
69,2018-08-03 21:00:00,688.34,,21.8,5.08,ADMC1,6190,-120.79192,41.23583
70,2018-08-03 22:00:00,688.34,,22.5,2.54,ADMC1,6190,-120.79192,41.23583
71,2018-08-03 23:00:00,688.34,,22.3,0.0,ADMC1,6190,-120.79192,41.23583
72,2018-08-04 00:00:00,688.34,,22.2,,ADMC1,6190,-120.79192,41.23583
73,2018-08-04 01:00:00,688.34,,21.5,,ADMC1,6190,-120.79192,41.23583
74,2018-08-04 02:00:00,688.34,,20.7,,ADMC1,6190,-120.79192,41.23583
75,2018-08-04 03:00:00,685.8,,18.9,,ADMC1,6190,-120.79192,41.23583
76,2018-08-04 04:00:00,683.26,0.0,15.0,,ADMC1,6190,-120.79192,41.23583
77,2018-08-04 05:00:00,683.26,0.0,13.5,,ADMC1,6190,-120.79192,41.23583
78,2018-08-04 06:00:00,683.26,,12.0,,ADMC1,6190,-120.79192,41.23583
79,2018-08-04 07:00:00,680.72,0.0,9.0,,ADMC1,6190,-120.79192,41.23583
80,2018-08-04 08:00:00,680.72,,7.5,,ADMC1,6190,-120.79192,41.23583
81,2018-08-04 09:00:00,680.72,,9.8,,ADMC1,6190,-120.79192,41.23583
82,2018-08-04 10:00:00,680.72,,7.4,,ADMC1,6190,-120.79192,41.23583
83,2018-08-04 11:00:00,678.18,0.0,6.7,,ADMC1,6190,-120.79192,41.23583
84,2018-08-04 12:00:00,678.18,,5.3,,ADMC1,6190,-120.79192,41.23583
85,2018-08-04 13:00:00,678.18,0.0,4.2,,ADMC1,6190,-120.79192,41.23583
86,2018-08-04 14:00:00,675.64,,4.3,,ADMC1,6190,-120.79192,41.23583
87,2018-08-04 15:00:00,675.64,,9.4,,ADMC1,6190,-120.79192,41.23583
88,2018-08-04 16:00:00,678.18,,15.7,2.54,ADMC1,6190,-120.79192,41.23583
89,2018-08-04 17:00:00,680.72,,18.6,0.0,ADMC1,6190,-120.79192,41.23583
90,2018-08-04 18:00:00,683.26,,18.5,2.54,ADMC1,6190,-120.79192,41.23583
91,2018-08-04 19:00:00,685.8,,19.1,5.08,ADMC1,6190,-120.79192,41.23583
92,2018-08-04 20:00:00,685.8,,19.8,5.08,ADMC1,6190,-120.79192,41.23583
93,2018-08-04 21:00:00,685.8,,19.7,5.08,ADMC1,6190,-120.79192,41.23583
94,2018-08-04 22:00:00,683.26,,20.4,2.54,ADMC1,6190,-120.79192,41.23583
95,2018-08-04 23:00:00,688.34,,20.0,0.0,ADMC1,6190,-120.79192,41.23583
96,2018-08-05 00:00:00,685.8,,19.2,,ADMC1,6190,-120.79192,41.23583
97,2018-08-05 01:00:00,683.26,,17.8,,ADMC1,6190,-120.79192,41.23583
98,2018-08-05 02:00:00,685.8,0.0,17.0,,ADMC1,6190,-120.79192,41.23583
99,2018-08-05 03:00:00,685.8,0.0,15.5,,ADMC1,6190,-120.79192,41.23583
100,2018-08-05 04:00:00,683.26,,11.0,,ADMC1,6190,-120.79192,41.23583
101,2018-08-05 05:00:00,683.26,,9.2,,ADMC1,6190,-120.79192,41.23583
102,2018-08-05 06:00:00,680.72,0.0,7.2,,ADMC1,6190,-120.79192,41.23583
103,2018-08-05 07:00:00,680.72,0.0,6.0,,ADMC1,6190,-120.79192,41.23583
104,2018-08-05 08:00:00,678.18,0.0,7.7,,ADMC1,6190,-120.79192,41.23583
105,2018-08-05 17:00:00,680.72,,18.5,0.0,ADMC1,6190,-120.79192,41.23583
106,2018-08-05 18:00:00,683.26,,19.7,5.08,ADMC1,6190,-120.79192,41.23583
107,2018-08-05 19:00:00,685.8,,20.5,5.08,ADMC1,6190,-120.79192,41.23583
108,2018-08-05 20:00:00,685.8,,21.6,7.62,ADMC1,6190,-120.79192,41.23583
109,2018-08-05 21:00:00,688.34,,22.4,5.08,ADMC1,6190,-120.79192,41.23583
110,2018-08-05 22:00:00,688.34,,22.1,5.08,ADMC1,6190,-120.79192,41.23583
111,2018-08-05 23:00:00,688.34,,21.9,0.0,ADMC1,6190,-120.79192,41.23583
112,2018-08-06 00:00:00,688.34,,21.8,0.0,ADMC1,6190,-120.79192,41.23583
113,2018-08-06 01:00:00,688.34,,20.7,,ADMC1,6190,-120.79192,41.23583
114,2018-08-06 02:00:00,685.8,,19.3,,ADMC1,6190,-120.79192,41.23583
115,2018-08-06 03:00:00,685.8,,16.6,,ADMC1,6190,-120.79192,41.23583
116,2018-08-06 04:00:00,683.26,,13.7,15.24,ADMC1,6190,-120.79192,41.23583
117,2018-08-06 05:00:00,683.26,,11.8,,ADMC1,6190,-120.79192,41.23583
118,2018-08-06 06:00:00,683.26,,10.0,,ADMC1,6190,-120.79192,41.23583
119,2018-08-06 07:00:00,680.72,,8.1,,ADMC1,6190,-120.79192,41.23583
120,2018-08-06 08:00:00,680.72,,6.2,,ADMC1,6190,-120.79192,41.23583
121,2018-08-06 09:00:00,678.18,,5.9,,ADMC1,6190,-120.79192,41.23583
122,2018-08-06 10:00:00,678.18,0.0,4.9,,ADMC1,6190,-120.79192,41.23583
123,2018-08-06 11:00:00,678.18,0.0,4.1,,ADMC1,6190,-120.79192,41.23583
124,2018-08-06 12:00:00,678.18,0.0,3.6,,ADMC1,6190,-120.79192,41.23583
125,2018-08-06 13:00:00,675.64,0.0,2.7,,ADMC1,6190,-120.79192,41.23583
126,2018-08-06 14:00:00,675.64,,3.8,,ADMC1,6190,-120.79192,41.23583
127,2018-08-06 15:00:00,675.64,,8.4,,ADMC1,6190,-120.79192,41.23583
128,2018-08-06 16:00:00,678.18,,16.3,0.0,ADMC1,6190,-120.79192,41.23583
129,2018-08-06 17:00:00,680.72,,20.4,0.0,ADMC1,6190,-120.79192,41.23583
130,2018-08-06 18:00:00,683.26,,22.5,5.08,ADMC1,6190,-120.79192,41.23583
131,2018-08-06 19:00:00,685.8,,23.2,7.62,ADMC1,6190,-120.79192,41.23583
132,2018-08-06 20:00:00,688.34,0.0,24.7,7.62,ADMC1,6190,-120.79192,41.23583
133,2018-08-06 21:00:00,688.34,,25.0,5.08,ADMC1,6190,-120.79192,41.23583
134,2018-08-06 22:00:00,690.88,,25.4,5.08,ADMC1,6190,-120.79192,41.23583
135,2018-08-06 23:00:00,688.34,,26.7,2.54,ADMC1,6190,-120.79192,41.23583
136,2018-08-07 00:00:00,690.88,,25.4,,ADMC1,6190,-120.79192,41.23583
137,2018-08-07 01:00:00,690.88,,25.1,0.0,ADMC1,6190,-120.79192,41.23583
138,2018-08-07 02:00:00,688.34,,23.4,,ADMC1,6190,-120.79192,41.23583
139,2018-08-07 03:00:00,688.34,,19.6,,ADMC1,6190,-120.79192,41.23583
140,2018-08-07 04:00:00,685.8,,16.1,,ADMC1,6190,-120.79192,41.23583
141,2018-08-07 05:00:00,685.8,,13.8,,ADMC1,6190,-120.79192,41.23583
142,2018-08-07 06:00:00,683.26,0.0,11.1,,ADMC1,6190,-120.79192,41.23583
143,2018-08-07 07:00:00,683.26,,10.0,,ADMC1,6190,-120.79192,41.23583
144,2018-08-07 08:00:00,680.72,0.0,9.1,,ADMC1,6190,-120.79192,41.23583
145,2018-08-07 09:00:00,680.72,0.0,8.9,,ADMC1,6190,-120.79192,41.23583
146,2018-08-07 10:00:00,680.72,,13.2,,ADMC1,6190,-120.79192,41.23583
147,2018-08-07 11:00:00,680.72,,9.6,,ADMC1,6190,-120.79192,41.23583
148,2018-08-07 12:00:00,678.18,,8.4,,ADMC1,6190,-120.79192,41.23583
149,2018-08-07 13:00:00,678.18,,8.0,,ADMC1,6190,-120.79192,41.23583
150,2018-08-07 14:00:00,678.18,,7.3,,ADMC1,6190,-120.79192,41.23583
151,2018-08-07 15:00:00,678.18,,11.9,,ADMC1,6190,-120.79192,41.23583
152,2018-08-07 16:00:00,680.72,,19.1,2.54,ADMC1,6190,-120.79192,41.23583
153,2018-08-07 17:00:00,683.26,,24.0,2.54,ADMC1,6190,-120.79192,41.23583
154,2018-08-07 18:00:00,685.8,,26.9,5.08,ADMC1,6190,-120.79192,41.23583
155,2018-08-07 19:00:00,688.34,,27.1,7.62,ADMC1,6190,-120.79192,41.23583
156,2018-08-07 20:00:00,688.34,,28.5,7.62,ADMC1,6190,-120.79192,41.23583
157,2018-08-07 21:00:00,690.88,,28.5,7.62,ADMC1,6190,-120.79192,41.23583
158,2018-08-07 22:00:00,693.42,,29.1,5.08,ADMC1,6190,-120.79192,41.23583
159,2018-08-07 23:00:00,693.42,,29.6,2.54,ADMC1,6190,-120.79192,41.23583
160,2018-08-08 00:00:00,693.42,,28.9,,ADMC1,6190,-120.79192,41.23583
161,2018-08-08 01:00:00,690.88,,27.8,,ADMC1,6190,-120.79192,41.23583
162,2018-08-08 02:00:00,690.88,,25.0,,ADMC1,6190,-120.79192,41.23583
163,2018-08-08 03:00:00,688.34,,22.4,,ADMC1,6190,-120.79192,41.23583
164,2018-08-08 04:00:00,688.34,,20.0,,ADMC1,6190,-120.79192,41.23583
165,2018-08-08 05:00:00,685.8,,16.0,,ADMC1,6190,-120.79192,41.23583
166,2018-08-08 06:00:00,683.26,,13.5,,ADMC1,6190,-120.79192,41.23583
167,2018-08-08 07:00:00,683.26,,12.1,,ADMC1,6190,-120.79192,41.23583
168,2018-08-08 08:00:00,683.26,0.0,11.4,0.0,ADMC1,6190,-120.79192,41.23583
169,2018-08-08 09:00:00,680.72,,10.4,,ADMC1,6190,-120.79192,41.23583
170,2018-08-08 10:00:00,680.72,,8.8,,ADMC1,6190,-120.79192,41.23583
171,2018-08-08 11:00:00,680.72,,8.7,,ADMC1,6190,-120.79192,41.23583
172,2018-08-08 12:00:00,678.18,0.0,7.7,,ADMC1,6190,-120.79192,41.23583
173,2018-08-08 13:00:00,678.18,,6.8,,ADMC1,6190,-120.79192,41.23583
174,2018-08-08 14:00:00,678.18,0.0,7.4,,ADMC1,6190,-120.79192,41.23583
175,2018-08-08 15:00:00,678.18,,11.9,,ADMC1,6190,-120.79192,41.23583
176,2018-08-08 16:00:00,680.72,,20.5,0.0,ADMC1,6190,-120.79192,41.23583
177,2018-08-08 17:00:00,683.26,,25.9,2.54,ADMC1,6190,-120.79192,41.23583
178,2018-08-08 18:00:00,685.8,,28.0,5.08,ADMC1,6190,-120.79192,41.23583
179,2018-08-08 19:00:00,685.8,,26.7,7.62,ADMC1,6190,-120.79192,41.23583
180,2018-08-08 20:00:00,701.04,,26.6,7.62,ADMC1,6190,-120.79192,41.23583
181,2018-08-08 21:00:00,690.88,,27.7,7.62,ADMC1,6190,-120.79192,41.23583
182,2018-08-08 22:00:00,690.88,,29.5,5.08,ADMC1,6190,-120.79192,41.23583
183,2018-08-08 23:00:00,690.88,,28.4,2.54,ADMC1,6190,-120.79192,41.23583
184,2018-08-09 00:00:00,690.88,,27.5,0.0,ADMC1,6190,-120.79192,41.23583
185,2018-08-09 01:00:00,690.88,,25.2,,ADMC1,6190,-120.79192,41.23583
186,2018-08-09 02:00:00,690.88,,23.0,,ADMC1,6190,-120.79192,41.23583
187,2018-08-09 03:00:00,688.34,0.0,20.9,,ADMC1,6190,-120.79192,41.23583
188,2018-08-09 04:00:00,688.34,0.0,18.9,,ADMC1,6190,-120.79192,41.23583
189,2018-08-09 05:00:00,685.8,,16.1,,ADMC1,6190,-120.79192,41.23583
190,2018-08-09 06:00:00,683.26,,13.7,,ADMC1,6190,-120.79192,41.23583
191,2018-08-09 07:00:00,683.26,,11.7,,ADMC1,6190,-120.79192,41.23583
192,2018-08-09 08:00:00,683.26,,11.0,,ADMC1,6190,-120.79192,41.23583
193,2018-08-09 09:00:00,680.72,,9.8,,ADMC1,6190,-120.79192,41.23583
194,2018-08-09 10:00:00,680.72,,8.7,,ADMC1,6190,-120.79192,41.23583
195,2018-08-09 11:00:00,680.72,,8.2,,ADMC1,6190,-120.79192,41.23583
196,2018-08-09 12:00:00,678.18,,8.0,,ADMC1,6190,-120.79192,41.23583
197,2018-08-09 13:00:00,678.18,,7.6,,ADMC1,6190,-120.79192,41.23583
198,2018-08-09 14:00:00,678.18,,8.5,,ADMC1,6190,-120.79192,41.23583
199,2018-08-09 15:00:00,678.18,,13.0,,ADMC1,6190,-120.79192,41.23583
200,2018-08-09 16:00:00,680.72,,20.7,0.0,ADMC1,6190,-120.79192,41.23583
201,2018-08-09 17:00:00,683.26,,25.5,0.0,ADMC1,6190,-120.79192,41.23583
202,2018-08-09 18:00:00,685.8,,27.3,5.08,ADMC1,6190,-120.79192,41.23583
203,2018-08-09 19:00:00,688.34,,29.0,7.62,ADMC1,6190,-120.79192,41.23583
204,2018-08-09 20:00:00,690.88,,30.7,7.62,ADMC1,6190,-120.79192,41.23583
205,2018-08-09 21:00:00,695.96,,29.8,7.62,ADMC1,6190,-120.79192,41.23583
206,2018-08-09 22:00:00,693.42,,29.5,5.08,ADMC1,6190,-120.79192,41.23583
207,2018-08-09 23:00:00,688.34,,29.4,2.54,ADMC1,6190,-120.79192,41.23583
208,2018-08-10 00:00:00,693.42,,29.4,0.0,ADMC1,6190,-120.79192,41.23583
209,2018-08-10 01:00:00,693.42,,27.0,,ADMC1,6190,-120.79192,41.23583
210,2018-08-10 02:00:00,688.34,0.0,25.2,,ADMC1,6190,-120.79192,41.23583
211,2018-08-10 03:00:00,688.34,0.0,22.8,,ADMC1,6190,-120.79192,41.23583
212,2018-08-10 04:00:00,688.34,,20.7,,ADMC1,6190,-120.79192,41.23583
213,2018-08-10 05:00:00,685.8,0.0,18.5,,ADMC1,6190,-120.79192,41.23583
214,2018-08-10 06:00:00,685.8,,18.1,,ADMC1,6190,-120.79192,41.23583
215,2018-08-10 07:00:00,683.26,0.0,17.1,,ADMC1,6190,-120.79192,41.23583
216,2018-08-10 08:00:00,683.26,,15.0,,ADMC1,6190,-120.79192,41.23583
217,2018-08-10 09:00:00,683.26,,12.2,,ADMC1,6190,-120.79192,41.23583
218,2018-08-10 10:00:00,683.26,,9.7,,ADMC1,6190,-120.79192,41.23583
219,2018-08-10 11:00:00,680.72,0.0,9.1,,ADMC1,6190,-120.79192,41.23583
220,2018-08-10 12:00:00,680.72,,8.5,,ADMC1,6190,-120.79192,41.23583
221,2018-08-10 13:00:00,680.72,,7.4,,ADMC1,6190,-120.79192,41.23583
222,2018-08-10 14:00:00,678.18,,7.5,,ADMC1,6190,-120.79192,41.23583
223,2018-08-10 15:00:00,678.18,,11.4,,ADMC1,6190,-120.79192,41.23583
224,2018-08-10 16:00:00,680.72,,18.6,0.0,ADMC1,6190,-120.79192,41.23583
225,2018-08-10 17:00:00,683.26,,22.4,0.0,ADMC1,6190,-120.79192,41.23583
226,2018-08-10 18:00:00,685.8,,23.2,5.08,ADMC1,6190,-120.79192,41.23583
227,2018-08-10 19:00:00,685.8,,24.2,5.08,ADMC1,6190,-120.79192,41.23583
228,2018-08-10 20:00:00,688.34,,25.6,7.62,ADMC1,6190,-120.79192,41.23583
229,2018-08-10 21:00:00,690.88,,25.9,7.62,ADMC1,6190,-120.79192,41.23583
230,2018-08-10 22:00:00,690.88,,28.2,5.08,ADMC1,6190,-120.79192,41.23583
231,2018-08-10 23:00:00,690.88,,27.1,2.54,ADMC1,6190,-120.79192,41.23583
232,2018-08-11 00:00:00,690.88,,26.9,0.0,ADMC1,6190,-120.79192,41.23583
233,2018-08-11 01:00:00,690.88,,26.0,,ADMC1,6190,-120.79192,41.23583
234,2018-08-11 02:00:00,688.34,0.0,24.3,,ADMC1,6190,-120.79192,41.23583
235,2018-08-11 03:00:00,688.34,0.0,21.4,,ADMC1,6190,-120.79192,41.23583
236,2018-08-11 04:00:00,688.34,0.0,16.9,,ADMC1,6190,-120.79192,41.23583
237,2018-08-11 05:00:00,685.8,0.0,16.2,,ADMC1,6190,-120.79192,41.23583
238,2018-08-11 06:00:00,683.26,,14.6,,ADMC1,6190,-120.79192,41.23583
239,2018-08-11 07:00:00,683.26,,12.7,,ADMC1,6190,-120.79192,41.23583
240,2018-08-11 08:00:00,683.26,,11.9,,ADMC1,6190,-120.79192,41.23583
241,2018-08-11 09:00:00,680.72,,10.9,,ADMC1,6190,-120.79192,41.23583
242,2018-08-11 10:00:00,680.72,,10.5,,ADMC1,6190,-120.79192,41.23583
243,2018-08-11 11:00:00,680.72,,9.0,,ADMC1,6190,-120.79192,41.23583
244,2018-08-11 12:00:00,680.72,,8.4,,ADMC1,6190,-120.79192,41.23583
245,2018-08-11 13:00:00,678.18,,7.9,,ADMC1,6190,-120.79192,41.23583
246,2018-08-11 14:00:00,678.18,,8.3,,ADMC1,6190,-120.79192,41.23583
247,2018-08-11 15:00:00,678.18,,12.9,,ADMC1,6190,-120.79192,41.23583
248,2018-08-11 16:00:00,680.72,,19.8,0.0,ADMC1,6190,-120.79192,41.23583
249,2018-08-11 17:00:00,683.26,,21.9,0.0,ADMC1,6190,-120.79192,41.23583
250,2018-08-11 18:00:00,685.8,,21.9,2.54,ADMC1,6190,-120.79192,41.23583
251,2018-08-11 19:00:00,685.8,,23.2,5.08,ADMC1,6190,-120.79192,41.23583
252,2018-08-11 20:00:00,688.34,,24.1,7.62,ADMC1,6190,-120.79192,41.23583
253,2018-08-11 21:00:00,688.34,0.0,25.1,7.62,ADMC1,6190,-120.79192,41.23583
254,2018-08-11 22:00:00,690.88,,25.3,5.08,ADMC1,6190,-120.79192,41.23583
255,2018-08-11 23:00:00,690.88,,25.0,0.0,ADMC1,6190,-120.79192,41.23583
256,2018-08-12 00:00:00,688.34,,24.3,,ADMC1,6190,-120.79192,41.23583
257,2018-08-12 01:00:00,688.34,,23.7,,ADMC1,6190,-120.79192,41.23583
258,2018-08-12 02:00:00,688.34,,22.4,,ADMC1,6190,-120.79192,41.23583
259,2018-08-12 03:00:00,688.34,,19.9,,ADMC1,6190,-120.79192,41.23583
260,2018-08-12 04:00:00,685.8,,17.6,,ADMC1,6190,-120.79192,41.23583
261,2018-08-12 05:00:00,683.26,0.0,14.4,,ADMC1,6190,-120.79192,41.23583
262,2018-08-12 06:00:00,683.26,0.0,12.1,,ADMC1,6190,-120.79192,41.23583
263,2018-08-12 07:00:00,683.26,0.0,9.7,,ADMC1,6190,-120.79192,41.23583
264,2018-08-12 08:00:00,680.72,,8.6,,ADMC1,6190,-120.79192,41.23583
265,2018-08-12 09:00:00,680.72,,7.5,,ADMC1,6190,-120.79192,41.23583
266,2018-08-12 10:00:00,680.72,,6.7,,ADMC1,6190,-120.79192,41.23583
267,2018-08-12 11:00:00,678.18,,6.3,,ADMC1,6190,-120.79192,41.23583
268,2018-08-12 12:00:00,678.18,,5.7,,ADMC1,6190,-120.79192,41.23583
269,2018-08-12 13:00:00,678.18,,5.6,,ADMC1,6190,-120.79192,41.23583
270,2018-08-12 14:00:00,678.18,,5.5,,ADMC1,6190,-120.79192,41.23583
271,2018-08-12 15:00:00,678.18,,12.2,,ADMC1,6190,-120.79192,41.23583
272,2018-08-12 16:00:00,680.72,,19.7,0.0,ADMC1,6190,-120.79192,41.23583
273,2018-08-12 17:00:00,683.26,,22.2,0.0,ADMC1,6190,-120.79192,41.23583
274,2018-08-12 18:00:00,683.26,,23.4,5.08,ADMC1,6190,-120.79192,41.23583
275,2018-08-12 19:00:00,688.34,,23.8,7.62,ADMC1,6190,-120.79192,41.23583
276,2018-08-12 20:00:00,688.34,,24.6,7.62,ADMC1,6190,-120.79192,41.23583
277,2018-08-12 21:00:00,690.88,,24.3,10.16,ADMC1,6190,-120.79192,41.23583
278,2018-08-12 22:00:00,690.88,,25.3,7.62,ADMC1,6190,-120.79192,41.23583
279,2018-08-12 23:00:00,688.34,,25.1,0.0,ADMC1,6190,-120.79192,41.23583
280,2018-08-13 00:00:00,688.34,,24.0,,ADMC1,6190,-120.79192,41.23583
281,2018-08-13 01:00:00,688.34,,23.7,,ADMC1,6190,-120.79192,41.23583
282,2018-08-13 02:00:00,688.34,,22.5,,ADMC1,6190,-120.79192,41.23583
283,2018-08-13 03:00:00,688.34,,19.9,,ADMC1,6190,-120.79192,41.23583
284,2018-08-13 04:00:00,685.8,,18.0,,ADMC1,6190,-120.79192,41.23583
285,2018-08-13 05:00:00,685.8,,16.8,,ADMC1,6190,-120.79192,41.23583
286,2018-08-13 06:00:00,683.26,0.0,13.3,,ADMC1,6190,-120.79192,41.23583
287,2018-08-13 07:00:00,683.26,0.0,10.8,,ADMC1,6190,-120.79192,41.23583
288,2018-08-13 08:00:00,683.26,0.0,8.8,0.0,ADMC1,6190,-120.79192,41.23583
289,2018-08-13 09:00:00,680.72,,7.6,,ADMC1,6190,-120.79192,41.23583
290,2018-08-13 10:00:00,680.72,,6.3,,ADMC1,6190,-120.79192,41.23583
291,2018-08-13 11:00:00,678.18,,5.6,,ADMC1,6190,-120.79192,41.23583
292,2018-08-13 12:00:00,678.18,,4.8,,ADMC1,6190,-120.79192,41.23583
293,2018-08-13 13:00:00,678.18,,4.2,,ADMC1,6190,-120.79192,41.23583
294,2018-08-13 14:00:00,675.64,,4.8,,ADMC1,6190,-120.79192,41.23583
295,2018-08-13 15:00:00,675.64,,10.9,,ADMC1,6190,-120.79192,41.23583
296,2018-08-13 16:00:00,678.18,,18.3,0.0,ADMC1,6190,-120.79192,41.23583
297,2018-08-13 17:00:00,683.26,,22.2,0.0,ADMC1,6190,-120.79192,41.23583
298,2018-08-13 18:00:00,683.26,,23.2,5.08,ADMC1,6190,-120.79192,41.23583
299,2018-08-13 19:00:00,685.8,,23.5,7.62,ADMC1,6190,-120.79192,41.23583
300,2018-08-13 20:00:00,688.34,,25.1,7.62,ADMC1,6190,-120.79192,41.23583
301,2018-08-13 21:00:00,690.88,,25.6,7.62,ADMC1,6190,-120.79192,41.23583
302,2018-08-13 22:00:00,690.88,,25.0,5.08,ADMC1,6190,-120.79192,41.23583
303,2018-08-13 23:00:00,693.42,,25.0,0.0,ADMC1,6190,-120.79192,41.23583
304,2018-08-14 00:00:00,688.34,,24.6,,ADMC1,6190,-120.79192,41.23583
305,2018-08-14 01:00:00,690.88,,23.4,,ADMC1,6190,-120.79192,41.23583
306,2018-08-14 02:00:00,685.8,0.0,22.6,,ADMC1,6190,-120.79192,41.23583
307,2018-08-14 03:00:00,688.34,,19.3,,ADMC1,6190,-120.79192,41.23583
308,2018-08-14 04:00:00,685.8,0.0,15.8,,ADMC1,6190,-120.79192,41.23583
309,2018-08-14 05:00:00,683.26,,15.3,,ADMC1,6190,-120.79192,41.23583
310,2018-08-14 06:00:00,683.26,,13.2,,ADMC1,6190,-120.79192,41.23583
311,2018-08-14 07:00:00,683.26,0.0,10.1,,ADMC1,6190,-120.79192,41.23583
312,2018-08-14 08:00:00,683.26,0.0,8.5,,ADMC1,6190,-120.79192,41.23583
313,2018-08-14 09:00:00,680.72,0.0,8.2,,ADMC1,6190,-120.79192,41.23583
314,2018-08-14 10:00:00,678.18,0.0,6.9,,ADMC1,6190,-120.79192,41.23583
315,2018-08-14 11:00:00,678.18,,6.0,,ADMC1,6190,-120.79192,41.23583
316,2018-08-14 12:00:00,678.18,,5.4,,ADMC1,6190,-120.79192,41.23583
317,2018-08-14 13:00:00,678.18,,5.0,,ADMC1,6190,-120.79192,41.23583
318,2018-08-14 14:00:00,675.64,,4.6,,ADMC1,6190,-120.79192,41.23583
319,2018-08-14 15:00:00,675.64,,10.7,,ADMC1,6190,-120.79192,41.23583
320,2018-08-14 16:00:00,678.18,,17.9,0.0,ADMC1,6190,-120.79192,41.23583
321,2018-08-14 17:00:00,680.72,,22.6,0.0,ADMC1,6190,-120.79192,41.23583
322,2018-08-14 18:00:00,683.26,,24.4,5.08,ADMC1,6190,-120.79192,41.23583
323,2018-08-14 19:00:00,698.5,,24.7,7.62,ADMC1,6190,-120.79192,41.23583
324,2018-08-14 20:00:00,688.34,,25.5,7.62,ADMC1,6190,-120.79192,41.23583
325,2018-08-14 21:00:00,693.42,,25.3,7.62,ADMC1,6190,-120.79192,41.23583
326,2018-08-14 22:00:00,690.88,,26.0,5.08,ADMC1,6190,-120.79192,41.23583
327,2018-08-14 23:00:00,693.42,,26.0,2.54,ADMC1,6190,-120.79192,41.23583
328,2018-08-15 00:00:00,690.88,,25.9,0.0,ADMC1,6190,-120.79192,41.23583
329,2018-08-15 01:00:00,690.88,,24.5,,ADMC1,6190,-120.79192,41.23583
330,2018-08-15 02:00:00,690.88,,22.9,,ADMC1,6190,-120.79192,41.23583
331,2018-08-15 03:00:00,688.34,,21.0,,ADMC1,6190,-120.79192,41.23583
332,2018-08-15 04:00:00,685.8,,20.0,,ADMC1,6190,-120.79192,41.23583
333,2018-08-15 05:00:00,685.8,,19.3,,ADMC1,6190,-120.79192,41.23583
334,2018-08-15 06:00:00,685.8,0.0,18.5,,ADMC1,6190,-120.79192,41.23583
335,2018-08-15 07:00:00,683.26,,17.5,,ADMC1,6190,-120.79192,41.23583
336,2018-08-15 08:00:00,683.26,0.0,16.2,,ADMC1,6190,-120.79192,41.23583
337,2018-08-15 09:00:00,683.26,,15.7,,ADMC1,6190,-120.79192,41.23583
338,2018-08-15 10:00:00,683.26,,14.1,,ADMC1,6190,-120.79192,41.23583
339,2018-08-15 11:00:00,683.26,0.0,13.7,,ADMC1,6190,-120.79192,41.23583
340,2018-08-15 12:00:00,683.26,,12.7,,ADMC1,6190,-120.79192,41.23583
341,2018-08-15 13:00:00,683.26,,11.7,,ADMC1,6190,-120.79192,41.23583
342,2018-08-15 14:00:00,680.72,,11.8,,ADMC1,6190,-120.79192,41.23583
343,2018-08-15 15:00:00,680.72,0.0,13.8,0.0,ADMC1,6190,-120.79192,41.23583
344,2018-08-15 16:00:00,683.26,0.0,15.1,0.0,ADMC1,6190,-120.79192,41.23583
345,2018-08-15 17:00:00,683.26,,15.0,0.0,ADMC1,6190,-120.79192,41.23583
346,2018-08-15 18:00:00,683.26,,18.9,0.0,ADMC1,6190,-120.79192,41.23583
347,2018-08-15 19:00:00,685.8,,24.0,2.54,ADMC1,6190,-120.79192,41.23583
348,2018-08-15 20:00:00,685.8,,24.2,5.08,ADMC1,6190,-120.79192,41.23583
349,2018-08-15 21:00:00,688.34,,25.1,5.08,ADMC1,6190,-120.79192,41.23583
350,2018-08-15 22:00:00,690.88,,26.5,5.08,ADMC1,6190,-120.79192,41.23583
351,2018-08-15 23:00:00,690.88,,26.2,2.54,ADMC1,6190,-120.79192,41.23583
352,2018-08-16 00:00:00,690.88,,26.0,0.0,ADMC1,6190,-120.79192,41.23583
353,2018-08-16 01:00:00,690.88,,24.3,,ADMC1,6190,-120.79192,41.23583
354,2018-08-16 02:00:00,690.88,,22.3,,ADMC1,6190,-120.79192,41.23583
355,2018-08-16 03:00:00,688.34,0.0,19.6,,ADMC1,6190,-120.79192,41.23583
356,2018-08-16 04:00:00,685.8,,18.5,,ADMC1,6190,-120.79192,41.23583
357,2018-08-16 05:00:00,685.8,,16.9,,ADMC1,6190,-120.79192,41.23583
358,2018-08-16 06:00:00,685.8,,14.6,,ADMC1,6190,-120.79192,41.23583
359,2018-08-16 07:00:00,683.26,,12.6,,ADMC1,6190,-120.79192,41.23583
360,2018-08-16 08:00:00,683.26,0.0,11.9,0.0,ADMC1,6190,-120.79192,41.23583
361,2018-08-16 09:00:00,680.72,0.0,10.1,,ADMC1,6190,-120.79192,41.23583
362,2018-08-16 10:00:00,680.72,,8.5,,ADMC1,6190,-120.79192,41.23583
363,2018-08-16 11:00:00,680.72,,7.7,,ADMC1,6190,-120.79192,41.23583
364,2018-08-16 12:00:00,680.72,0.0,7.4,,ADMC1,6190,-120.79192,41.23583
365,2018-08-16 13:00:00,678.18,0.0,6.7,,ADMC1,6190,-120.79192,41.23583
366,2018-08-16 14:00:00,678.18,0.0,6.3,,ADMC1,6190,-120.79192,41.23583
367,2018-08-16 15:00:00,678.18,,14.8,0.0,ADMC1,6190,-120.79192,41.23583
368,2018-08-16 16:00:00,680.72,,21.2,0.0,ADMC1,6190,-120.79192,41.23583
369,2018-08-16 17:00:00,688.34,,22.6,2.54,ADMC1,6190,-120.79192,41.23583
370,2018-08-16 18:00:00,685.8,0.0,22.9,5.08,ADMC1,6190,-120.79192,41.23583
371,2018-08-16 19:00:00,685.8,,24.5,7.62,ADMC1,6190,-120.79192,41.23583
372,2018-08-16 20:00:00,688.34,,25.1,7.62,ADMC1,6190,-120.79192,41.23583
373,2018-08-16 21:00:00,690.88,,24.5,7.62,ADMC1,6190,-120.79192,41.23583
374,2018-08-16 22:00:00,693.42,,25.2,5.08,ADMC1,6190,-120.79192,41.23583
375,2018-08-16 23:00:00,690.88,,24.5,2.54,ADMC1,6190,-120.79192,41.23583
376,2018-08-17 00:00:00,688.34,,23.8,,ADMC1,6190,-120.79192,41.23583
377,2018-08-17 01:00:00,688.34,,21.8,,ADMC1,6190,-120.79192,41.23583
378,2018-08-17 02:00:00,688.34,,20.0,,ADMC1,6190,-120.79192,41.23583
379,2018-08-17 03:00:00,685.8,,19.0,,ADMC1,6190,-120.79192,41.23583
380,2018-08-17 04:00:00,683.26,,18.1,,ADMC1,6190,-120.79192,41.23583
381,2018-08-17 05:00:00,685.8,,15.4,,ADMC1,6190,-120.79192,41.23583
382,2018-08-17 06:00:00,683.26,,13.2,,ADMC1,6190,-120.79192,41.23583
383,2018-08-17 07:00:00,683.26,0.0,11.4,,ADMC1,6190,-120.79192,41.23583
384,2018-08-17 08:00:00,683.26,0.0,10.3,,ADMC1,6190,-120.79192,41.23583
385,2018-08-17 09:00:00,680.72,,9.9,,ADMC1,6190,-120.79192,41.23583
386,2018-08-17 10:00:00,680.72,0.0,8.6,,ADMC1,6190,-120.79192,41.23583
387,2018-08-17 11:00:00,678.18,0.0,7.7,,ADMC1,6190,-120.79192,41.23583
388,2018-08-17 12:00:00,678.18,0.0,6.3,,ADMC1,6190,-120.79192,41.23583
389,2018-08-17 13:00:00,678.18,0.0,5.1,,ADMC1,6190,-120.79192,41.23583
390,2018-08-17 14:00:00,678.18,0.0,4.8,,ADMC1,6190,-120.79192,41.23583
391,2018-08-17 15:00:00,678.18,,7.6,,ADMC1,6190,-120.79192,41.23583
392,2018-08-17 16:00:00,678.18,,13.8,,ADMC1,6190,-120.79192,41.23583
393,2018-08-17 17:00:00,680.72,,19.8,0.0,ADMC1,6190,-120.79192,41.23583
394,2018-08-17 18:00:00,680.72,,21.7,5.08,ADMC1,6190,-120.79192,41.23583
395,2018-08-17 19:00:00,718.82,,22.1,5.08,ADMC1,6190,-120.79192,41.23583
396,2018-08-17 20:00:00,688.34,,23.9,7.62,ADMC1,6190,-120.79192,41.23583
397,2018-08-17 21:00:00,688.34,,23.4,5.08,ADMC1,6190,-120.79192,41.23583
398,2018-08-17 22:00:00,690.88,,23.3,2.54,ADMC1,6190,-120.79192,41.23583
399,2018-08-17 23:00:00,690.88,,23.4,0.0,ADMC1,6190,-120.79192,41.23583
400,2018-08-18 00:00:00,690.88,,24.0,,ADMC1,6190,-120.79192,41.23583
401,2018-08-18 01:00:00,685.8,,22.7,,ADMC1,6190,-120.79192,41.23583
402,2018-08-18 02:00:00,688.34,,21.9,,ADMC1,6190,-120.79192,41.23583
403,2018-08-18 03:00:00,688.34,,17.3,,ADMC1,6190,-120.79192,41.23583
404,2018-08-18 04:00:00,685.8,0.0,16.2,,ADMC1,6190,-120.79192,41.23583
405,2018-08-18 05:00:00,683.26,,13.9,,ADMC1,6190,-120.79192,41.23583
406,2018-08-18 06:00:00,683.26,,11.3,,ADMC1,6190,-120.79192,41.23583
407,2018-08-18 07:00:00,683.26,,9.6,,ADMC1,6190,-120.79192,41.23583
408,2018-08-18 08:00:00,680.72,0.0,8.1,,ADMC1,6190,-120.79192,41.23583
409,2018-08-18 09:00:00,680.72,0.0,7.1,,ADMC1,6190,-120.79192,41.23583
410,2018-08-18 10:00:00,678.18,,6.2,,ADMC1,6190,-120.79192,41.23583
411,2018-08-18 11:00:00,678.18,0.0,5.5,,ADMC1,6190,-120.79192,41.23583
412,2018-08-18 12:00:00,678.18,0.0,4.7,,ADMC1,6190,-120.79192,41.23583
413,2018-08-18 13:00:00,678.18,0.0,3.9,,ADMC1,6190,-120.79192,41.23583
414,2018-08-18 14:00:00,675.64,0.0,4.0,,ADMC1,6190,-120.79192,41.23583
415,2018-08-18 15:00:00,675.64,,8.7,,ADMC1,6190,-120.79192,41.23583
416,2018-08-18 16:00:00,678.18,,16.0,0.0,ADMC1,6190,-120.79192,41.23583
417,2018-08-18 17:00:00,680.72,,21.3,2.54,ADMC1,6190,-120.79192,41.23583
418,2018-08-18 18:00:00,683.26,,23.2,7.62,ADMC1,6190,-120.79192,41.23583
419,2018-08-18 19:00:00,685.8,,22.9,7.62,ADMC1,6190,-120.79192,41.23583
420,2018-08-18 20:00:00,688.34,,24.3,7.62,ADMC1,6190,-120.79192,41.23583
421,2018-08-18 21:00:00,693.42,,25.2,7.62,ADMC1,6190,-120.79192,41.23583
422,2018-08-18 22:00:00,690.88,,25.5,5.08,ADMC1,6190,-120.79192,41.23583
423,2018-08-18 23:00:00,690.88,,26.2,2.54,ADMC1,6190,-120.79192,41.23583
424,2018-08-19 00:00:00,688.34,,24.9,,ADMC1,6190,-120.79192,41.23583
425,2018-08-19 01:00:00,690.88,,23.6,,ADMC1,6190,-120.79192,41.23583
426,2018-08-19 02:00:00,688.34,,22.6,,ADMC1,6190,-120.79192,41.23583
427,2018-08-19 03:00:00,688.34,,19.6,,ADMC1,6190,-120.79192,41.23583
428,2018-08-19 04:00:00,685.8,,14.9,,ADMC1,6190,-120.79192,41.23583
429,2018-08-19 05:00:00,683.26,,16.0,,ADMC1,6190,-120.79192,41.23583
430,2018-08-19 06:00:00,683.26,,13.1,,ADMC1,6190,-120.79192,41.23583
431,2018-08-19 07:00:00,683.26,0.0,10.9,,ADMC1,6190,-120.79192,41.23583
432,2018-08-19 08:00:00,680.72,,10.4,,ADMC1,6190,-120.79192,41.23583
433,2018-08-19 09:00:00,680.72,,10.1,,ADMC1,6190,-120.79192,41.23583
434,2018-08-19 10:00:00,680.72,0.0,7.9,,ADMC1,6190,-120.79192,41.23583
435,2018-08-19 11:00:00,680.72,0.0,6.6,,ADMC1,6190,-120.79192,41.23583
436,2018-08-19 12:00:00,678.18,,5.6,,ADMC1,6190,-120.79192,41.23583
437,2018-08-19 13:00:00,678.18,,5.1,,ADMC1,6190,-120.79192,41.23583
438,2018-08-19 14:00:00,678.18,,4.9,,ADMC1,6190,-120.79192,41.23583
439,2018-08-19 15:00:00,678.18,,10.9,,ADMC1,6190,-120.79192,41.23583
440,2018-08-19 16:00:00,680.72,,17.3,0.0,ADMC1,6190,-120.79192,41.23583
441,2018-08-19 17:00:00,683.26,,20.9,2.54,ADMC1,6190,-120.79192,41.23583
442,2018-08-19 18:00:00,683.26,,22.0,7.62,ADMC1,6190,-120.79192,41.23583
