,date_time,volt_set_1,snow_water_equiv_set_1,precip_accum_one_hour_set_1,precip_accum_set_1,snow_depth_set_1,air_temp_set_1,_meta_station_id,_meta_elevation,_meta_longitude,_meta_latitude
0,2018-08-01 00:00:00,12.4,,,20.32,768.096,27.78,BFLC1,5100,-122.94333,41.08500
1,2018-08-01 01:00:00,12.3,,,5.08,771.144,26.11,BFLC1,5100,-122.94333,41.08500
2,2018-08-01 02:00:00,12.3,,17.78,22.86,771.144,25.56,BFLC1,5100,-122.94333,41.08500
3,2018-08-01 03:00:00,12.2,,0.0,22.86,771.144,22.22,BFLC1,5100,-122.94333,41.08500
4,2018-08-01 04:00:00,12.2,,5.08,27.94,771.144,20.0,BFLC1,5100,-122.94333,41.08500
5,2018-08-01 05:00:00,12.2,,0.0,27.94,771.144,17.78,BFLC1,5100,-122.94333,41.08500
6,2018-08-01 06:00:00,12.1,,,25.4,768.096,15.56,BFLC1,5100,-122.94333,41.08500
7,2018-08-01 07:00:00,12.1,,0.0,25.4,768.096,13.89,BFLC1,5100,-122.94333,41.08500
8,2018-08-01 08:00:00,12.1,,0.0,25.4,765.048,12.22,BFLC1,5100,-122.94333,41.08500
9,2018-08-01 09:00:00,12.1,,0.0,25.4,765.048,11.11,BFLC1,5100,-122.94333,41.08500
10,2018-08-01 10:00:00,12.1,,2.54,27.94,762.0,10.56,BFLC1,5100,-122.94333,41.08500
11,2018-08-01 11:00:00,12.1,,,25.4,762.0,10.0,BFLC1,5100,-122.94333,41.08500
12,2018-08-01 12:00:00,12.1,,7.62,33.02,762.0,10.56,BFLC1,5100,-122.94333,41.08500
13,2018-08-01 13:00:00,12.1,,,27.94,758.952,9.44,BFLC1,5100,-122.94333,41.08500
14,2018-08-01 14:00:00,12.1,,,25.4,758.952,9.44,BFLC1,5100,-122.94333,41.08500
15,2018-08-01 15:00:00,12.1,,0.0,25.4,758.952,10.56,BFLC1,5100,-122.94333,41.08500
16,2018-08-01 16:00:00,12.1,,2.54,27.94,755.904,15.56,BFLC1,5100,-122.94333,41.08500
17,2018-08-01 17:00:00,12.3,,,10.16,755.904,21.11,BFLC1,5100,-122.94333,41.08500
18,2018-08-01 18:00:00,12.5,,15.24,25.4,755.904,24.44,BFLC1,5100,-122.94333,41.08500
19,2018-08-01 19:00:00,12.6,,,2.54,758.952,27.78,BFLC1,5100,-122.94333,41.08500
20,2018-08-01 20:00:00,12.6,,,,762.0,30.0,BFLC1,5100,-122.94333,41.08500
21,2018-08-01 21:00:00,12.5,,30.48,27.94,762.0,29.44,BFLC1,5100,-122.94333,41.08500
22,2018-08-01 22:00:00,12.5,,,0.0,765.048,30.0,BFLC1,5100,-122.94333,41.08500
23,2018-08-01 23:00:00,12.4,,38.1,38.1,768.096,30.0,BFLC1,5100,-122.94333,41.08500
24,2018-08-02 00:00:00,12.4,,7.62,45.72,771.144,27.22,BFLC1,5100,-122.94333,41.08500
25,2018-08-02 01:00:00,12.3,,,12.7,771.144,25.0,BFLC1,5100,-122.94333,41.08500
26,2018-08-02 02:00:00,12.3,,0.0,12.7,771.144,22.78,BFLC1,5100,-122.94333,41.08500
27,2018-08-02 03:00:00,12.2,,7.62,20.32,771.144,21.67,BFLC1,5100,-122.94333,41.08500
28,2018-08-02 04:00:00,12.2,,0.0,20.32,771.144,18.89,BFLC1,5100,-122.94333,41.08500
29,2018-08-02 05:00:00,12.1,,43.18,63.5,768.096,18.33,BFLC1,5100,-122.94333,41.08500
30,2018-08-02 06:00:00,12.1,,,30.48,768.096,16.67,BFLC1,5100,-122.94333,41.08500
31,2018-08-02 07:00:00,12.1,,2.54,33.02,768.096,13.89,BFLC1,5100,-122.94333,41.08500
32,2018-08-02 08:00:00,12.1,,,25.4,765.048,11.11,BFLC1,5100,-122.94333,41.08500
33,2018-08-02 09:00:00,12.1,,0.0,25.4,765.048,11.11,BFLC1,5100,-122.94333,41.08500
34,2018-08-02 10:00:00,12.1,,0.0,25.4,762.0,10.0,BFLC1,5100,-122.94333,41.08500
35,2018-08-02 11:00:00,12.1,,2.54,27.94,762.0,9.44,BFLC1,5100,-122.94333,41.08500
36,2018-08-02 12:00:00,12.1,,2.54,30.48,758.952,8.89,BFLC1,5100,-122.94333,41.08500
37,2018-08-02 13:00:00,12.1,,30.48,60.96,758.952,7.78,BFLC1,5100,-122.94333,41.08500
38,2018-08-02 14:00:00,12.0,,,25.4,758.952,8.33,BFLC1,5100,-122.94333,41.08500
39,2018-08-02 15:00:00,12.0,,5.08,30.48,755.904,7.78,BFLC1,5100,-122.94333,41.08500
40,2018-08-02 16:00:00,12.1,,5.08,35.56,755.904,15.0,BFLC1,5100,-122.94333,41.08500
41,2018-08-02 17:00:00,12.1,,,10.16,755.904,19.44,BFLC1,5100,-122.94333,41.08500
42,2018-08-02 18:00:00,12.2,,,,755.904,24.44,BFLC1,5100,-122.94333,41.08500
43,2018-08-02 19:00:00,12.7,,22.86,7.62,755.904,28.33,BFLC1,5100,-122.94333,41.08500
44,2018-08-02 20:00:00,12.7,,2.54,10.16,758.952,28.33,BFLC1,5100,-122.94333,41.08500
45,2018-08-02 21:00:00,12.6,,20.32,30.48,762.0,28.89,BFLC1,5100,-122.94333,41.08500
46,2018-08-02 22:00:00,12.5,,,7.62,765.048,28.33,BFLC1,5100,-122.94333,41.08500
47,2018-08-02 23:00:00,12.5,,7.62,15.24,768.096,27.78,BFLC1,5100,-122.94333,41.08500
48,2018-08-03 00:00:00,12.4,,,12.7,768.096,26.11,BFLC1,5100,-122.94333,41.08500
49,2018-08-03 01:00:00,12.3,,5.08,17.78,771.144,23.89,BFLC1,5100,-122.94333,41.08500
50,2018-08-03 02:00:00,12.3,,7.62,25.4,771.144,21.67,BFLC1,5100,-122.94333,41.08500
51,2018-08-03 03:00:00,12.2,,10.16,35.56,771.144,19.44,BFLC1,5100,-122.94333,41.08500
52,2018-08-03 04:00:00,12.2,,15.24,50.8,768.096,18.33,BFLC1,5100,-122.94333,41.08500
53,2018-08-03 05:00:00,12.1,,10.16,60.96,768.096,17.22,BFLC1,5100,-122.94333,41.08500
54,2018-08-03 06:00:00,12.1,,7.62,68.58,768.096,14.44,BFLC1,5100,-122.94333,41.08500
55,2018-08-03 07:00:00,12.1,,,66.04,765.048,13.33,BFLC1,5100,-122.94333,41.08500
56,2018-08-03 08:00:00,12.1,,,63.5,765.048,12.22,BFLC1,5100,-122.94333,41.08500
57,2018-08-03 09:00:00,12.1,,5.08,68.58,762.0,8.89,BFLC1,5100,-122.94333,41.08500
58,2018-08-03 10:00:00,12.1,,,27.94,762.0,8.89,BFLC1,5100,-122.94333,41.08500
59,2018-08-03 11:00:00,12.1,,,22.86,762.0,7.78,BFLC1,5100,-122.94333,41.08500
60,2018-08-03 12:00:00,12.1,,7.62,30.48,758.952,7.22,BFLC1,5100,-122.94333,41.08500
61,2018-08-03 13:00:00,12.1,,,27.94,758.952,5.56,BFLC1,5100,-122.94333,41.08500
62,2018-08-03 14:00:00,12.0,,0.0,27.94,755.904,6.11,BFLC1,5100,-122.94333,41.08500
63,2018-08-03 15:00:00,12.0,,0.0,27.94,755.904,6.67,BFLC1,5100,-122.94333,41.08500
64,2018-08-03 16:00:00,12.0,,2.54,30.48,755.904,12.78,BFLC1,5100,-122.94333,41.08500
65,2018-08-03 17:00:00,12.1,,,20.32,752.856,18.89,BFLC1,5100,-122.94333,41.08500
66,2018-08-03 18:00:00,12.2,,,7.62,752.856,22.78,BFLC1,5100,-122.94333,41.08500
67,2018-08-03 19:00:00,12.9,,5.08,12.7,755.904,26.11,BFLC1,5100,-122.94333,41.08500
68,2018-08-03 20:00:00,12.8,,,10.16,758.952,27.78,BFLC1,5100,-122.94333,41.08500
69,2018-08-03 21:00:00,12.7,,,5.08,762.0,27.78,BFLC1,5100,-122.94333,41.08500
70,2018-08-03 22:00:00,12.6,,,2.54,762.0,26.67,BFLC1,5100,-122.94333,41.08500
71,2018-08-03 23:00:00,12.6,,17.78,20.32,765.048,26.67,BFLC1,5100,-122.94333,41.08500
72,2018-08-04 00:00:00,12.5,,30.48,50.8,768.096,24.44,BFLC1,5100,-122.94333,41.08500
73,2018-08-04 01:00:00,12.4,,,25.4,768.096,22.78,BFLC1,5100,-122.94333,41.08500
74,2018-08-04 02:00:00,12.2,,,22.86,768.096,20.56,BFLC1,5100,-122.94333,41.08500
75,2018-08-04 03:00:00,12.2,,5.08,27.94,768.096,17.78,BFLC1,5100,-122.94333,41.08500
76,2018-08-04 04:00:00,12.2,,0.0,27.94,768.096,16.67,BFLC1,5100,-122.94333,41.08500
77,2018-08-04 05:00:00,12.1,,17.78,45.72,768.096,14.44,BFLC1,5100,-122.94333,41.08500
78,2018-08-04 06:00:00,12.1,,5.08,50.8,765.048,12.78,BFLC1,5100,-122.94333,41.08500
79,2018-08-04 07:00:00,12.1,,,33.02,765.048,10.56,BFLC1,5100,-122.94333,41.08500
80,2018-08-04 08:00:00,12.1,,,30.48,762.0,10.0,BFLC1,5100,-122.94333,41.08500
81,2018-08-04 09:00:00,12.1,,0.0,30.48,762.0,7.78,BFLC1,5100,-122.94333,41.08500
82,2018-08-04 10:00:00,12.1,,2.54,33.02,762.0,7.22,BFLC1,5100,-122.94333,41.08500
83,2018-08-04 11:00:00,12.1,,20.32,53.34,758.952,7.22,BFLC1,5100,-122.94333,41.08500
84,2018-08-04 12:00:00,12.1,,,38.1,758.952,5.56,BFLC1,5100,-122.94333,41.08500
85,2018-08-04 13:00:00,12.1,,,35.56,755.904,6.11,BFLC1,5100,-122.94333,41.08500
86,2018-08-04 14:00:00,12.0,,,27.94,755.904,5.56,BFLC1,5100,-122.94333,41.08500
87,2018-08-04 15:00:00,12.0,,,25.4,752.856,7.22,BFLC1,5100,-122.94333,41.08500
88,2018-08-04 16:00:00,12.1,,0.0,25.4,752.856,11.67,BFLC1,5100,-122.94333,41.08500
89,2018-08-04 17:00:00,12.1,,,10.16,752.856,17.78,BFLC1,5100,-122.94333,41.08500
90,2018-08-04 18:00:00,12.3,,2.54,12.7,752.856,22.22,BFLC1,5100,-122.94333,41.08500
91,2018-08-04 19:00:00,12.8,,10.16,22.86,755.904,22.22,BFLC1,5100,-122.94333,41.08500
92,2018-08-04 20:00:00,12.8,,5.08,27.94,755.904,23.89,BFLC1,5100,-122.94333,41.08500
93,2018-08-04 21:00:00,12.7,,,7.62,758.952,25.0,BFLC1,5100,-122.94333,41.08500
94,2018-08-04 22:00:00,12.6,,,5.08,762.0,23.89,BFLC1,5100,-122.94333,41.08500
95,2018-08-04 23:00:00,12.5,,15.24,20.32,765.048,23.33,BFLC1,5100,-122.94333,41.08500
96,2018-08-05 00:00:00,12.5,,5.08,25.4,765.048,21.67,BFLC1,5100,-122.94333,41.08500
97,2018-08-05 01:00:00,12.4,,2.54,27.94,765.048,20.0,BFLC1,5100,-122.94333,41.08500
98,2018-08-05 02:00:00,12.2,,,22.86,765.048,18.33,BFLC1,5100,-122.94333,41.08500
99,2018-08-05 03:00:00,12.2,,5.08,27.94,765.048,17.22,BFLC1,5100,-122.94333,41.08500
100,2018-08-05 04:00:00,12.2,,0.0,27.94,765.048,14.44,BFLC1,5100,-122.94333,41.08500
101,2018-08-05 05:00:00,12.1,,,25.4,765.048,13.89,BFLC1,5100,-122.94333,41.08500
102,2018-08-05 06:00:00,12.1,,0.0,25.4,765.048,12.78,BFLC1,5100,-122.94333,41.08500
103,2018-08-05 07:00:00,12.1,,0.0,25.4,762.0,10.56,BFLC1,5100,-122.94333,41.08500
104,2018-08-05 08:00:00,12.1,,0.0,25.4,762.0,9.44,BFLC1,5100,-122.94333,41.08500
105,2018-08-05 09:00:00,12.1,,2.54,27.94,762.0,7.78,BFLC1,5100,-122.94333,41.08500
106,2018-08-05 10:00:00,12.1,,,22.86,758.952,7.78,BFLC1,5100,-122.94333,41.08500
107,2018-08-05 11:00:00,12.1,,7.62,30.48,758.952,7.22,BFLC1,5100,-122.94333,41.08500
108,2018-08-05 12:00:00,12.1,,,22.86,755.904,6.11,BFLC1,5100,-122.94333,41.08500
109,2018-08-05 13:00:00,12.0,,5.08,27.94,755.904,6.67,BFLC1,5100,-122.94333,41.08500
110,2018-08-05 14:00:00,12.0,,2.54,30.48,755.904,6.67,BFLC1,5100,-122.94333,41.08500
111,2018-08-05 15:00:00,12.0,,2.54,33.02,752.856,6.67,BFLC1,5100,-122.94333,41.08500
112,2018-08-05 16:00:00,12.1,,,27.94,752.856,12.22,BFLC1,5100,-122.94333,41.08500
113,2018-08-05 17:00:00,12.2,,,15.24,752.856,18.89,BFLC1,5100,-122.94333,41.08500
114,2018-08-05 18:00:00,12.4,,,,752.856,23.33,BFLC1,5100,-122.94333,41.08500
115,2018-08-05 19:00:00,12.8,,25.4,12.7,755.904,24.44,BFLC1,5100,-122.94333,41.08500
116,2018-08-05 20:00:00,12.7,,,7.62,755.904,25.56,BFLC1,5100,-122.94333,41.08500
117,2018-08-05 21:00:00,12.6,,,5.08,758.952,25.0,BFLC1,5100,-122.94333,41.08500
118,2018-08-05 22:00:00,12.4,,5.08,10.16,762.0,25.0,BFLC1,5100,-122.94333,41.08500
119,2018-08-05 23:00:00,12.5,,20.32,30.48,762.0,23.33,BFLC1,5100,-122.94333,41.08500
120,2018-08-06 00:00:00,12.4,,,15.24,765.048,23.33,BFLC1,5100,-122.94333,41.08500
121,2018-08-06 01:00:00,12.4,,2.54,17.78,765.048,22.22,BFLC1,5100,-122.94333,41.08500
122,2018-08-06 02:00:00,12.3,,15.24,33.02,765.048,20.0,BFLC1,5100,-122.94333,41.08500
123,2018-08-06 03:00:00,12.2,,7.62,40.64,765.048,17.78,BFLC1,5100,-122.94333,41.08500
124,2018-08-06 04:00:00,12.2,,,33.02,765.048,16.11,BFLC1,5100,-122.94333,41.08500
125,2018-08-06 05:00:00,12.2,,,27.94,765.048,15.0,BFLC1,5100,-122.94333,41.08500
126,2018-08-06 06:00:00,12.1,,2.54,30.48,765.048,11.67,BFLC1,5100,-122.94333,41.08500
127,2018-08-06 07:00:00,12.1,,,25.4,762.0,11.11,BFLC1,5100,-122.94333,41.08500
128,2018-08-06 08:00:00,12.1,,7.62,33.02,762.0,8.89,BFLC1,5100,-122.94333,41.08500
129,2018-08-06 09:00:00,12.1,,,30.48,762.0,8.33,BFLC1,5100,-122.94333,41.08500
130,2018-08-06 10:00:00,12.1,,2.54,33.02,758.952,8.33,BFLC1,5100,-122.94333,41.08500
131,2018-08-06 11:00:00,12.1,,,30.48,758.952,7.78,BFLC1,5100,-122.94333,41.08500
132,2018-08-06 12:00:00,12.0,,2.54,33.02,755.904,7.22,BFLC1,5100,-122.94333,41.08500
133,2018-08-06 13:00:00,12.0,,0.0,33.02,755.904,6.11,BFLC1,5100,-122.94333,41.08500
134,2018-08-06 14:00:00,12.1,,0.0,33.02,755.904,6.11,BFLC1,5100,-122.94333,41.08500
135,2018-08-06 15:00:00,12.0,,,30.48,752.856,6.67,BFLC1,5100,-122.94333,41.08500
136,2018-08-06 16:00:00,12.0,,0.0,30.48,752.856,12.78,BFLC1,5100,-122.94333,41.08500
137,2018-08-06 17:00:00,12.1,,0.0,30.48,752.856,18.89,BFLC1,5100,-122.94333,41.08500
138,2018-08-06 18:00:00,12.2,,,10.16,752.856,23.33,BFLC1,5100,-122.94333,41.08500
139,2018-08-06 19:00:00,12.8,,20.32,30.48,755.904,27.22,BFLC1,5100,-122.94333,41.08500
140,2018-08-06 20:00:00,12.7,,,,758.952,28.33,BFLC1,5100,-122.94333,41.08500
141,2018-08-06 21:00:00,12.6,,0.0,,762.0,28.33,BFLC1,5100,-122.94333,41.08500
142,2018-08-06 22:00:00,12.5,,7.62,2.54,762.0,28.89,BFLC1,5100,-122.94333,41.08500
143,2018-08-06 23:00:00,12.5,,43.18,45.72,765.048,28.33,BFLC1,5100,-122.94333,41.08500
144,2018-08-07 00:00:00,12.4,,10.16,55.88,768.096,26.67,BFLC1,5100,-122.94333,41.08500
145,2018-08-07 01:00:00,12.3,,,38.1,768.096,23.89,BFLC1,5100,-122.94333,41.08500
146,2018-08-07 02:00:00,12.2,,12.7,50.8,768.096,21.67,BFLC1,5100,-122.94333,41.08500
147,2018-08-07 03:00:00,12.2,,2.54,53.34,768.096,20.56,BFLC1,5100,-122.94333,41.08500
148,2018-08-07 04:00:00,12.2,,2.54,55.88,768.096,19.44,BFLC1,5100,-122.94333,41.08500
149,2018-08-07 05:00:00,12.1,,,40.64,768.096,17.78,BFLC1,5100,-122.94333,41.08500
150,2018-08-07 06:00:00,12.1,,45.72,86.36,768.096,16.67,BFLC1,5100,-122.94333,41.08500
151,2018-08-07 07:00:00,12.1,,,78.74,765.048,12.78,BFLC1,5100,-122.94333,41.08500
152,2018-08-07 08:00:00,12.1,,12.7,91.44,765.048,11.11,BFLC1,5100,-122.94333,41.08500
153,2018-08-07 09:00:00,12.1,,,88.9,762.0,10.0,BFLC1,5100,-122.94333,41.08500
154,2018-08-07 10:00:00,12.1,,,30.48,762.0,9.44,BFLC1,5100,-122.94333,41.08500
155,2018-08-07 11:00:00,12.1,,2.54,33.02,762.0,9.44,BFLC1,5100,-122.94333,41.08500
156,2018-08-07 12:00:00,12.1,,,30.48,758.952,8.89,BFLC1,5100,-122.94333,41.08500
157,2018-08-07 13:00:00,12.1,,,27.94,758.952,8.33,BFLC1,5100,-122.94333,41.08500
158,2018-08-07 14:00:00,12.0,,5.08,33.02,755.904,9.44,BFLC1,5100,-122.94333,41.08500
159,2018-08-07 15:00:00,12.0,,0.0,33.02,755.904,10.56,BFLC1,5100,-122.94333,41.08500
160,2018-08-07 16:00:00,12.1,,0.0,33.02,755.904,15.0,BFLC1,5100,-122.94333,41.08500
161,2018-08-07 17:00:00,12.2,,,17.78,755.904,21.67,BFLC1,5100,-122.94333,41.08500
162,2018-08-07 18:00:00,12.5,,,5.08,755.904,26.67,BFLC1,5100,-122.94333,41.08500
163,2018-08-07 19:00:00,12.7,,,2.54,755.904,29.44,BFLC1,5100,-122.94333,41.08500
164,2018-08-07 20:00:00,12.6,,,,758.952,30.0,BFLC1,5100,-122.94333,41.08500
165,2018-08-07 21:00:00,12.5,,5.08,2.54,762.0,31.11,BFLC1,5100,-122.94333,41.08500
166,2018-08-07 22:00:00,12.5,,,0.0,765.048,31.11,BFLC1,5100,-122.94333,41.08500
167,2018-08-07 23:00:00,12.4,,5.08,5.08,768.096,30.56,BFLC1,5100,-122.94333,41.08500
168,2018-08-08 00:00:00,12.4,,15.24,20.32,771.144,27.78,BFLC1,5100,-122.94333,41.08500
169,2018-08-08 01:00:00,12.3,,,17.78,771.144,26.11,BFLC1,5100,-122.94333,41.08500
170,2018-08-08 02:00:00,12.3,,0.0,17.78,771.144,24.44,BFLC1,5100,-122.94333,41.08500
171,2018-08-08 03:00:00,12.3,,0.0,17.78,771.144,22.22,BFLC1,5100,-122.94333,41.08500
172,2018-08-08 04:00:00,12.2,,2.54,20.32,771.144,20.0,BFLC1,5100,-122.94333,41.08500
173,2018-08-08 05:00:00,12.2,,,10.16,771.144,17.78,BFLC1,5100,-122.94333,41.08500
174,2018-08-08 06:00:00,12.1,,15.24,25.4,768.096,16.11,BFLC1,5100,-122.94333,41.08500
175,2018-08-08 07:00:00,12.1,,0.0,25.4,768.096,13.89,BFLC1,5100,-122.94333,41.08500
176,2018-08-08 08:00:00,12.1,,2.54,27.94,768.096,12.78,BFLC1,5100,-122.94333,41.08500
177,2018-08-08 09:00:00,12.1,,,25.4,765.048,11.67,BFLC1,5100,-122.94333,41.08500
178,2018-08-08 10:00:00,12.1,,0.0,25.4,765.048,11.67,BFLC1,5100,-122.94333,41.08500
179,2018-08-08 11:00:00,12.1,,0.0,25.4,762.0,11.11,BFLC1,5100,-122.94333,41.08500
180,2018-08-08 12:00:00,12.1,,2.54,27.94,762.0,10.0,BFLC1,5100,-122.94333,41.08500
181,2018-08-08 13:00:00,12.1,,0.0,27.94,758.952,10.0,BFLC1,5100,-122.94333,41.08500
182,2018-08-08 14:00:00,12.1,,,22.86,758.952,8.89,BFLC1,5100,-122.94333,41.08500
183,2018-08-08 15:00:00,12.1,,7.62,30.48,758.952,10.0,BFLC1,5100,-122.94333,41.08500
184,2018-08-08 16:00:00,12.1,,,25.4,755.904,15.56,BFLC1,5100,-122.94333,41.08500
185,2018-08-08 17:00:00,12.2,,2.54,27.94,755.904,22.22,BFLC1,5100,-122.94333,41.08500
186,2018-08-08 18:00:00,12.4,,,5.08,755.904,28.33,BFLC1,5100,-122.94333,41.08500
187,2018-08-08 19:00:00,12.7,,,,758.952,29.44,BFLC1,5100,-122.94333,41.08500
188,2018-08-08 20:00:00,12.6,,2.54,,762.0,32.78,BFLC1,5100,-122.94333,41.08500
189,2018-08-08 21:00:00,12.5,,7.62,5.08,762.0,30.0,BFLC1,5100,-122.94333,41.08500
190,2018-08-08 22:00:00,12.4,,,2.54,765.048,29.44,BFLC1,5100,-122.94333,41.08500
191,2018-08-08 23:00:00,12.4,,2.54,5.08,768.096,29.44,BFLC1,5100,-122.94333,41.08500
192,2018-08-09 00:00:00,12.4,,38.1,43.18,771.144,27.78,BFLC1,5100,-122.94333,41.08500
193,2018-08-09 01:00:00,12.3,,5.08,48.26,771.144,25.56,BFLC1,5100,-122.94333,41.08500
194,2018-08-09 02:00:00,12.3,,,12.7,771.144,25.0,BFLC1,5100,-122.94333,41.08500
195,2018-08-09 03:00:00,12.3,,,10.16,771.144,21.67,BFLC1,5100,-122.94333,41.08500
196,2018-08-09 04:00:00,12.2,,15.24,25.4,771.144,18.89,BFLC1,5100,-122.94333,41.08500
197,2018-08-09 05:00:00,12.1,,,17.78,771.144,17.78,BFLC1,5100,-122.94333,41.08500
198,2018-08-09 06:00:00,12.1,,,10.16,768.096,16.67,BFLC1,5100,-122.94333,41.08500
199,2018-08-09 07:00:00,12.1,,15.24,25.4,768.096,14.44,BFLC1,5100,-122.94333,41.08500
200,2018-08-09 08:00:00,12.1,,,22.86,765.048,14.44,BFLC1,5100,-122.94333,41.08500
201,2018-08-09 09:00:00,12.1,,,15.24,765.048,13.33,BFLC1,5100,-122.94333,41.08500
202,2018-08-09 10:00:00,12.1,,5.08,20.32,765.048,11.67,BFLC1,5100,-122.94333,41.08500
203,2018-08-09 11:00:00,12.1,,0.0,20.32,762.0,11.11,BFLC1,5100,-122.94333,41.08500
204,2018-08-09 12:00:00,12.1,,5.08,25.4,762.0,10.56,BFLC1,5100,-122.94333,41.08500
205,2018-08-09 13:00:00,12.1,,2.54,27.94,758.952,10.0,BFLC1,5100,-122.94333,41.08500
206,2018-08-09 14:00:00,12.1,,7.62,35.56,758.952,10.56,BFLC1,5100,-122.94333,41.08500
207,2018-08-09 15:00:00,12.0,,,33.02,758.952,11.11,BFLC1,5100,-122.94333,41.08500
208,2018-08-09 16:00:00,12.1,,,20.32,758.952,15.56,BFLC1,5100,-122.94333,41.08500
209,2018-08-09 17:00:00,12.3,,,7.62,755.904,22.78,BFLC1,5100,-122.94333,41.08500
210,2018-08-09 18:00:00,12.5,,,5.08,755.904,28.33,BFLC1,5100,-122.94333,41.08500
211,2018-08-09 19:00:00,12.6,,,0.0,758.952,31.11,BFLC1,5100,-122.94333,41.08500
212,2018-08-09 20:00:00,12.6,,0.0,0.0,762.0,32.78,BFLC1,5100,-122.94333,41.08500
213,2018-08-09 21:00:00,12.5,,,,765.048,32.22,BFLC1,5100,-122.94333,41.08500
214,2018-08-09 22:00:00,12.4,,10.16,,768.096,31.11,BFLC1,5100,-122.94333,41.08500
215,2018-08-09 23:00:00,12.4,,22.86,15.24,768.096,28.89,BFLC1,5100,-122.94333,41.08500
216,2018-08-10 00:00:00,12.3,,,12.7,771.144,28.33,BFLC1,5100,-122.94333,41.08500
217,2018-08-10 01:00:00,12.3,,,10.16,771.144,27.22,BFLC1,5100,-122.94333,41.08500
218,2018-08-10 02:00:00,12.3,,,,771.144,25.0,BFLC1,5100,-122.94333,41.08500
219,2018-08-10 03:00:00,12.2,,,,771.144,23.89,BFLC1,5100,-122.94333,41.08500
220,2018-08-10 04:00:00,12.2,,35.56,20.32,771.144,20.56,BFLC1,5100,-122.94333,41.08500
221,2018-08-10 05:00:00,12.1,,,17.78,771.144,20.0,BFLC1,5100,-122.94333,41.08500
222,2018-08-10 06:00:00,12.1,,2.54,20.32,771.144,16.67,BFLC1,5100,-122.94333,41.08500
223,2018-08-10 07:00:00,12.1,,5.08,25.4,768.096,16.11,BFLC1,5100,-122.94333,41.08500
224,2018-08-10 08:00:00,12.1,,0.0,25.4,768.096,14.44,BFLC1,5100,-122.94333,41.08500
225,2018-08-10 09:00:00,12.1,,5.08,30.48,765.048,13.33,BFLC1,5100,-122.94333,41.08500
226,2018-08-10 10:00:00,12.1,,,25.4,765.048,12.22,BFLC1,5100,-122.94333,41.08500
227,2018-08-10 11:00:00,12.1,,,20.32,762.0,12.22,BFLC1,5100,-122.94333,41.08500
228,2018-08-10 12:00:00,12.1,,7.62,27.94,762.0,11.11,BFLC1,5100,-122.94333,41.08500
229,2018-08-10 13:00:00,12.1,,,22.86,762.0,10.56,BFLC1,5100,-122.94333,41.08500
230,2018-08-10 14:00:00,12.1,,2.54,25.4,758.952,8.89,BFLC1,5100,-122.94333,41.08500
231,2018-08-10 15:00:00,12.1,,,22.86,758.952,10.0,BFLC1,5100,-122.94333,41.08500
232,2018-08-10 16:00:00,12.1,,5.08,27.94,758.952,15.0,BFLC1,5100,-122.94333,41.08500
233,2018-08-10 17:00:00,12.1,,,0.0,755.904,22.78,BFLC1,5100,-122.94333,41.08500
234,2018-08-10 18:00:00,12.2,,10.16,10.16,755.904,28.89,BFLC1,5100,-122.94333,41.08500
235,2018-08-10 19:00:00,12.8,,,,758.952,31.11,BFLC1,5100,-122.94333,41.08500
236,2018-08-10 20:00:00,12.7,,30.48,10.16,762.0,31.67,BFLC1,5100,-122.94333,41.08500
237,2018-08-10 21:00:00,12.7,,17.78,27.94,765.048,31.67,BFLC1,5100,-122.94333,41.08500
238,2018-08-10 22:00:00,12.6,,,20.32,768.096,30.0,BFLC1,5100,-122.94333,41.08500
239,2018-08-10 23:00:00,12.6,,17.78,38.1,768.096,30.0,BFLC1,5100,-122.94333,41.08500
240,2018-08-11 00:00:00,12.4,,,12.7,771.144,28.89,BFLC1,5100,-122.94333,41.08500
241,2018-08-11 01:00:00,12.4,,7.62,20.32,771.144,27.78,BFLC1,5100,-122.94333,41.08500
242,2018-08-11 02:00:00,12.2,,,12.7,771.144,25.0,BFLC1,5100,-122.94333,41.08500
243,2018-08-11 03:00:00,12.2,,10.16,22.86,771.144,23.33,BFLC1,5100,-122.94333,41.08500
244,2018-08-11 04:00:00,12.2,,,17.78,771.144,20.56,BFLC1,5100,-122.94333,41.08500
245,2018-08-11 05:00:00,12.1,,0.0,17.78,771.144,18.33,BFLC1,5100,-122.94333,41.08500
246,2018-08-11 06:00:00,12.1,,5.08,22.86,768.096,15.56,BFLC1,5100,-122.94333,41.08500
247,2018-08-11 07:00:00,12.1,,2.54,25.4,768.096,15.0,BFLC1,5100,-122.94333,41.08500
248,2018-08-11 08:00:00,12.1,,0.0,25.4,768.096,13.89,BFLC1,5100,-122.94333,41.08500
249,2018-08-11 09:00:00,12.1,,2.54,27.94,765.048,12.78,BFLC1,5100,-122.94333,41.08500
250,2018-08-11 10:00:00,12.1,,2.54,30.48,765.048,11.67,BFLC1,5100,-122.94333,41.08500
251,2018-08-11 11:00:00,12.1,,,25.4,762.0,13.33,BFLC1,5100,-122.94333,41.08500
252,2018-08-11 12:00:00,12.1,,5.08,30.48,762.0,12.22,BFLC1,5100,-122.94333,41.08500
253,2018-08-11 13:00:00,12.1,,,22.86,758.952,11.67,BFLC1,5100,-122.94333,41.08500
254,2018-08-11 14:00:00,12.1,,5.08,27.94,758.952,9.44,BFLC1,5100,-122.94333,41.08500
255,2018-08-11 15:00:00,12.1,,7.62,35.56,758.952,10.0,BFLC1,5100,-122.94333,41.08500
256,2018-08-11 16:00:00,12.1,,,30.48,755.904,15.56,BFLC1,5100,-122.94333,41.08500
257,2018-08-11 17:00:00,12.1,,,25.4,755.904,17.22,BFLC1,5100,-122.94333,41.08500
258,2018-08-11 18:00:00,12.1,,,2.54,755.904,22.78,BFLC1,5100,-122.94333,41.08500
259,2018-08-11 19:00:00,12.8,,17.78,20.32,758.952,26.11,BFLC1,5100,-122.94333,41.08500
260,2018-08-11 20:00:00,12.8,,5.08,25.4,758.952,28.33,BFLC1,5100,-122.94333,41.08500
261,2018-08-11 21:00:00,12.7,,,2.54,762.0,28.33,BFLC1,5100,-122.94333,41.08500
262,2018-08-11 22:00:00,12.6,,,0.0,765.048,28.89,BFLC1,5100,-122.94333,41.08500
263,2018-08-11 23:00:00,12.5,,15.24,15.24,768.096,26.67,BFLC1,5100,-122.94333,41.08500
264,2018-08-12 00:00:00,12.4,,0.0,15.24,768.096,26.11,BFLC1,5100,-122.94333,41.08500
265,2018-08-12 01:00:00,12.2,,0.0,15.24,771.144,24.44,BFLC1,5100,-122.94333,41.08500
266,2018-08-12 02:00:00,12.2,,7.62,22.86,771.144,21.67,BFLC1,5100,-122.94333,41.08500
267,2018-08-12 03:00:00,12.2,,0.0,22.86,771.144,19.44,BFLC1,5100,-122.94333,41.08500
268,2018-08-12 04:00:00,12.1,,10.16,33.02,768.096,17.78,BFLC1,5100,-122.94333,41.08500
269,2018-08-12 05:00:00,12.1,,2.54,35.56,768.096,16.11,BFLC1,5100,-122.94333,41.08500
270,2018-08-12 06:00:00,12.1,,,30.48,768.096,13.89,BFLC1,5100,-122.94333,41.08500
271,2018-08-12 07:00:00,12.1,,,27.94,765.048,11.11,BFLC1,5100,-122.94333,41.08500
272,2018-08-12 08:00:00,12.1,,7.62,35.56,765.048,10.56,BFLC1,5100,-122.94333,41.08500
273,2018-08-12 09:00:00,12.1,,2.54,38.1,762.0,8.89,BFLC1,5100,-122.94333,41.08500
274,2018-08-12 10:00:00,12.1,,,35.56,762.0,8.89,BFLC1,5100,-122.94333,41.08500
275,2018-08-12 11:00:00,12.1,,,27.94,758.952,7.78,BFLC1,5100,-122.94333,41.08500
276,2018-08-12 12:00:00,12.1,,5.08,33.02,758.952,7.78,BFLC1,5100,-122.94333,41.08500
277,2018-08-12 13:00:00,12.1,,0.0,33.02,755.904,6.67,BFLC1,5100,-122.94333,41.08500
278,2018-08-12 14:00:00,12.0,,,30.48,755.904,6.67,BFLC1,5100,-122.94333,41.08500
279,2018-08-12 15:00:00,12.0,,0.0,30.48,755.904,8.33,BFLC1,5100,-122.94333,41.08500
280,2018-08-12 16:00:00,12.1,,,27.94,752.856,12.78,BFLC1,5100,-122.94333,41.08500
281,2018-08-12 17:00:00,12.2,,,17.78,752.856,20.56,BFLC1,5100,-122.94333,41.08500
282,2018-08-12 18:00:00,12.4,,,2.54,752.856,23.89,BFLC1,5100,-122.94333,41.08500
283,2018-08-12 19:00:00,12.8,,5.08,7.62,755.904,26.67,BFLC1,5100,-122.94333,41.08500
284,2018-08-12 20:00:00,12.7,,,5.08,758.952,28.89,BFLC1,5100,-122.94333,41.08500
285,2018-08-12 21:00:00,12.6,,,,762.0,28.89,BFLC1,5100,-122.94333,41.08500
286,2018-08-12 22:00:00,12.5,,5.08,0.0,765.048,28.33,BFLC1,5100,-122.94333,41.08500
287,2018-08-12 23:00:00,12.5,,15.24,15.24,765.048,28.89,BFLC1,5100,-122.94333,41.08500
288,2018-08-13 00:00:00,12.4,,10.16,25.4,768.096,26.11,BFLC1,5100,-122.94333,41.08500
289,2018-08-13 01:00:00,12.3,,,15.24,768.096,25.0,BFLC1,5100,-122.94333,41.08500
290,2018-08-13 02:00:00,12.3,,,12.7,768.096,22.78,BFLC1,5100,-122.94333,41.08500
291,2018-08-13 03:00:00,12.2,,7.62,20.32,768.096,21.11,BFLC1,5100,-122.94333,41.08500
292,2018-08-13 04:00:00,12.2,,,15.24,768.096,19.44,BFLC1,5100,-122.94333,41.08500
293,2018-08-13 05:00:00,12.2,,,12.7,768.096,15.56,BFLC1,5100,-122.94333,41.08500
294,2018-08-13 06:00:00,12.1,,7.62,20.32,768.096,13.89,BFLC1,5100,-122.94333,41.08500
295,2018-08-13 07:00:00,12.1,,,15.24,765.048,12.22,BFLC1,5100,-122.94333,41.08500
296,2018-08-13 08:00:00,12.1,,0.0,15.24,765.048,11.11,BFLC1,5100,-122.94333,41.08500
297,2018-08-13 09:00:00,12.1,,10.16,25.4,762.0,11.11,BFLC1,5100,-122.94333,41.08500
298,2018-08-13 10:00:00,12.1,,,17.78,762.0,9.44,BFLC1,5100,-122.94333,41.08500
299,2018-08-13 11:00:00,12.1,,12.7,30.48,762.0,9.44,BFLC1,5100,-122.94333,41.08500
300,2018-08-13 12:00:00,12.1,,2.54,33.02,758.952,8.89,BFLC1,5100,-122.94333,41.08500
301,2018-08-13 14:00:00,12.0,,,27.94,755.904,7.78,BFLC1,5100,-122.94333,41.08500
302,2018-08-13 15:00:00,12.0,,5.08,33.02,755.904,8.89,BFLC1,5100,-122.94333,41.08500
303,2018-08-13 16:00:00,12.1,,,20.32,755.904,12.78,BFLC1,5100,-122.94333,41.08500
304,2018-08-13 17:00:00,12.2,,,10.16,755.904,20.0,BFLC1,5100,-122.94333,41.08500
305,2018-08-13 18:00:00,12.5,,10.16,20.32,755.904,23.89,BFLC1,5100,-122.94333,41.08500
306,2018-08-13 19:00:00,12.7,,,5.08,755.904,26.67,BFLC1,5100,-122.94333,41.08500
307,2018-08-13 20:00:00,12.7,,,,758.952,27.22,BFLC1,5100,-122.94333,41.08500
308,2018-08-13 21:00:00,12.5,,,,762.0,26.67,BFLC1,5100,-122.94333,41.08500
309,2018-08-13 22:00:00,12.5,,15.24,7.62,762.0,27.78,BFLC1,5100,-122.94333,41.08500
310,2018-08-13 23:00:00,12.4,,,0.0,765.048,27.78,BFLC1,5100,-122.94333,41.08500
311,2018-08-14 00:00:00,12.4,,12.7,12.7,768.096,26.67,BFLC1,5100,-122.94333,41.08500
312,2018-08-14 01:00:00,12.3,,,10.16,768.096,23.89,BFLC1,5100,-122.94333,41.08500
313,2018-08-14 02:00:00,12.3,,5.08,15.24,768.096,22.22,BFLC1,5100,-122.94333,41.08500
314,2018-08-14 03:00:00,12.2,,,12.7,768.096,20.0,BFLC1,5100,-122.94333,41.08500
315,2018-08-14 04:00:00,12.2,,15.24,27.94,768.096,17.22,BFLC1,5100,-122.94333,41.08500
316,2018-08-14 05:00:00,12.1,,15.24,43.18,768.096,14.44,BFLC1,5100,-122.94333,41.08500
317,2018-08-14 06:00:00,12.1,,,27.94,765.048,13.33,BFLC1,5100,-122.94333,41.08500
318,2018-08-14 07:00:00,12.1,,,25.4,765.048,11.67,BFLC1,5100,-122.94333,41.08500
319,2018-08-14 08:00:00,12.1,,0.0,25.4,765.048,10.56,BFLC1,5100,-122.94333,41.08500
320,2018-08-14 09:00:00,12.1,,2.54,27.94,762.0,10.56,BFLC1,5100,-122.94333,41.08500
321,2018-08-14 10:00:00,12.1,,2.54,30.48,762.0,8.89,BFLC1,5100,-122.94333,41.08500
322,2018-08-14 11:00:00,12.1,,0.0,30.48,758.952,8.89,BFLC1,5100,-122.94333,41.08500
323,2018-08-14 12:00:00,12.1,,,27.94,758.952,7.78,BFLC1,5100,-122.94333,41.08500
324,2018-08-14 13:00:00,12.0,,2.54,30.48,755.904,7.78,BFLC1,5100,-122.94333,41.08500
325,2018-08-14 14:00:00,12.0,,,27.94,755.904,8.89,BFLC1,5100,-122.94333,41.08500
326,2018-08-14 15:00:00,12.0,,2.54,30.48,755.904,8.33,BFLC1,5100,-122.94333,41.08500
327,2018-08-14 16:00:00,12.1,,0.0,30.48,755.904,12.78,BFLC1,5100,-122.94333,41.08500
328,2018-08-14 17:00:00,12.2,,,5.08,752.856,20.56,BFLC1,5100,-122.94333,41.08500
329,2018-08-14 18:00:00,12.4,,,2.54,752.856,25.0,BFLC1,5100,-122.94333,41.08500
330,2018-08-14 19:00:00,12.7,,,,755.904,27.78,BFLC1,5100,-122.94333,41.08500
331,2018-08-14 20:00:00,12.7,,5.08,0.0,758.952,30.0,BFLC1,5100,-122.94333,41.08500
332,2018-08-14 21:00:00,12.6,,12.7,12.7,762.0,30.0,BFLC1,5100,-122.94333,41.08500
333,2018-08-14 22:00:00,12.5,,,,765.048,28.89,BFLC1,5100,-122.94333,41.08500
334,2018-08-14 23:00:00,12.4,,10.16,5.08,765.048,28.33,BFLC1,5100,-122.94333,41.08500
335,2018-08-15 00:00:00,12.4,,2.54,7.62,768.096,27.22,BFLC1,5100,-122.94333,41.08500
336,2018-08-15 01:00:00,12.3,,25.4,33.02,768.096,25.0,BFLC1,5100,-122.94333,41.08500
337,2018-08-15 02:00:00,12.3,,,17.78,768.096,22.78,BFLC1,5100,-122.94333,41.08500
338,2018-08-15 03:00:00,12.2,,,10.16,768.096,20.56,BFLC1,5100,-122.94333,41.08500
339,2018-08-15 04:00:00,12.2,,7.62,17.78,768.096,17.78,BFLC1,5100,-122.94333,41.08500
340,2018-08-15 05:00:00,12.1,,10.16,27.94,768.096,15.0,BFLC1,5100,-122.94333,41.08500
341,2018-08-15 06:00:00,12.1,,5.08,33.02,768.096,14.44,BFLC1,5100,-122.94333,41.08500
342,2018-08-15 07:00:00,12.1,,7.62,40.64,765.048,13.33,BFLC1,5100,-122.94333,41.08500
343,2018-08-15 08:00:00,12.1,,,30.48,765.048,12.78,BFLC1,5100,-122.94333,41.08500
344,2018-08-15 09:00:00,12.1,,7.62,38.1,762.0,11.11,BFLC1,5100,-122.94333,41.08500
345,2018-08-15 10:00:00,12.1,,,27.94,762.0,11.11,BFLC1,5100,-122.94333,41.08500
346,2018-08-15 11:00:00,12.1,,0.0,27.94,758.952,10.0,BFLC1,5100,-122.94333,41.08500
347,2018-08-15 12:00:00,12.1,,2.54,30.48,758.952,10.0,BFLC1,5100,-122.94333,41.08500
348,2018-08-15 13:00:00,12.1,,0.0,30.48,758.952,8.89,BFLC1,5100,-122.94333,41.08500
349,2018-08-15 14:00:00,12.1,,,20.32,755.904,9.44,BFLC1,5100,-122.94333,41.08500
350,2018-08-15 15:00:00,12.1,,7.62,27.94,755.904,8.89,BFLC1,5100,-122.94333,41.08500
351,2018-08-15 16:00:00,12.1,,2.54,30.48,755.904,13.33,BFLC1,5100,-122.94333,41.08500
352,2018-08-15 17:00:00,12.2,,,10.16,755.904,21.11,BFLC1,5100,-122.94333,41.08500
353,2018-08-15 18:00:00,12.5,,10.16,20.32,755.904,23.33,BFLC1,5100,-122.94333,41.08500
354,2018-08-15 19:00:00,12.7,,,12.7,755.904,26.11,BFLC1,5100,-122.94333,41.08500
355,2018-08-15 20:00:00,12.6,,,,758.952,26.67,BFLC1,5100,-122.94333,41.08500
356,2018-08-15 21:00:00,12.5,,,,762.0,28.33,BFLC1,5100,-122.94333,41.08500
357,2018-08-15 22:00:00,12.4,,7.62,,762.0,29.44,BFLC1,5100,-122.94333,41.08500
358,2018-08-15 23:00:00,12.4,,20.32,17.78,765.048,28.33,BFLC1,5100,-122.94333,41.08500
359,2018-08-16 00:00:00,12.4,,,5.08,768.096,26.11,BFLC1,5100,-122.94333,41.08500
360,2018-08-16 01:00:00,12.3,,12.7,17.78,768.096,25.56,BFLC1,5100,-122.94333,41.08500
361,2018-08-16 02:00:00,12.3,,0.0,17.78,768.096,22.78,BFLC1,5100,-122.94333,41.08500
362,2018-08-16 03:00:00,12.2,,,15.24,768.096,20.56,BFLC1,5100,-122.94333,41.08500
363,2018-08-16 04:00:00,12.2,,10.16,25.4,768.096,17.22,BFLC1,5100,-122.94333,41.08500
364,2018-08-16 05:00:00,12.2,,5.08,30.48,768.096,15.0,BFLC1,5100,-122.94333,41.08500
365,2018-08-16 06:00:00,12.1,,0.0,30.48,765.048,13.89,BFLC1,5100,-122.94333,41.08500
366,2018-08-16 07:00:00,12.1,,,22.86,765.048,12.78,BFLC1,5100,-122.94333,41.08500
367,2018-08-16 08:00:00,12.1,,12.7,35.56,765.048,11.11,BFLC1,5100,-122.94333,41.08500
368,2018-08-16 09:00:00,12.1,,,25.4,762.0,11.11,BFLC1,5100,-122.94333,41.08500
369,2018-08-16 10:00:00,12.1,,5.08,30.48,762.0,10.0,BFLC1,5100,-122.94333,41.08500
370,2018-08-16 11:00:00,12.1,,5.08,35.56,758.952,9.44,BFLC1,5100,-122.94333,41.08500
371,2018-08-16 12:00:00,12.1,,,27.94,758.952,9.44,BFLC1,5100,-122.94333,41.08500
372,2018-08-16 13:00:00,12.1,,2.54,30.48,758.952,10.0,BFLC1,5100,-122.94333,41.08500
373,2018-08-16 14:00:00,12.1,,5.08,35.56,755.904,8.89,BFLC1,5100,-122.94333,41.08500
374,2018-08-16 15:00:00,12.0,,,33.02,755.904,8.89,BFLC1,5100,-122.94333,41.08500
375,2018-08-16 16:00:00,12.1,,,30.48,755.904,13.89,BFLC1,5100,-122.94333,41.08500
376,2018-08-16 17:00:00,12.2,,,12.7,755.904,21.67,BFLC1,5100,-122.94333,41.08500
377,2018-08-16 18:00:00,12.3,,10.16,22.86,,26.11,BFLC1,5100,-122.94333,41.08500
378,2018-08-16 19:00:00,12.7,,,20.32,,27.78,BFLC1,5100,-122.94333,41.08500
379,2018-08-16 20:00:00,12.6,,,640.08,,27.22,BFLC1,5100,-122.94333,41.08500
380,2018-08-16 21:00:00,12.6,,,,,28.33,BFLC1,5100,-122.94333,41.08500
381,2018-08-16 22:00:00,12.5,0.254,10.16,7.62,6.096,28.33,BFLC1,5100,-122.94333,41.08500
382,2018-08-16 23:00:00,12.4,1.016,17.78,25.4,6.096,27.78,BFLC1,5100,-122.94333,41.08500
383,2018-08-17 00:00:00,12.3,1.524,2.54,27.94,6.096,26.67,BFLC1,5100,-122.94333,41.08500
384,2018-08-17 01:00:00,12.3,1.778,10.16,38.1,6.096,25.0,BFLC1,5100,-122.94333,41.08500
385,2018-08-17 02:00:00,12.3,1.778,,20.32,6.096,22.22,BFLC1,5100,-122.94333,41.08500
386,2018-08-17 03:00:00,12.2,1.778,2.54,22.86,6.096,19.44,BFLC1,5100,-122.94333,41.08500
387,2018-08-17 04:00:00,12.2,1.778,0.0,22.86,6.096,18.33,BFLC1,5100,-122.94333,41.08500
388,2018-08-17 05:00:00,12.1,1.778,2.54,25.4,6.096,16.11,BFLC1,5100,-122.94333,41.08500
389,2018-08-17 06:00:00,12.1,1.778,,20.32,6.096,13.89,BFLC1,5100,-122.94333,41.08500
390,2018-08-17 07:00:00,12.1,1.778,2.54,22.86,6.096,12.22,BFLC1,5100,-122.94333,41.08500
391,2018-08-17 08:00:00,12.1,1.778,5.08,27.94,6.096,10.0,BFLC1,5100,-122.94333,41.08500
392,2018-08-17 09:00:00,12.1,1.778,5.08,33.02,3.048,8.89,BFLC1,5100,-122.94333,41.08500
393,2018-08-17 10:00:00,12.1,1.778,,27.94,3.048,8.89,BFLC1,5100,-122.94333,41.08500
394,2018-08-17 11:00:00,12.1,1.778,0.0,27.94,3.048,7.22,BFLC1,5100,-122.94333,41.08500
395,2018-08-17 12:00:00,12.1,1.778,5.08,33.02,3.048,7.78,BFLC1,5100,-122.94333,41.08500
396,2018-08-17 13:00:00,12.0,1.778,0.0,33.02,3.048,7.22,BFLC1,5100,-122.94333,41.08500
397,2018-08-17 14:00:00,12.0,1.778,,27.94,0.0,7.22,BFLC1,5100,-122.94333,41.08500
398,2018-08-17 15:00:00,12.0,1.524,2.54,30.48,0.0,8.33,BFLC1,5100,-122.94333,41.08500
399,2018-08-17 16:00:00,12.1,1.524,5.08,35.56,0.0,12.22,BFLC1,5100,-122.94333,41.08500
400,2018-08-17 17:00:00,12.2,1.27,,5.08,0.0,20.56,BFLC1,5100,-122.94333,41.08500
401,2018-08-17 18:00:00,12.5,0.508,0.0,5.08,0.0,25.56,BFLC1,5100,-122.94333,41.08500
402,2018-08-17 19:00:00,12.7,0.254,5.08,10.16,3.048,27.78,BFLC1,5100,-122.94333,41.08500
403,2018-08-17 20:00:00,12.6,0.254,,0.0,6.096,29.44,BFLC1,5100,-122.94333,41.08500
404,2018-08-17 21:00:00,12.6,0.0,20.32,20.32,6.096,29.44,BFLC1,5100,-122.94333,41.08500
405,2018-08-17 22:00:00,12.5,0.254,,15.24,9.144,30.0,BFLC1,5100,-122.94333,41.08500
406,2018-08-17 23:00:00,12.4,1.016,5.08,20.32,9.144,28.89,BFLC1,5100,-122.94333,41.08500
407,2018-08-18 00:00:00,12.3,1.524,25.4,45.72,12.192,27.22,BFLC1,5100,-122.94333,41.08500
408,2018-08-18 01:00:00,12.3,1.778,15.24,60.96,12.192,25.56,BFLC1,5100,-122.94333,41.08500
409,2018-08-18 02:00:00,12.3,1.778,,20.32,12.192,22.22,BFLC1,5100,-122.94333,41.08500
410,2018-08-18 03:00:00,12.2,2.032,5.08,25.4,12.192,20.56,BFLC1,5100,-122.94333,41.08500
411,2018-08-18 04:00:00,12.2,2.032,2.54,27.94,9.144,17.78,BFLC1,5100,-122.94333,41.08500
412,2018-08-18 05:00:00,12.1,2.032,2.54,30.48,9.144,15.0,BFLC1,5100,-122.94333,41.08500
413,2018-08-18 06:00:00,12.1,2.032,5.08,35.56,9.144,12.22,BFLC1,5100,-122.94333,41.08500
414,2018-08-18 07:00:00,12.1,2.032,,27.94,9.144,11.67,BFLC1,5100,-122.94333,41.08500
415,2018-08-18 08:00:00,12.1,1.778,0.0,27.94,6.096,10.56,BFLC1,5100,-122.94333,41.08500
416,2018-08-18 09:00:00,12.1,1.778,5.08,33.02,6.096,8.89,BFLC1,5100,-122.94333,41.08500
417,2018-08-18 10:00:00,12.1,1.778,0.0,33.02,6.096,8.33,BFLC1,5100,-122.94333,41.08500
418,2018-08-18 11:00:00,12.1,1.778,,25.4,3.048,8.33,BFLC1,5100,-122.94333,41.08500
419,2018-08-18 12:00:00,12.1,1.778,7.62,33.02,3.048,9.44,BFLC1,5100,-122.94333,41.08500
420,2018-08-18 13:00:00,12.1,1.778,0.0,33.02,3.048,9.44,BFLC1,5100,-122.94333,41.08500
421,2018-08-18 14:00:00,12.0,1.778,0.0,33.02,3.048,8.89,BFLC1,5100,-122.94333,41.08500
422,2018-08-18 15:00:00,12.1,1.778,0.0,33.02,3.048,8.89,BFLC1,5100,-122.94333,41.08500
423,2018-08-18 16:00:00,12.1,1.524,0.0,33.02,3.048,12.78,BFLC1,5100,-122.94333,41.08500
424,2018-08-18 17:00:00,12.2,1.27,,20.32,0.0,20.56,BFLC1,5100,-122.94333,41.08500
425,2018-08-18 18:00:00,12.5,0.762,,12.7,3.048,24.44,BFLC1,5100,-122.94333,41.08500
426,2018-08-18 19:00:00,12.8,0.508,,0.0,3.048,28.89,BFLC1,5100,-122.94333,41.08500
427,2018-08-18 20:00:00,12.7,0.508,15.24,15.24,6.096,29.44,BFLC1,5100,-122.94333,41.08500
428,2018-08-18 21:00:00,12.6,0.254,,,6.096,30.56,BFLC1,5100,-122.94333,41.08500
429,2018-08-18 22:00:00,12.5,0.508,20.32,2.54,9.144,30.56,BFLC1,5100,-122.94333,41.08500
430,2018-08-18 23:00:00,12.5,1.016,43.18,45.72,9.144,30.0,BFLC1,5100,-122.94333,41.08500
431,2018-08-19 00:00:00,12.4,1.524,,35.56,12.192,27.78,BFLC1,5100,-122.94333,41.08500
432,2018-08-19 01:00:00,12.4,1.778,,27.94,12.192,26.11,BFLC1,5100,-122.94333,41.08500
433,2018-08-19 02:00:00,12.3,1.778,7.62,35.56,12.192,23.89,BFLC1,5100,-122.94333,41.08500
434,2018-08-19 03:00:00,12.2,2.032,,25.4,12.192,22.22,BFLC1,5100,-122.94333,41.08500
435,2018-08-19 04:00:00,12.2,2.032,25.4,50.8,12.192,20.56,BFLC1,5100,-122.94333,41.08500
436,2018-08-19 05:00:00,12.2,2.032,2.54,53.34,9.144,16.11,BFLC1,5100,-122.94333,41.08500
437,2018-08-19 06:00:00,12.1,2.032,,48.26,9.144,15.0,BFLC1,5100,-122.94333,41.08500
438,2018-08-19 07:00:00,12.1,2.032,10.16,58.42,9.144,13.33,BFLC1,5100,-122.94333,41.08500
439,2018-08-19 08:00:00,12.1,2.032,,55.88,9.144,12.22,BFLC1,5100,-122.94333,41.08500
440,2018-08-19 09:00:00,12.1,2.032,,53.34,6.096,10.56,BFLC1,5100,-122.94333,41.08500
441,2018-08-19 10:00:00,12.1,2.032,10.16,63.5,6.096,10.56,BFLC1,5100,-122.94333,41.08500
442,2018-08-19 11:00:00,12.1,1.778,,50.8,6.096,9.44,BFLC1,5100,-122.94333,41.08500
443,2018-08-19 12:00:00,12.1,1.778,15.24,66.04,6.096,8.89,BFLC1,5100,-122.94333,41.08500
444,2018-08-19 13:00:00,12.1,1.778,0.0,66.04,3.048,8.33,BFLC1,5100,-122.94333,41.08500
445,2018-08-19 14:00:00,12.1,1.778,,63.5,3.048,8.33,BFLC1,5100,-122.94333,41.08500
446,2018-08-19 15:00:00,12.1,1.778,2.54,66.04,3.048,8.33,BFLC1,5100,-122.94333,41.08500
447,2018-08-19 16:00:00,12.1,1.778,,53.34,3.048,13.89,BFLC1,5100,-122.94333,41.08500
448,2018-08-19 17:00:00,12.2,1.27,,10.16,3.048,21.11,BFLC1,5100,-122.94333,41.08500
449,2018-08-19 18:00:00,12.2,0.254,,,3.048,28.89,BFLC1,5100,-122.94333,41.08500
