,date_time,wind_cardinal_direction_set_1d,fuel_moisture_set_1,soil_moisture_set_1,wind_gust_set_1,volt_set_1,dew_point_temperature_set_1d,peak_wind_direction_set_1,fuel_temp_set_1,precip_accum_set_1,heat_index_set_1d,wind_direction_set_1,wind_speed_set_1,soil_temp_set_1,peak_wind_speed_set_1,solar_radiation_set_1,relative_humidity_set_1,air_temp_set_1,_meta_station_id,_meta_elevation,_meta_longitude,_meta_latitude
0,2018-08-01 00:05:00,SW,3.8,17.9,4.47,13.1,-0.4,2.0,38.33,286.004,29.02,216.0,0.9,23.33,4.47,598.0,13.0,31.11,BKOC1,5725,-121.178953, 40.724567
1,2018-08-01 01:05:00,W,3.6,18.0,4.92,13.5,-1.74,289.0,32.78,286.004,27.7,260.0,1.34,23.89,4.92,388.0,13.0,29.44,BKOC1,5725,-121.178953, 40.724567
2,2018-08-01 02:05:00,SW,3.5,18.0,4.47,13.3,0.1,246.0,27.22,286.004,26.44,216.0,0.45,23.89,4.47,203.0,17.0,27.22,BKOC1,5725,-121.178953, 40.724567
3,2018-08-01 03:05:00,,3.5,18.0,2.23,13.2,0.54,223.0,18.89,286.004,,,0.0,23.89,2.23,25.0,23.0,22.78,BKOC1,5725,-121.178953, 40.724567
4,2018-08-01 04:05:00,,3.5,17.9,0.9,13.1,2.68,10.0,15.0,286.004,,,0.0,24.44,0.9,2.0,33.0,19.44,BKOC1,5725,-121.178953, 40.724567
5,2018-08-01 05:05:00,NNW,3.6,17.9,0.9,13.0,2.93,344.0,13.33,286.004,,347.0,0.45,23.89,0.9,0.0,40.0,16.67,BKOC1,5725,-121.178953, 40.724567
6,2018-08-01 06:05:00,,3.5,17.7,0.9,13.0,2.88,347.0,11.11,286.004,,,0.0,23.89,0.9,0.0,46.0,14.44,BKOC1,5725,-121.178953, 40.724567
7,2018-08-01 07:05:00,,3.6,17.5,0.0,13.0,3.36,356.0,10.0,286.004,,,0.0,23.89,0.0,0.0,53.0,12.78,BKOC1,5725,-121.178953, 40.724567
8,2018-08-01 08:05:00,,3.7,17.4,0.9,13.0,3.6,6.0,10.0,286.004,,,0.0,23.33,0.9,0.0,52.0,13.33,BKOC1,5725,-121.178953, 40.724567
9,2018-08-01 09:05:00,,3.6,17.2,0.9,12.9,2.59,351.0,8.89,286.004,,,0.0,23.33,0.9,0.0,54.0,11.67,BKOC1,5725,-121.178953, 40.724567
10,2018-08-01 10:05:00,,3.8,17.1,0.9,12.9,4.33,3.0,8.33,286.004,,,0.0,22.78,0.9,0.0,61.0,11.67,BKOC1,5725,-121.178953, 40.724567
11,2018-08-01 11:05:00,,3.9,16.9,0.45,12.9,4.72,7.0,7.22,286.004,,,0.0,22.78,0.45,0.0,70.0,10.0,BKOC1,5725,-121.178953, 40.724567
12,2018-08-01 12:05:00,,4.1,16.8,0.9,12.9,5.67,25.0,6.67,286.004,,,0.0,22.22,0.9,0.0,72.0,10.56,BKOC1,5725,-121.178953, 40.724567
13,2018-08-01 13:05:00,,4.2,16.8,0.45,12.9,4.93,10.0,6.67,286.004,,,0.0,22.22,0.45,0.0,71.0,10.0,BKOC1,5725,-121.178953, 40.724567
14,2018-08-01 14:05:00,,4.5,16.6,0.9,12.9,5.33,4.0,7.78,286.004,,,0.0,21.67,0.9,23.0,73.0,10.0,BKOC1,5725,-121.178953, 40.724567
15,2018-08-01 15:05:00,,5.1,16.6,0.0,13.0,7.59,339.0,12.78,286.004,,,0.0,21.67,0.0,77.0,66.0,13.89,BKOC1,5725,-121.178953, 40.724567
16,2018-08-01 16:05:00,SSW,6.5,16.5,1.34,13.2,5.5,236.0,20.56,286.004,,195.0,0.45,21.11,1.34,131.0,35.0,21.67,BKOC1,5725,-121.178953, 40.724567
17,2018-08-01 17:05:00,S,6.6,16.4,2.68,13.6,3.85,197.0,33.33,286.004,25.99,186.0,0.9,21.11,2.68,541.0,23.0,26.67,BKOC1,5725,-121.178953, 40.724567
18,2018-08-01 18:05:00,S,5.4,16.4,3.58,13.7,-0.74,199.0,41.11,286.004,27.7,182.0,1.79,20.56,3.58,738.0,14.0,29.44,BKOC1,5725,-121.178953, 40.724567
19,2018-08-01 19:05:00,S,4.9,16.5,8.05,13.3,0.16,94.0,42.78,286.004,28.58,190.0,1.34,21.11,8.05,845.0,14.0,30.56,BKOC1,5725,-121.178953, 40.724567
20,2018-08-01 20:05:00,S,4.4,16.7,4.92,13.5,2.01,184.0,43.33,286.004,29.51,189.0,1.34,21.11,4.92,888.0,15.0,31.67,BKOC1,5725,-121.178953, 40.724567
21,2018-08-01 21:05:00,SW,4.2,17.1,4.47,13.2,5.33,286.0,43.89,286.004,29.63,226.0,1.34,21.67,4.47,891.0,19.0,31.67,BKOC1,5725,-121.178953, 40.724567
22,2018-08-01 22:05:00,SSW,4.0,17.3,5.37,13.5,3.35,266.0,41.67,286.004,30.01,212.0,1.34,22.78,5.37,851.0,16.0,32.22,BKOC1,5725,-121.178953, 40.724567
23,2018-08-01 23:05:00,SW,4.1,17.6,5.37,13.2,4.56,198.0,41.67,286.004,29.59,218.0,1.34,23.33,5.37,773.0,18.0,31.67,BKOC1,5725,-121.178953, 40.724567
24,2018-08-02 00:05:00,SW,3.8,17.7,5.37,13.5,5.14,251.0,38.33,286.004,28.7,228.0,1.79,23.33,5.37,629.0,20.0,30.56,BKOC1,5725,-121.178953, 40.724567
25,2018-08-02 01:05:00,WSW,3.6,17.8,4.47,13.6,2.72,264.0,35.0,286.004,27.75,254.0,0.9,23.89,4.47,454.0,18.0,29.44,BKOC1,5725,-121.178953, 40.724567
26,2018-08-02 02:05:00,WSW,3.7,17.8,4.92,13.4,3.97,259.0,27.78,286.004,,251.0,0.45,23.89,4.92,246.0,24.0,26.11,BKOC1,5725,-121.178953, 40.724567
27,2018-08-02 03:05:00,WSW,3.7,17.8,3.13,13.2,4.74,239.0,21.11,286.004,,255.0,0.45,24.44,3.13,50.0,31.0,22.78,BKOC1,5725,-121.178953, 40.724567
28,2018-08-02 04:05:00,,3.7,17.8,2.23,13.1,5.06,298.0,15.56,286.004,,,0.0,24.44,2.23,3.0,39.0,19.44,BKOC1,5725,-121.178953, 40.724567
29,2018-08-02 05:05:00,,3.7,17.7,1.34,13.1,3.27,326.0,11.67,286.004,,,0.0,24.44,1.34,0.0,44.0,15.56,BKOC1,5725,-121.178953, 40.724567
30,2018-08-02 06:05:00,N,3.7,17.5,0.9,13.0,3.32,2.0,10.0,286.004,,0.0,0.45,23.89,0.9,0.0,51.0,13.33,BKOC1,5725,-121.178953, 40.724567
31,2018-08-02 07:05:00,,3.8,17.4,0.9,13.0,2.85,11.0,7.78,286.004,,,0.0,23.89,0.9,0.0,55.0,11.67,BKOC1,5725,-121.178953, 40.724567
32,2018-08-02 08:05:00,,3.8,17.2,0.9,13.0,3.04,9.0,7.22,286.004,,,0.0,23.33,0.9,0.0,60.0,10.56,BKOC1,5725,-121.178953, 40.724567
33,2018-08-02 09:05:00,,3.9,17.1,0.45,13.0,1.54,358.0,6.67,286.004,,,0.0,23.33,0.45,0.0,56.0,10.0,BKOC1,5725,-121.178953, 40.724567
34,2018-08-02 10:05:00,,3.9,16.9,0.9,12.9,0.46,347.0,4.44,286.004,,,0.0,22.78,0.9,0.0,58.0,8.33,BKOC1,5725,-121.178953, 40.724567
35,2018-08-02 11:05:00,,4.1,16.8,0.9,12.9,-0.11,15.0,3.89,286.004,,,0.0,22.78,0.9,0.0,60.0,7.22,BKOC1,5725,-121.178953, 40.724567
36,2018-08-02 12:05:00,N,4.2,16.7,0.9,12.9,0.18,5.0,4.44,286.004,,359.0,0.45,22.22,0.9,0.0,59.0,7.78,BKOC1,5725,-121.178953, 40.724567
37,2018-08-02 13:05:00,,4.3,16.6,0.9,12.9,-0.27,332.0,3.33,286.004,,,0.0,21.67,0.9,0.0,64.0,6.11,BKOC1,5725,-121.178953, 40.724567
38,2018-08-02 14:05:00,N,4.7,16.4,1.34,12.9,1.32,340.0,5.0,286.004,,351.0,0.45,21.67,1.34,25.0,64.0,7.78,BKOC1,5725,-121.178953, 40.724567
39,2018-08-02 15:05:00,,5.1,16.4,0.0,13.0,5.09,5.0,10.56,286.004,,,0.0,21.11,0.0,95.0,62.0,12.22,BKOC1,5725,-121.178953, 40.724567
40,2018-08-02 16:05:00,,6.1,16.3,0.9,13.3,5.12,155.0,17.78,286.004,,,0.0,21.11,0.9,158.0,42.0,18.33,BKOC1,5725,-121.178953, 40.724567
41,2018-08-02 17:05:00,SSE,6.0,16.3,1.34,13.7,1.95,222.0,31.11,286.004,,159.0,0.45,21.11,1.34,497.0,23.0,24.44,BKOC1,5725,-121.178953, 40.724567
42,2018-08-02 18:05:00,S,5.7,16.2,2.68,13.6,1.89,162.0,35.56,286.004,25.91,177.0,1.34,20.56,2.68,629.0,20.0,26.67,BKOC1,5725,-121.178953, 40.724567
43,2018-08-02 19:05:00,W,5.2,16.3,4.02,13.3,1.35,252.0,38.33,286.004,26.55,259.0,0.9,21.11,4.02,792.0,18.0,27.78,BKOC1,5725,-121.178953, 40.724567
44,2018-08-02 20:05:00,SSW,4.6,16.5,4.47,13.3,0.65,168.0,41.67,286.004,28.14,194.0,1.34,21.11,4.47,878.0,15.0,30.0,BKOC1,5725,-121.178953, 40.724567
45,2018-08-02 21:05:00,SSW,4.3,16.7,4.92,13.4,0.16,235.0,43.33,286.004,28.58,205.0,1.34,21.67,4.92,932.0,14.0,30.56,BKOC1,5725,-121.178953, 40.724567
46,2018-08-02 22:05:00,SSW,4.4,17.0,4.47,13.2,-0.84,265.0,40.0,286.004,28.57,204.0,1.34,22.22,4.47,894.0,13.0,30.56,BKOC1,5725,-121.178953, 40.724567
47,2018-08-02 23:05:00,WSW,4.0,17.3,5.37,13.2,-0.84,232.0,40.0,286.004,28.57,250.0,1.34,22.78,5.37,803.0,13.0,30.56,BKOC1,5725,-121.178953, 40.724567
48,2018-08-03 00:05:00,W,3.8,17.3,6.26,13.6,-2.36,343.0,37.78,286.004,28.04,281.0,1.79,23.33,6.26,671.0,12.0,30.0,BKOC1,5725,-121.178953, 40.724567
49,2018-08-03 01:05:00,WSW,3.7,17.4,6.26,13.7,-1.63,321.0,34.44,286.004,26.87,256.0,1.34,23.33,6.26,501.0,14.0,28.33,BKOC1,5725,-121.178953, 40.724567
50,2018-08-03 02:05:00,WSW,3.6,17.5,5.81,13.4,-0.49,259.0,26.67,286.004,,245.0,0.9,23.33,5.81,301.0,18.0,25.56,BKOC1,5725,-121.178953, 40.724567
51,2018-08-03 03:05:00,,3.6,17.5,3.13,13.2,-2.11,161.0,17.78,286.004,,,0.0,23.89,3.13,38.0,21.0,21.11,BKOC1,5725,-121.178953, 40.724567
52,2018-08-03 04:05:00,,3.6,17.5,0.9,13.1,-3.07,356.0,13.33,286.004,,,0.0,23.89,0.9,2.0,25.0,17.22,BKOC1,5725,-121.178953, 40.724567
53,2018-08-03 05:05:00,,3.6,17.4,0.9,13.1,-3.07,208.0,10.56,286.004,,,0.0,23.89,0.9,0.0,31.0,13.89,BKOC1,5725,-121.178953, 40.724567
54,2018-08-03 06:05:00,,3.6,17.3,0.45,13.1,-2.53,5.0,8.33,286.004,,,0.0,23.33,0.45,0.0,36.0,12.22,BKOC1,5725,-121.178953, 40.724567
55,2018-08-03 07:05:00,N,3.6,17.1,0.9,13.0,-0.6,0.0,8.33,286.004,,351.0,0.45,23.33,0.9,0.0,43.0,11.67,BKOC1,5725,-121.178953, 40.724567
56,2018-08-03 08:05:00,,3.6,16.9,0.9,13.0,-1.07,332.0,6.11,286.004,,,0.0,23.33,0.9,0.0,50.0,8.89,BKOC1,5725,-121.178953, 40.724567
57,2018-08-03 09:05:00,,3.6,16.8,0.9,13.0,-0.27,335.0,4.44,286.004,,,0.0,22.78,0.9,0.0,55.0,8.33,BKOC1,5725,-121.178953, 40.724567
58,2018-08-03 10:05:00,,3.6,16.7,0.9,12.9,-0.54,340.0,4.44,286.004,,,0.0,22.22,0.9,0.0,56.0,7.78,BKOC1,5725,-121.178953, 40.724567
59,2018-08-03 11:05:00,,3.7,16.5,1.34,12.9,0.46,341.0,5.0,286.004,,,0.0,22.22,1.34,0.0,58.0,8.33,BKOC1,5725,-121.178953, 40.724567
60,2018-08-03 12:05:00,,3.7,16.4,0.45,12.9,-0.36,2.0,2.22,286.004,,,0.0,21.67,0.45,0.0,66.0,5.56,BKOC1,5725,-121.178953, 40.724567
61,2018-08-03 13:05:00,,3.8,16.3,0.0,12.9,0.05,346.0,1.67,286.004,,,0.0,21.67,0.0,0.0,68.0,5.56,BKOC1,5725,-121.178953, 40.724567
62,2018-08-03 14:05:00,,4.0,16.2,0.0,12.9,1.01,0.0,3.89,286.004,,,0.0,21.11,0.0,21.0,65.0,7.22,BKOC1,5725,-121.178953, 40.724567
63,2018-08-03 15:05:00,,4.2,16.1,0.0,13.0,4.31,0.0,8.89,286.004,,,0.0,21.11,0.0,80.0,68.0,10.0,BKOC1,5725,-121.178953, 40.724567
64,2018-08-03 16:05:00,S,5.0,16.1,1.34,13.2,4.78,161.0,17.22,286.004,,183.0,0.45,20.56,1.34,149.0,44.0,17.22,BKOC1,5725,-121.178953, 40.724567
65,2018-08-03 17:05:00,SSW,5.2,16.0,1.79,13.7,3.78,154.0,28.89,286.004,,206.0,0.45,20.56,1.79,494.0,30.0,22.22,BKOC1,5725,-121.178953, 40.724567
66,2018-08-03 18:05:00,SSW,5.4,16.0,3.13,13.7,1.81,314.0,36.11,286.004,,211.0,0.9,20.56,3.13,726.0,22.0,25.0,BKOC1,5725,-121.178953, 40.724567
67,2018-08-03 19:05:00,SW,4.7,16.1,4.92,13.6,-0.03,272.0,37.78,286.004,,232.0,1.34,20.56,4.92,855.0,18.0,26.11,BKOC1,5725,-121.178953, 40.724567
68,2018-08-03 20:05:00,WNW,4.7,16.2,4.47,13.6,1.35,190.0,39.44,286.004,26.55,282.0,1.34,20.56,4.47,922.0,18.0,27.78,BKOC1,5725,-121.178953, 40.724567
69,2018-08-03 21:05:00,SW,4.3,16.5,6.7,13.7,-1.63,250.0,40.0,286.004,26.87,230.0,1.34,21.11,6.7,943.0,14.0,28.33,BKOC1,5725,-121.178953, 40.724567
70,2018-08-03 22:05:00,WSW,4.2,16.9,5.37,13.2,-1.63,270.0,37.78,286.004,26.87,256.0,1.34,22.22,5.37,906.0,14.0,28.33,BKOC1,5725,-121.178953, 40.724567
71,2018-08-03 23:05:00,SW,4.1,17.1,5.37,13.3,-2.07,214.0,37.22,286.004,26.48,215.0,1.34,22.78,5.37,785.0,14.0,27.78,BKOC1,5725,-121.178953, 40.724567
72,2018-08-04 00:05:00,SSW,3.7,17.2,4.92,13.6,-6.92,304.0,35.0,286.004,26.26,207.0,1.34,22.78,4.92,661.0,10.0,27.22,BKOC1,5725,-121.178953, 40.724567
73,2018-08-04 01:05:00,SW,3.7,17.3,5.37,13.3,-5.28,243.0,28.33,286.004,,220.0,1.79,23.33,5.37,399.0,13.0,25.0,BKOC1,5725,-121.178953, 40.724567
74,2018-08-04 02:05:00,SW,3.7,17.3,4.02,13.3,-3.25,244.0,21.67,286.004,,235.0,0.9,23.33,4.02,143.0,18.0,22.22,BKOC1,5725,-121.178953, 40.724567
75,2018-08-04 03:05:00,,3.6,17.3,1.79,13.2,-5.76,207.0,15.0,286.004,,,0.0,23.33,1.79,24.0,19.0,18.33,BKOC1,5725,-121.178953, 40.724567
76,2018-08-04 04:05:00,,3.6,17.2,0.9,13.1,-3.49,303.0,12.22,286.004,,,0.0,23.33,0.9,1.0,26.0,16.11,BKOC1,5725,-121.178953, 40.724567
77,2018-08-04 05:05:00,,3.6,17.2,0.9,13.0,-3.99,26.0,10.0,286.004,,,0.0,23.33,0.9,0.0,30.0,13.33,BKOC1,5725,-121.178953, 40.724567
78,2018-08-04 06:05:00,,3.6,17.0,0.9,13.0,-2.65,352.0,7.78,286.004,,,0.0,23.33,0.9,0.0,37.0,11.67,BKOC1,5725,-121.178953, 40.724567
79,2018-08-04 07:05:00,,3.6,16.9,1.79,13.0,-1.93,203.0,6.11,286.004,,,0.0,22.78,1.79,0.0,42.0,10.56,BKOC1,5725,-121.178953, 40.724567
80,2018-08-04 08:05:00,,3.5,16.7,1.34,12.9,-1.86,358.0,5.0,286.004,,,0.0,22.78,1.34,0.0,49.0,8.33,BKOC1,5725,-121.178953, 40.724567
81,2018-08-04 09:05:00,,3.6,16.6,1.34,12.9,-1.56,341.0,4.44,286.004,,,0.0,22.22,1.34,0.0,54.0,7.22,BKOC1,5725,-121.178953, 40.724567
82,2018-08-04 10:05:00,,3.7,16.5,0.9,12.9,-0.29,9.0,3.89,286.004,,,0.0,22.22,0.9,0.0,57.0,7.78,BKOC1,5725,-121.178953, 40.724567
83,2018-08-04 11:05:00,,3.6,16.3,0.45,12.9,-1.91,5.0,2.22,286.004,,,0.0,21.67,0.45,0.0,59.0,5.56,BKOC1,5725,-121.178953, 40.724567
84,2018-08-04 12:05:00,,3.7,16.2,0.45,12.9,-1.76,157.0,1.11,286.004,,,0.0,21.11,0.45,0.0,62.0,5.0,BKOC1,5725,-121.178953, 40.724567
85,2018-08-04 13:05:00,,3.7,16.1,0.9,12.8,-1.54,348.0,1.67,286.004,,,0.0,21.11,0.9,0.0,63.0,5.0,BKOC1,5725,-121.178953, 40.724567
86,2018-08-04 14:05:00,,3.9,16.0,0.9,12.9,-0.28,356.0,1.67,286.004,,,0.0,20.56,0.9,20.0,69.0,5.0,BKOC1,5725,-121.178953, 40.724567
87,2018-08-04 15:05:00,,4.1,16.0,0.9,13.0,2.6,335.0,7.22,286.004,,,0.0,20.56,0.9,65.0,65.0,8.89,BKOC1,5725,-121.178953, 40.724567
88,2018-08-04 16:05:00,S,4.7,15.8,1.34,13.2,3.11,194.0,16.11,286.004,,171.0,0.45,20.0,1.34,149.0,42.0,16.11,BKOC1,5725,-121.178953, 40.724567
89,2018-08-04 17:05:00,SSW,5.1,15.7,2.23,13.6,-1.64,174.0,28.89,286.004,,210.0,0.9,20.0,2.23,480.0,21.0,21.67,BKOC1,5725,-121.178953, 40.724567
90,2018-08-04 18:05:00,SSW,5.0,15.7,4.92,13.7,-3.09,193.0,33.33,286.004,,210.0,1.34,20.0,4.92,710.0,17.0,23.33,BKOC1,5725,-121.178953, 40.724567
91,2018-08-04 19:05:00,WSW,4.8,15.9,5.37,13.8,-2.54,240.0,36.11,286.004,,237.0,1.34,20.0,5.37,845.0,16.0,25.0,BKOC1,5725,-121.178953, 40.724567
92,2018-08-04 20:05:00,SW,4.6,16.0,7.6,13.6,-4.31,254.0,36.11,286.004,,214.0,1.79,20.0,7.6,949.0,14.0,25.0,BKOC1,5725,-121.178953, 40.724567
93,2018-08-04 21:05:00,SSW,4.5,16.3,5.81,13.5,-4.39,264.0,38.33,286.004,,207.0,1.34,20.56,5.81,971.0,13.0,26.11,BKOC1,5725,-121.178953, 40.724567
94,2018-08-04 22:05:00,W,4.2,16.6,6.7,13.2,-5.87,275.0,35.0,286.004,,261.0,1.79,21.67,6.7,946.0,12.0,25.56,BKOC1,5725,-121.178953, 40.724567
95,2018-08-04 23:05:00,WSW,4.0,16.8,7.15,13.3,-4.31,252.0,34.44,286.004,,248.0,1.79,22.22,7.15,855.0,14.0,25.0,BKOC1,5725,-121.178953, 40.724567
96,2018-08-05 00:05:00,SW,3.8,16.9,5.81,13.3,-3.44,196.0,32.22,286.004,,227.0,1.34,22.22,5.81,695.0,16.0,23.89,BKOC1,5725,-121.178953, 40.724567
97,2018-08-05 01:05:00,WNW,3.7,16.9,4.47,13.7,-2.52,341.0,26.67,286.004,,291.0,1.34,22.78,4.47,439.0,19.0,22.22,BKOC1,5725,-121.178953, 40.724567
98,2018-08-05 02:05:00,WNW,3.7,17.0,4.47,13.4,-1.82,255.0,20.0,286.004,,289.0,0.9,22.78,4.47,172.0,23.0,20.0,BKOC1,5725,-121.178953, 40.724567
99,2018-08-05 03:05:00,,3.6,17.0,3.58,13.2,-1.06,353.0,14.44,286.004,,,0.0,22.78,3.58,35.0,29.0,17.22,BKOC1,5725,-121.178953, 40.724567
100,2018-08-05 04:05:00,,3.6,17.0,0.9,13.1,-2.31,22.0,10.0,286.004,,,0.0,22.78,0.9,2.0,34.0,13.33,BKOC1,5725,-121.178953, 40.724567
101,2018-08-05 05:05:00,,3.7,16.9,1.34,13.1,-1.93,226.0,8.33,286.004,,,0.0,22.78,1.34,0.0,39.0,11.67,BKOC1,5725,-121.178953, 40.724567
102,2018-08-05 06:05:00,,3.6,16.8,0.9,13.1,-3.12,343.0,6.11,286.004,,,0.0,22.78,0.9,0.0,43.0,8.89,BKOC1,5725,-121.178953, 40.724567
103,2018-08-05 07:05:00,,3.7,16.6,0.45,13.0,-2.43,336.0,5.56,286.004,,,0.0,22.22,0.45,0.0,47.0,8.33,BKOC1,5725,-121.178953, 40.724567
104,2018-08-05 08:05:00,N,3.7,16.6,1.34,13.0,-2.08,347.0,5.0,286.004,,353.0,0.45,22.22,1.34,0.0,52.0,7.22,BKOC1,5725,-121.178953, 40.724567
105,2018-08-05 09:05:00,,3.6,16.4,0.9,12.9,-2.35,335.0,3.89,286.004,,,0.0,21.67,0.9,0.0,51.0,7.22,BKOC1,5725,-121.178953, 40.724567
106,2018-08-05 10:05:00,,3.7,16.3,0.45,12.9,-1.62,342.0,2.78,286.004,,,0.0,21.67,0.45,0.0,58.0,6.11,BKOC1,5725,-121.178953, 40.724567
107,2018-08-05 11:05:00,,3.8,16.1,0.9,12.9,-0.71,347.0,2.78,286.004,,,0.0,21.11,0.9,0.0,62.0,6.11,BKOC1,5725,-121.178953, 40.724567
108,2018-08-05 12:05:00,,3.8,16.0,0.9,12.9,-1.34,341.0,1.11,286.004,,,0.0,21.11,0.9,0.0,69.0,3.89,BKOC1,5725,-121.178953, 40.724567
109,2018-08-05 13:05:00,,3.8,15.9,0.9,12.8,-1.75,358.0,0.56,286.004,,,0.0,20.56,0.9,0.0,67.0,3.89,BKOC1,5725,-121.178953, 40.724567
110,2018-08-05 14:05:00,,4.0,15.9,0.9,12.9,-0.28,329.0,2.78,286.004,,,0.0,20.56,0.9,20.0,69.0,5.0,BKOC1,5725,-121.178953, 40.724567
111,2018-08-05 15:05:00,,4.3,15.8,0.9,13.0,1.29,330.0,8.33,286.004,,,0.0,20.0,0.9,67.0,55.0,10.0,BKOC1,5725,-121.178953, 40.724567
112,2018-08-05 16:05:00,SSE,4.9,15.7,2.23,13.3,2.2,159.0,16.11,286.004,,148.0,0.45,20.0,2.23,152.0,38.0,16.67,BKOC1,5725,-121.178953, 40.724567
113,2018-08-05 17:05:00,S,5.4,15.6,3.13,13.7,2.33,208.0,28.33,286.004,,174.0,0.9,19.44,3.13,432.0,29.0,21.11,BKOC1,5725,-121.178953, 40.724567
114,2018-08-05 18:05:00,SSE,5.2,15.6,3.58,13.7,0.07,96.0,32.78,286.004,,164.0,1.34,19.44,3.58,683.0,23.0,22.22,BKOC1,5725,-121.178953, 40.724567
115,2018-08-05 19:05:00,SE,4.8,15.7,3.58,13.9,-0.44,209.0,34.44,286.004,,134.0,0.9,19.44,3.58,755.0,20.0,23.89,BKOC1,5725,-121.178953, 40.724567
116,2018-08-05 20:05:00,SE,4.7,15.8,3.13,13.3,0.02,212.0,35.56,286.004,,131.0,1.34,20.0,3.13,767.0,20.0,24.44,BKOC1,5725,-121.178953, 40.724567
117,2018-08-05 21:05:00,ENE,4.6,16.1,3.58,13.3,0.96,311.0,35.0,286.004,,64.0,0.9,20.56,3.58,776.0,20.0,25.56,BKOC1,5725,-121.178953, 40.724567
118,2018-08-05 22:05:00,SW,4.6,16.4,3.13,13.3,1.42,49.0,34.44,286.004,,225.0,0.9,21.11,3.13,657.0,20.0,26.11,BKOC1,5725,-121.178953, 40.724567
119,2018-08-05 23:05:00,WSW,4.4,16.6,4.02,13.7,2.28,216.0,32.78,286.004,,249.0,0.9,21.67,4.02,595.0,22.0,25.56,BKOC1,5725,-121.178953, 40.724567
120,2018-08-06 00:05:00,WNW,4.2,16.7,3.58,13.3,3.6,264.0,29.44,286.004,,300.0,0.45,21.67,3.58,416.0,25.0,25.0,BKOC1,5725,-121.178953, 40.724567
121,2018-08-06 01:05:00,WNW,4.1,16.8,3.58,13.5,4.74,247.0,24.44,286.004,,295.0,0.9,22.22,3.58,251.0,31.0,22.78,BKOC1,5725,-121.178953, 40.724567
122,2018-08-06 02:05:00,WSW,4.1,16.8,3.58,13.4,4.16,259.0,21.11,286.004,,248.0,0.45,22.22,3.58,194.0,33.0,21.11,BKOC1,5725,-121.178953, 40.724567
123,2018-08-06 03:05:00,,4.1,16.8,1.79,13.2,3.93,225.0,15.0,286.004,,,0.0,22.78,1.79,47.0,40.0,17.78,BKOC1,5725,-121.178953, 40.724567
124,2018-08-06 04:05:00,,4.1,16.8,0.45,13.1,3.48,339.0,10.56,286.004,,,0.0,22.78,0.45,1.0,48.0,14.44,BKOC1,5725,-121.178953, 40.724567
125,2018-08-06 05:05:00,,4.2,16.7,0.9,13.1,2.59,62.0,8.89,286.004,,,0.0,22.78,0.9,0.0,54.0,11.67,BKOC1,5725,-121.178953, 40.724567
126,2018-08-06 06:05:00,N,4.2,16.6,0.9,13.0,2.28,341.0,7.22,286.004,,4.0,0.45,22.22,0.9,0.0,59.0,10.0,BKOC1,5725,-121.178953, 40.724567
127,2018-08-06 07:05:00,,4.2,16.6,0.9,13.0,1.4,353.0,5.56,286.004,,,0.0,22.22,0.9,0.0,62.0,8.33,BKOC1,5725,-121.178953, 40.724567
128,2018-08-06 08:05:00,,4.3,16.4,0.45,13.0,1.22,2.0,3.89,286.004,,,0.0,21.67,0.45,0.0,66.0,7.22,BKOC1,5725,-121.178953, 40.724567
129,2018-08-06 09:05:00,,4.4,16.2,0.9,12.9,1.12,338.0,4.44,286.004,,,0.0,21.67,0.9,0.0,68.0,6.67,BKOC1,5725,-121.178953, 40.724567
130,2018-08-06 10:05:00,NNW,4.5,16.1,0.9,12.9,0.58,8.0,2.78,286.004,,337.0,0.45,21.11,0.9,0.0,68.0,6.11,BKOC1,5725,-121.178953, 40.724567
131,2018-08-06 11:05:00,,4.6,16.1,0.45,12.9,0.05,6.0,2.78,286.004,,,0.0,21.11,0.45,0.0,68.0,5.56,BKOC1,5725,-121.178953, 40.724567
132,2018-08-06 12:05:00,,4.9,15.9,0.9,12.9,-0.08,332.0,2.22,286.004,,,0.0,20.56,0.9,0.0,70.0,5.0,BKOC1,5725,-121.178953, 40.724567
133,2018-08-06 13:05:00,,5.0,15.8,0.45,12.9,0.26,2.0,1.67,286.004,,,0.0,20.56,0.45,0.0,69.0,5.56,BKOC1,5725,-121.178953, 40.724567
134,2018-08-06 14:05:00,,5.3,15.7,0.45,12.9,0.51,352.0,2.78,286.004,,,0.0,20.0,0.45,21.0,73.0,5.0,BKOC1,5725,-121.178953, 40.724567
135,2018-08-06 15:05:00,,6.0,15.6,0.45,13.0,3.77,338.0,7.78,286.004,,,0.0,20.0,0.45,77.0,68.0,9.44,BKOC1,5725,-121.178953, 40.724567
136,2018-08-06 16:05:00,S,6.8,15.6,1.34,13.3,4.41,195.0,16.67,286.004,,182.0,0.45,19.44,1.34,165.0,46.0,16.11,BKOC1,5725,-121.178953, 40.724567
137,2018-08-06 17:05:00,SSE,6.9,15.5,2.68,13.7,4.27,184.0,30.56,286.004,,163.0,0.9,19.44,2.68,432.0,30.0,22.78,BKOC1,5725,-121.178953, 40.724567
138,2018-08-06 18:05:00,SSE,6.4,15.5,2.68,13.6,-0.81,202.0,36.67,286.004,,164.0,0.9,19.44,2.68,702.0,17.0,26.11,BKOC1,5725,-121.178953, 40.724567
139,2018-08-06 19:05:00,SE,5.6,15.6,3.58,13.3,-3.06,200.0,40.56,286.004,26.47,145.0,1.34,19.44,3.58,838.0,13.0,27.78,BKOC1,5725,-121.178953, 40.724567
140,2018-08-06 20:05:00,ESE,4.9,15.8,3.58,13.3,-3.52,162.0,43.33,286.004,27.95,107.0,0.9,20.0,3.58,926.0,11.0,30.0,BKOC1,5725,-121.178953, 40.724567
141,2018-08-06 21:05:00,WNW,4.3,16.1,4.02,13.4,2.0,202.0,42.22,286.004,28.6,290.0,1.34,20.56,4.02,899.0,16.0,30.56,BKOC1,5725,-121.178953, 40.724567
142,2018-08-06 22:05:00,WSW,4.6,16.4,5.81,13.2,2.72,314.0,38.89,286.004,27.75,239.0,1.34,21.11,5.81,828.0,18.0,29.44,BKOC1,5725,-121.178953, 40.724567
143,2018-08-06 23:05:00,WNW,4.3,16.6,4.02,13.3,3.48,325.0,37.78,286.004,27.77,303.0,1.34,21.67,4.02,714.0,19.0,29.44,BKOC1,5725,-121.178953, 40.724567
144,2018-08-07 00:05:00,WNW,4.0,16.8,4.47,13.5,2.26,262.0,35.56,286.004,27.33,296.0,0.9,22.22,4.47,558.0,18.0,28.89,BKOC1,5725,-121.178953, 40.724567
145,2018-08-07 01:05:00,WNW,4.0,16.9,4.47,13.7,1.35,325.0,31.67,286.004,26.55,295.0,0.9,22.78,4.47,386.0,18.0,27.78,BKOC1,5725,-121.178953, 40.724567
146,2018-08-07 02:05:00,WNW,4.0,17.0,4.47,13.4,2.43,257.0,25.0,286.004,,295.0,0.45,22.78,4.47,194.0,23.0,25.0,BKOC1,5725,-121.178953, 40.724567
147,2018-08-07 03:05:00,,3.9,17.0,3.58,13.2,0.18,266.0,18.33,286.004,,,0.0,22.78,3.58,42.0,24.0,21.67,BKOC1,5725,-121.178953, 40.724567
148,2018-08-07 04:05:00,,3.9,17.0,0.9,13.1,-3.13,329.0,13.89,286.004,,,0.0,22.78,0.9,1.0,24.0,17.78,BKOC1,5725,-121.178953, 40.724567
149,2018-08-07 05:05:00,,3.9,16.9,1.34,13.1,-4.45,313.0,11.11,286.004,,,0.0,22.78,1.34,0.0,26.0,15.0,BKOC1,5725,-121.178953, 40.724567
150,2018-08-07 06:05:00,N,4.0,16.7,1.34,13.1,-3.2,337.0,8.89,286.004,,353.0,0.45,22.78,1.34,0.0,33.0,12.78,BKOC1,5725,-121.178953, 40.724567
151,2018-08-07 07:05:00,,3.9,16.6,1.34,13.0,-3.15,319.0,8.33,286.004,,,0.0,22.78,1.34,0.0,37.0,11.11,BKOC1,5725,-121.178953, 40.724567
152,2018-08-07 08:05:00,,4.0,16.5,1.79,13.0,-1.25,340.0,7.78,286.004,,,0.0,22.22,1.79,0.0,41.0,11.67,BKOC1,5725,-121.178953, 40.724567
153,2018-08-07 09:05:00,,4.0,16.3,1.34,13.0,-1.1,9.0,7.78,286.004,,,0.0,22.22,1.34,0.0,43.0,11.11,BKOC1,5725,-121.178953, 40.724567
154,2018-08-07 10:05:00,,4.1,16.2,0.9,12.9,-0.29,326.0,6.67,286.004,,,0.0,21.67,0.9,0.0,51.0,9.44,BKOC1,5725,-121.178953, 40.724567
155,2018-08-07 11:05:00,,4.0,16.1,0.9,12.9,0.76,336.0,6.11,286.004,,,0.0,21.67,0.9,0.0,55.0,9.44,BKOC1,5725,-121.178953, 40.724567
156,2018-08-07 12:05:00,,4.2,16.0,0.9,12.9,2.28,334.0,6.11,286.004,,,0.0,21.11,0.9,0.0,59.0,10.0,BKOC1,5725,-121.178953, 40.724567
157,2018-08-07 13:05:00,,4.3,15.9,0.9,12.9,2.38,341.0,5.56,286.004,,,0.0,21.11,0.9,0.0,64.0,8.89,BKOC1,5725,-121.178953, 40.724567
158,2018-08-07 14:05:00,,4.4,15.8,0.45,12.9,2.16,6.0,6.11,286.004,,,0.0,20.56,0.45,20.0,63.0,8.89,BKOC1,5725,-121.178953, 40.724567
159,2018-08-07 15:05:00,,4.8,15.7,0.9,13.0,5.55,1.0,11.11,286.004,,,0.0,20.56,0.9,85.0,64.0,12.22,BKOC1,5725,-121.178953, 40.724567
160,2018-08-07 16:05:00,,5.3,15.6,0.9,13.4,7.67,163.0,18.89,286.004,,,0.0,20.0,0.9,172.0,50.0,18.33,BKOC1,5725,-121.178953, 40.724567
161,2018-08-07 17:05:00,E,5.8,15.6,3.13,13.8,1.42,45.0,31.11,286.004,,81.0,0.9,20.0,3.13,384.0,20.0,26.11,BKOC1,5725,-121.178953, 40.724567
162,2018-08-07 18:05:00,ESE,5.6,15.6,4.02,13.6,-0.24,48.0,37.78,286.004,27.29,107.0,0.9,20.0,4.02,655.0,15.0,28.89,BKOC1,5725,-121.178953, 40.724567
163,2018-08-07 19:05:00,ESE,5.0,15.6,4.47,13.3,-2.65,42.0,42.78,286.004,28.81,105.0,0.9,20.0,4.47,784.0,11.0,31.11,BKOC1,5725,-121.178953, 40.724567
164,2018-08-07 20:05:00,SE,4.4,15.8,4.47,13.4,-1.34,185.0,45.0,286.004,30.17,126.0,1.34,20.56,4.47,881.0,11.0,32.78,BKOC1,5725,-121.178953, 40.724567
165,2018-08-07 21:05:00,SSE,4.2,16.1,4.47,13.2,-2.18,196.0,46.67,286.004,30.5,167.0,1.34,21.11,4.47,922.0,10.0,33.33,BKOC1,5725,-121.178953, 40.724567
166,2018-08-07 22:05:00,SE,3.9,16.4,3.58,13.1,-5.11,150.0,43.89,286.004,30.27,144.0,1.34,21.67,3.58,879.0,8.0,33.33,BKOC1,5725,-121.178953, 40.724567
167,2018-08-07 23:05:00,S,3.6,16.6,4.02,13.2,-6.83,207.0,43.89,286.004,30.16,171.0,0.9,22.22,4.02,769.0,7.0,33.33,BKOC1,5725,-121.178953, 40.724567
168,2018-08-08 00:05:00,W,3.6,16.8,4.92,13.5,2.45,239.0,38.89,286.004,29.99,268.0,0.9,22.78,4.92,554.0,15.0,32.22,BKOC1,5725,-121.178953, 40.724567
169,2018-08-08 01:05:00,W,3.5,16.9,4.02,13.6,3.18,254.0,33.89,286.004,28.19,276.0,1.34,22.78,4.02,377.0,18.0,30.0,BKOC1,5725,-121.178953, 40.724567
170,2018-08-08 02:05:00,W,3.5,17.0,3.58,13.3,2.81,330.0,27.22,286.004,26.59,263.0,0.45,23.33,3.58,195.0,20.0,27.78,BKOC1,5725,-121.178953, 40.724567
171,2018-08-08 03:05:00,,3.4,17.1,1.79,13.2,1.01,261.0,19.44,286.004,,,0.0,23.33,1.79,40.0,23.0,23.33,BKOC1,5725,-121.178953, 40.724567
172,2018-08-08 04:05:00,,3.5,16.9,0.9,13.1,1.36,336.0,15.56,286.004,,,0.0,23.33,0.9,1.0,29.0,20.0,BKOC1,5725,-121.178953, 40.724567
173,2018-08-08 05:05:00,,3.4,16.9,0.9,13.1,0.94,337.0,12.78,286.004,,,0.0,23.33,0.9,0.0,36.0,16.11,BKOC1,5725,-121.178953, 40.724567
174,2018-08-08 06:05:00,N,3.5,16.7,1.34,13.0,0.2,325.0,11.11,286.004,,357.0,0.45,23.33,1.34,0.0,38.0,14.44,BKOC1,5725,-121.178953, 40.724567
175,2018-08-08 07:05:00,,3.6,16.6,0.9,13.0,-0.59,330.0,9.44,286.004,,,0.0,22.78,0.9,0.0,40.0,12.78,BKOC1,5725,-121.178953, 40.724567
176,2018-08-08 08:05:00,,3.6,16.5,0.9,13.0,-0.28,335.0,8.33,286.004,,,0.0,22.78,0.9,0.0,44.0,11.67,BKOC1,5725,-121.178953, 40.724567
177,2018-08-08 09:05:00,,3.6,16.3,0.9,13.0,-0.38,334.0,7.78,286.004,,,0.0,22.22,0.9,0.0,47.0,10.56,BKOC1,5725,-121.178953, 40.724567
178,2018-08-08 10:05:00,,3.7,16.2,0.45,12.9,-0.56,7.0,6.11,286.004,,,0.0,22.22,0.45,0.0,50.0,9.44,BKOC1,5725,-121.178953, 40.724567
179,2018-08-08 11:05:00,,3.7,16.0,0.45,12.9,-0.02,12.0,6.11,286.004,,,0.0,21.67,0.45,0.0,52.0,9.44,BKOC1,5725,-121.178953, 40.724567
180,2018-08-08 12:05:00,NNW,3.8,15.9,0.9,12.9,1.02,341.0,6.11,286.004,,347.0,0.45,21.67,0.9,0.0,56.0,9.44,BKOC1,5725,-121.178953, 40.724567
181,2018-08-08 13:05:00,,3.8,15.9,0.9,12.9,0.42,345.0,5.0,286.004,,,0.0,21.11,0.9,0.0,60.0,7.78,BKOC1,5725,-121.178953, 40.724567
182,2018-08-08 14:05:00,,4.0,15.8,0.9,12.9,1.75,3.0,7.22,286.004,,,0.0,21.11,0.9,19.0,59.0,9.44,BKOC1,5725,-121.178953, 40.724567
183,2018-08-08 15:05:00,,4.3,15.7,0.0,13.0,5.14,333.0,11.11,286.004,,,0.0,20.56,0.0,68.0,60.0,12.78,BKOC1,5725,-121.178953, 40.724567
184,2018-08-08 16:05:00,SSE,4.7,15.7,1.34,13.2,5.78,191.0,18.89,286.004,,165.0,0.45,20.56,1.34,150.0,41.0,19.44,BKOC1,5725,-121.178953, 40.724567
185,2018-08-08 17:05:00,S,5.1,15.6,1.79,13.6,4.45,205.0,33.89,286.004,26.02,178.0,0.45,20.56,1.79,382.0,24.0,26.67,BKOC1,5725,-121.178953, 40.724567
186,2018-08-08 18:05:00,SSW,5.0,15.5,2.68,13.6,-1.29,339.0,40.56,286.004,28.13,210.0,0.9,20.0,2.68,717.0,13.0,30.0,BKOC1,5725,-121.178953, 40.724567
187,2018-08-08 19:05:00,SSW,4.3,15.6,3.58,13.3,-0.4,191.0,43.89,286.004,29.02,194.0,1.34,20.56,3.58,844.0,13.0,31.11,BKOC1,5725,-121.178953, 40.724567
188,2018-08-08 20:05:00,SW,3.8,15.8,4.02,13.4,4.67,213.0,45.0,286.004,30.56,222.0,0.9,20.56,4.02,884.0,17.0,32.78,BKOC1,5725,-121.178953, 40.724567
189,2018-08-08 21:05:00,WSW,3.9,16.1,4.92,13.2,4.26,252.0,44.44,286.004,31.02,257.0,0.9,21.11,4.92,869.0,16.0,33.33,BKOC1,5725,-121.178953, 40.724567
190,2018-08-08 22:05:00,SSW,3.8,16.4,5.37,13.7,3.35,173.0,43.33,286.004,30.98,209.0,0.9,22.22,5.37,830.0,15.0,33.33,BKOC1,5725,-121.178953, 40.724567
191,2018-08-08 23:05:00,W,3.5,16.7,4.92,13.2,6.25,266.0,41.11,286.004,30.66,259.0,1.34,22.78,4.92,720.0,19.0,32.78,BKOC1,5725,-121.178953, 40.724567
192,2018-08-09 00:05:00,WSW,3.6,16.7,4.47,13.4,8.94,6.0,37.78,286.004,29.0,254.0,1.34,23.33,4.47,562.0,26.0,30.56,BKOC1,5725,-121.178953, 40.724567
193,2018-08-09 01:05:00,WNW,3.5,16.9,4.02,13.6,8.53,241.0,34.44,286.004,28.07,292.0,0.9,23.33,4.02,403.0,27.0,29.44,BKOC1,5725,-121.178953, 40.724567
194,2018-08-09 02:05:00,WNW,3.6,17.0,3.58,13.4,7.18,324.0,26.67,286.004,,289.0,0.45,23.89,3.58,206.0,30.0,26.11,BKOC1,5725,-121.178953, 40.724567
195,2018-08-09 03:05:00,,3.6,17.0,2.23,13.2,6.39,280.0,19.44,286.004,,,0.0,23.89,2.23,40.0,36.0,22.22,BKOC1,5725,-121.178953, 40.724567
196,2018-08-09 04:05:00,,3.6,17.0,0.45,13.1,5.29,3.0,15.0,286.004,,,0.0,23.89,0.45,1.0,41.0,18.89,BKOC1,5725,-121.178953, 40.724567
197,2018-08-09 05:05:00,,3.6,16.9,0.9,13.1,5.1,348.0,12.22,286.004,,,0.0,23.89,0.9,0.0,50.0,15.56,BKOC1,5725,-121.178953, 40.724567
198,2018-08-09 06:05:00,,3.7,16.7,0.9,13.0,5.19,13.0,10.56,286.004,,,0.0,23.89,0.9,0.0,56.0,13.89,BKOC1,5725,-121.178953, 40.724567
199,2018-08-09 07:05:00,,3.8,16.7,0.45,13.0,4.12,3.0,9.44,286.004,,,0.0,23.33,0.45,0.0,58.0,12.22,BKOC1,5725,-121.178953, 40.724567
200,2018-08-09 08:05:00,,3.9,16.5,0.9,13.0,4.26,338.0,8.33,286.004,,,0.0,23.33,0.9,0.0,63.0,11.11,BKOC1,5725,-121.178953, 40.724567
201,2018-08-09 09:05:00,,3.9,16.3,0.9,12.9,3.97,334.0,7.78,286.004,,,0.0,22.78,0.9,0.0,64.0,10.56,BKOC1,5725,-121.178953, 40.724567
202,2018-08-09 10:05:00,,4.1,16.2,0.0,12.9,3.77,340.0,6.11,286.004,,,0.0,22.78,0.0,0.0,68.0,9.44,BKOC1,5725,-121.178953, 40.724567
203,2018-08-09 11:05:00,,4.3,16.1,1.34,12.9,3.77,333.0,6.67,286.004,,,0.0,22.22,1.34,0.0,68.0,9.44,BKOC1,5725,-121.178953, 40.724567
204,2018-08-09 12:05:00,,4.4,15.9,0.9,12.9,1.32,5.0,5.0,286.004,,,0.0,22.22,0.9,0.0,64.0,7.78,BKOC1,5725,-121.178953, 40.724567
205,2018-08-09 13:05:00,N,4.6,15.8,0.9,12.9,0.42,344.0,3.89,286.004,,353.0,0.45,21.67,0.9,0.0,60.0,7.78,BKOC1,5725,-121.178953, 40.724567
206,2018-08-09 14:05:00,,4.9,15.8,0.45,12.9,0.22,341.0,5.56,286.004,,,0.0,21.11,0.45,21.0,57.0,8.33,BKOC1,5725,-121.178953, 40.724567
207,2018-08-09 15:05:00,,5.5,15.6,0.9,13.0,3.11,139.0,10.56,286.004,,,0.0,21.11,0.9,71.0,56.0,11.67,BKOC1,5725,-121.178953, 40.724567
208,2018-08-09 16:05:00,,6.1,15.5,0.9,13.3,6.81,157.0,18.89,286.004,,,0.0,21.11,0.9,169.0,44.0,19.44,BKOC1,5725,-121.178953, 40.724567
209,2018-08-09 17:05:00,S,6.3,15.5,2.68,13.7,-2.52,170.0,34.44,286.004,26.36,169.0,1.34,20.56,2.68,382.0,14.0,27.22,BKOC1,5725,-121.178953, 40.724567
210,2018-08-09 18:05:00,SE,5.6,15.5,4.47,13.6,-5.7,172.0,41.67,286.004,28.2,139.0,1.34,20.56,4.47,712.0,9.0,30.56,BKOC1,5725,-121.178953, 40.724567
211,2018-08-09 19:05:00,ESE,4.8,15.5,3.58,13.3,-6.83,110.0,46.11,286.004,30.16,106.0,0.9,20.56,3.58,848.0,7.0,33.33,BKOC1,5725,-121.178953, 40.724567
212,2018-08-09 20:05:00,SE,4.2,15.8,4.92,13.2,-5.17,105.0,48.89,286.004,31.96,124.0,1.34,21.11,4.92,910.0,7.0,35.56,BKOC1,5725,-121.178953, 40.724567
213,2018-08-09 21:05:00,SW,3.8,16.0,4.92,13.2,4.25,212.0,45.56,286.004,32.03,227.0,0.9,21.67,4.92,892.0,15.0,34.44,BKOC1,5725,-121.178953, 40.724567
214,2018-08-09 22:05:00,WNW,3.6,16.3,5.37,13.1,1.59,1.0,43.89,286.004,32.26,301.0,0.9,22.22,5.37,819.0,12.0,35.0,BKOC1,5725,-121.178953, 40.724567
215,2018-08-09 23:05:00,W,3.5,16.6,4.02,13.2,3.28,255.0,43.33,286.004,31.97,276.0,1.34,22.78,4.02,730.0,14.0,34.44,BKOC1,5725,-121.178953, 40.724567
216,2018-08-10 00:05:00,WNW,3.3,16.8,4.47,13.1,3.81,262.0,40.0,286.004,30.52,284.0,1.34,23.33,4.47,580.0,16.0,32.78,BKOC1,5725,-121.178953, 40.724567
217,2018-08-10 01:05:00,W,3.4,16.9,4.02,13.5,4.56,192.0,35.56,286.004,29.59,277.0,0.45,23.89,4.02,389.0,18.0,31.67,BKOC1,5725,-121.178953, 40.724567
218,2018-08-10 02:05:00,WSW,3.4,16.9,3.13,13.3,4.43,285.0,28.33,286.004,27.4,238.0,0.45,23.89,3.13,188.0,21.0,28.89,BKOC1,5725,-121.178953, 40.724567
219,2018-08-10 03:05:00,WNW,3.4,17.0,2.23,13.2,4.21,260.0,21.67,286.004,,295.0,0.45,23.89,2.23,35.0,27.0,24.44,BKOC1,5725,-121.178953, 40.724567
220,2018-08-10 04:05:00,,3.4,16.9,0.45,13.1,3.24,13.0,16.11,286.004,,,0.0,24.44,0.45,1.0,32.0,20.56,BKOC1,5725,-121.178953, 40.724567
221,2018-08-10 05:05:00,N,3.4,16.8,0.9,13.1,3.42,336.0,14.44,286.004,,352.0,0.45,23.89,0.9,0.0,40.0,17.22,BKOC1,5725,-121.178953, 40.724567
222,2018-08-10 06:05:00,,3.4,16.7,0.9,13.0,2.1,338.0,11.67,286.004,,,0.0,23.89,0.9,0.0,42.0,15.0,BKOC1,5725,-121.178953, 40.724567
223,2018-08-10 07:05:00,N,3.5,16.5,0.9,13.0,2.37,2.0,10.56,286.004,,1.0,0.45,23.89,0.9,0.0,46.0,13.89,BKOC1,5725,-121.178953, 40.724567
224,2018-08-10 08:05:00,,3.5,16.4,0.9,13.0,2.01,11.0,8.33,286.004,,,0.0,23.33,0.9,0.0,50.0,12.22,BKOC1,5725,-121.178953, 40.724567
225,2018-08-10 09:05:00,,3.6,16.2,0.9,12.9,1.29,351.0,7.22,286.004,,,0.0,23.33,0.9,0.0,53.0,10.56,BKOC1,5725,-121.178953, 40.724567
226,2018-08-10 10:05:00,,3.7,16.2,0.9,12.9,1.29,5.0,6.67,286.004,,,0.0,22.78,0.9,0.0,53.0,10.56,BKOC1,5725,-121.178953, 40.724567
227,2018-08-10 11:05:00,,3.7,16.1,0.9,12.9,-0.01,6.0,5.56,286.004,,,0.0,22.78,0.9,0.0,54.0,8.89,BKOC1,5725,-121.178953, 40.724567
228,2018-08-10 12:05:00,,3.8,15.9,0.45,12.9,-2.1,11.0,4.44,286.004,,,0.0,22.22,0.45,0.0,50.0,7.78,BKOC1,5725,-121.178953, 40.724567
229,2018-08-10 13:05:00,,3.9,15.8,0.45,12.9,-3.63,331.0,5.0,286.004,,,0.0,21.67,0.45,0.0,43.0,8.33,BKOC1,5725,-121.178953, 40.724567
230,2018-08-10 14:05:00,,4.0,15.7,0.45,12.9,-1.59,341.0,5.56,286.004,,,0.0,21.67,0.45,17.0,50.0,8.33,BKOC1,5725,-121.178953, 40.724567
231,2018-08-10 15:05:00,,4.4,15.6,0.45,13.0,2.85,357.0,10.56,286.004,,,0.0,21.11,0.45,77.0,55.0,11.67,BKOC1,5725,-121.178953, 40.724567
232,2018-08-10 16:05:00,,4.7,15.5,0.9,13.3,6.64,185.0,18.33,286.004,,,0.0,21.11,0.9,168.0,45.0,18.89,BKOC1,5725,-121.178953, 40.724567
233,2018-08-10 17:05:00,S,5.1,15.4,1.34,13.7,3.02,116.0,31.67,286.004,,184.0,0.45,21.11,1.34,362.0,24.0,25.0,BKOC1,5725,-121.178953, 40.724567
234,2018-08-10 18:05:00,S,5.0,15.4,2.68,13.6,1.01,187.0,38.33,286.004,26.91,173.0,0.45,20.56,2.68,657.0,17.0,28.33,BKOC1,5725,-121.178953, 40.724567
235,2018-08-10 19:05:00,WSW,4.6,15.5,3.58,13.3,1.54,198.0,40.56,286.004,28.15,254.0,0.9,21.11,3.58,773.0,16.0,30.0,BKOC1,5725,-121.178953, 40.724567
236,2018-08-10 20:05:00,SSW,4.2,15.7,3.58,13.4,1.06,199.0,43.33,286.004,29.49,196.0,0.9,21.11,3.58,834.0,14.0,31.67,BKOC1,5725,-121.178953, 40.724567
237,2018-08-10 21:05:00,SW,3.9,15.9,5.37,13.2,-1.78,219.0,43.89,286.004,29.71,231.0,0.9,21.67,5.37,848.0,11.0,32.22,BKOC1,5725,-121.178953, 40.724567
238,2018-08-10 22:05:00,SW,4.0,16.2,4.92,13.4,-1.34,258.0,42.22,286.004,30.17,231.0,1.79,22.22,4.92,871.0,11.0,32.78,BKOC1,5725,-121.178953, 40.724567
239,2018-08-10 23:05:00,SSW,3.6,16.4,4.92,13.2,-2.61,217.0,42.22,286.004,30.05,197.0,1.34,22.78,4.92,764.0,10.0,32.78,BKOC1,5725,-121.178953, 40.724567
240,2018-08-11 00:05:00,SW,3.5,16.5,5.37,13.8,-1.78,272.0,40.56,286.004,29.71,229.0,1.34,23.33,5.37,641.0,11.0,32.22,BKOC1,5725,-121.178953, 40.724567
241,2018-08-11 01:05:00,SW,3.4,16.7,4.02,13.2,0.16,215.0,35.56,286.004,28.58,235.0,0.9,23.33,4.02,450.0,14.0,30.56,BKOC1,5725,-121.178953, 40.724567
242,2018-08-11 02:05:00,WSW,3.3,16.7,4.47,13.2,0.1,263.0,26.67,286.004,26.44,241.0,0.9,23.89,4.47,231.0,17.0,27.22,BKOC1,5725,-121.178953, 40.724567
243,2018-08-11 03:05:00,,3.3,16.8,2.68,13.1,-0.44,346.0,20.0,286.004,,,0.0,23.89,2.68,30.0,20.0,23.89,BKOC1,5725,-121.178953, 40.724567
244,2018-08-11 04:05:00,,3.3,16.7,0.9,13.1,-0.68,345.0,16.11,286.004,,,0.0,23.89,0.9,1.0,25.0,20.0,BKOC1,5725,-121.178953, 40.724567
245,2018-08-11 05:05:00,,3.3,16.6,0.45,13.0,-0.19,333.0,12.78,286.004,,,0.0,23.89,0.45,0.0,32.0,16.67,BKOC1,5725,-121.178953, 40.724567
246,2018-08-11 06:05:00,,3.3,16.6,0.9,13.0,-0.55,5.0,11.11,286.004,,,0.0,23.89,0.9,0.0,36.0,14.44,BKOC1,5725,-121.178953, 40.724567
247,2018-08-11 07:05:00,,3.4,16.4,0.45,13.0,-0.09,3.0,10.0,286.004,,,0.0,23.33,0.45,0.0,40.0,13.33,BKOC1,5725,-121.178953, 40.724567
248,2018-08-11 08:05:00,,3.3,16.3,0.9,12.9,-1.25,356.0,8.33,286.004,,,0.0,23.33,0.9,0.0,41.0,11.67,BKOC1,5725,-121.178953, 40.724567
249,2018-08-11 09:05:00,,3.4,16.1,0.9,12.9,-0.6,355.0,8.33,286.004,,,0.0,22.78,0.9,0.0,43.0,11.67,BKOC1,5725,-121.178953, 40.724567
250,2018-08-11 10:05:00,,3.4,15.9,0.9,12.9,-1.8,30.0,7.22,286.004,,,0.0,22.78,0.9,0.0,44.0,10.0,BKOC1,5725,-121.178953, 40.724567
251,2018-08-11 11:05:00,,3.5,15.9,1.34,12.9,-1.8,321.0,6.67,286.004,,,0.0,22.22,1.34,0.0,44.0,10.0,BKOC1,5725,-121.178953, 40.724567
252,2018-08-11 12:05:00,,3.5,15.8,0.9,12.9,-2.01,201.0,6.11,286.004,,,0.0,22.22,0.9,0.0,45.0,9.44,BKOC1,5725,-121.178953, 40.724567
253,2018-08-11 13:05:00,,3.5,15.6,0.9,12.9,-2.15,12.0,5.0,286.004,,,0.0,21.67,0.9,0.0,48.0,8.33,BKOC1,5725,-121.178953, 40.724567
254,2018-08-11 14:05:00,,3.7,15.5,1.34,12.9,-1.12,332.0,7.22,286.004,,,0.0,21.67,1.34,18.0,48.0,9.44,BKOC1,5725,-121.178953, 40.724567
255,2018-08-11 15:05:00,,3.9,15.5,0.9,13.0,2.53,8.0,11.67,286.004,,,0.0,21.11,0.9,69.0,50.0,12.78,BKOC1,5725,-121.178953, 40.724567
256,2018-08-11 16:05:00,SSE,4.2,15.4,1.34,13.3,4.01,142.0,19.44,286.004,,151.0,0.45,21.11,1.34,153.0,35.0,20.0,BKOC1,5725,-121.178953, 40.724567
257,2018-08-11 17:05:00,SSE,4.4,15.4,2.68,13.7,2.28,159.0,33.33,286.004,,157.0,0.9,21.11,2.68,388.0,22.0,25.56,BKOC1,5725,-121.178953, 40.724567
258,2018-08-11 18:05:00,S,4.1,15.3,4.92,13.6,-1.18,215.0,39.44,286.004,27.28,185.0,1.34,20.56,4.92,690.0,14.0,28.89,BKOC1,5725,-121.178953, 40.724567
259,2018-08-11 19:05:00,S,4.1,15.4,5.37,13.3,-0.4,71.0,42.78,286.004,29.02,184.0,1.34,21.11,5.37,807.0,13.0,31.11,BKOC1,5725,-121.178953, 40.724567
260,2018-08-11 20:05:00,SSW,4.0,15.5,5.37,13.5,2.01,298.0,42.78,286.004,29.51,205.0,1.34,21.11,5.37,872.0,15.0,31.67,BKOC1,5725,-121.178953, 40.724567
261,2018-08-11 21:05:00,SW,3.5,15.8,5.81,13.2,1.06,285.0,43.33,286.004,29.49,228.0,1.34,21.67,5.81,885.0,14.0,31.67,BKOC1,5725,-121.178953, 40.724567
262,2018-08-11 22:05:00,SSW,3.6,16.2,5.81,13.5,0.61,254.0,40.0,286.004,29.03,208.0,1.79,22.22,5.81,828.0,14.0,31.11,BKOC1,5725,-121.178953, 40.724567
263,2018-08-11 23:05:00,SW,3.4,16.4,7.15,13.2,1.55,278.0,39.44,286.004,29.04,224.0,1.79,23.33,7.15,732.0,15.0,31.11,BKOC1,5725,-121.178953, 40.724567
264,2018-08-12 00:05:00,SW,3.3,16.6,5.81,13.4,0.65,251.0,37.22,286.004,28.14,220.0,1.34,23.33,5.81,586.0,15.0,30.0,BKOC1,5725,-121.178953, 40.724567
265,2018-08-12 01:05:00,WSW,3.2,16.6,6.7,13.4,1.01,273.0,32.78,286.004,26.91,246.0,1.34,23.89,6.7,419.0,17.0,28.33,BKOC1,5725,-121.178953, 40.724567
266,2018-08-12 02:05:00,WSW,3.3,16.7,5.37,13.3,1.63,268.0,25.56,286.004,,252.0,0.9,23.89,5.37,215.0,21.0,25.56,BKOC1,5725,-121.178953, 40.724567
267,2018-08-12 03:05:00,W,3.3,16.8,3.13,13.2,3.78,252.0,20.0,286.004,,280.0,0.45,23.89,3.13,38.0,30.0,22.22,BKOC1,5725,-121.178953, 40.724567
268,2018-08-12 04:05:00,,3.3,16.6,2.68,13.1,4.06,292.0,14.44,286.004,,,0.0,23.89,2.68,1.0,39.0,18.33,BKOC1,5725,-121.178953, 40.724567
269,2018-08-12 05:05:00,NNW,3.3,16.5,1.34,13.1,3.9,329.0,12.22,286.004,,348.0,0.45,23.89,1.34,0.0,46.0,15.56,BKOC1,5725,-121.178953, 40.724567
270,2018-08-12 06:05:00,N,3.4,16.4,1.34,13.0,2.53,340.0,9.44,286.004,,357.0,0.45,23.89,1.34,0.0,50.0,12.78,BKOC1,5725,-121.178953, 40.724567
271,2018-08-12 07:05:00,,3.3,16.4,0.9,13.0,1.78,3.0,8.33,286.004,,,0.0,23.89,0.9,0.0,51.0,11.67,BKOC1,5725,-121.178953, 40.724567
272,2018-08-12 08:05:00,,3.4,16.1,0.9,13.0,0.19,12.0,7.22,286.004,,,0.0,23.33,0.9,0.0,49.0,10.56,BKOC1,5725,-121.178953, 40.724567
273,2018-08-12 09:05:00,,3.4,16.1,1.34,13.0,-0.53,350.0,6.11,286.004,,,0.0,23.33,1.34,0.0,52.0,8.89,BKOC1,5725,-121.178953, 40.724567
274,2018-08-12 10:05:00,,3.5,15.9,0.9,12.9,-0.02,326.0,5.0,286.004,,,0.0,22.78,0.9,0.0,56.0,8.33,BKOC1,5725,-121.178953, 40.724567
275,2018-08-12 11:05:00,,3.6,15.8,0.9,12.9,0.18,338.0,4.44,286.004,,,0.0,22.22,0.9,0.0,59.0,7.78,BKOC1,5725,-121.178953, 40.724567
276,2018-08-12 12:05:00,,3.6,15.7,0.45,12.9,0.12,5.0,3.89,286.004,,,0.0,22.22,0.45,0.0,61.0,7.22,BKOC1,5725,-121.178953, 40.724567
277,2018-08-12 13:05:00,,3.7,15.5,0.9,12.9,-0.17,202.0,3.33,286.004,,,0.0,21.67,0.9,0.0,62.0,6.67,BKOC1,5725,-121.178953, 40.724567
278,2018-08-12 14:05:00,NNW,3.9,15.5,0.9,12.9,0.35,341.0,4.44,286.004,,329.0,0.45,21.67,0.9,13.0,62.0,7.22,BKOC1,5725,-121.178953, 40.724567
279,2018-08-12 15:05:00,,4.1,15.4,0.9,13.0,3.21,199.0,8.33,286.004,,,0.0,21.11,0.9,44.0,63.0,10.0,BKOC1,5725,-121.178953, 40.724567
280,2018-08-12 16:05:00,SSE,4.7,15.2,1.79,13.1,3.51,162.0,16.67,286.004,,160.0,0.45,21.11,1.79,120.0,35.0,19.44,BKOC1,5725,-121.178953, 40.724567
281,2018-08-12 17:05:00,S,4.9,15.2,2.23,13.4,0.96,151.0,35.0,286.004,,177.0,0.9,20.56,2.23,407.0,20.0,25.56,BKOC1,5725,-121.178953, 40.724567
282,2018-08-12 18:05:00,S,5.0,15.2,3.13,13.7,-1.14,188.0,40.56,286.004,26.49,186.0,0.9,20.56,3.13,755.0,15.0,27.78,BKOC1,5725,-121.178953, 40.724567
283,2018-08-12 19:05:00,S,4.2,15.2,4.02,13.3,-1.29,266.0,43.33,286.004,28.13,188.0,1.34,20.56,4.02,876.0,13.0,30.0,BKOC1,5725,-121.178953, 40.724567
284,2018-08-12 20:05:00,W,3.9,15.4,4.02,13.3,0.65,330.0,42.78,286.004,28.14,276.0,0.9,21.11,4.02,945.0,15.0,30.0,BKOC1,5725,-121.178953, 40.724567
285,2018-08-12 21:05:00,SSW,3.5,15.8,4.47,13.5,0.16,241.0,43.89,286.004,28.58,198.0,1.34,21.67,4.47,960.0,14.0,30.56,BKOC1,5725,-121.178953, 40.724567
286,2018-08-12 22:05:00,W,3.6,16.1,4.92,13.2,1.54,281.0,40.0,286.004,28.15,265.0,1.79,22.22,4.92,903.0,16.0,30.0,BKOC1,5725,-121.178953, 40.724567
287,2018-08-12 23:05:00,SW,3.2,16.3,4.47,13.3,0.16,288.0,40.56,286.004,28.58,233.0,1.34,22.78,4.47,800.0,14.0,30.56,BKOC1,5725,-121.178953, 40.724567
288,2018-08-13 00:05:00,WSW,3.6,16.4,4.02,13.2,-0.29,216.0,36.67,286.004,28.13,238.0,1.34,23.33,4.02,554.0,14.0,30.0,BKOC1,5725,-121.178953, 40.724567
289,2018-08-13 01:05:00,SW,3.2,16.5,3.58,13.7,0.18,271.0,33.89,286.004,26.9,236.0,1.34,23.89,3.58,468.0,16.0,28.33,BKOC1,5725,-121.178953, 40.724567
290,2018-08-13 02:05:00,WSW,3.3,16.6,3.58,13.4,0.25,286.0,24.44,286.004,,237.0,0.45,23.89,3.58,217.0,19.0,25.56,BKOC1,5725,-121.178953, 40.724567
291,2018-08-13 03:05:00,,3.3,16.6,2.23,13.2,0.18,215.0,18.33,286.004,,,0.0,23.89,2.23,29.0,24.0,21.67,BKOC1,5725,-121.178953, 40.724567
292,2018-08-13 04:05:00,,3.3,16.6,1.34,13.1,0.35,278.0,13.89,286.004,,,0.0,23.89,1.34,1.0,31.0,17.78,BKOC1,5725,-121.178953, 40.724567
293,2018-08-13 05:05:00,,3.3,16.5,0.9,13.1,-0.55,4.0,11.67,286.004,,,0.0,23.89,0.9,0.0,36.0,14.44,BKOC1,5725,-121.178953, 40.724567
294,2018-08-13 06:05:00,,3.3,16.3,0.9,13.0,-1.59,359.0,8.33,286.004,,,0.0,23.89,0.9,0.0,40.0,11.67,BKOC1,5725,-121.178953, 40.724567
295,2018-08-13 07:05:00,N,3.3,16.2,0.9,13.0,-1.8,345.0,6.11,286.004,,357.0,0.45,23.33,0.9,0.0,44.0,10.0,BKOC1,5725,-121.178953, 40.724567
296,2018-08-13 08:05:00,,3.3,16.1,0.9,13.0,-5.13,347.0,6.11,286.004,,,0.0,23.33,0.9,0.0,37.0,8.89,BKOC1,5725,-121.178953, 40.724567
297,2018-08-13 09:05:00,,3.3,15.9,0.45,12.9,-6.13,14.0,4.44,286.004,,,0.0,22.78,0.45,0.0,37.0,7.78,BKOC1,5725,-121.178953, 40.724567
298,2018-08-13 10:05:00,,3.3,15.8,0.0,12.9,-4.84,5.0,3.89,286.004,,,0.0,22.78,0.0,0.0,44.0,6.67,BKOC1,5725,-121.178953, 40.724567
299,2018-08-13 11:05:00,,3.4,15.7,0.45,12.9,-3.67,344.0,3.33,286.004,,,0.0,22.22,0.45,0.0,48.0,6.67,BKOC1,5725,-121.178953, 40.724567
300,2018-08-13 12:05:00,,3.4,15.5,0.45,12.9,-3.11,348.0,3.33,286.004,,,0.0,21.67,0.45,0.0,52.0,6.11,BKOC1,5725,-121.178953, 40.724567
301,2018-08-13 13:05:00,,3.5,15.4,0.9,12.9,-2.59,4.0,3.33,286.004,,,0.0,21.67,0.9,0.0,52.0,6.67,BKOC1,5725,-121.178953, 40.724567
302,2018-08-13 14:05:00,,3.5,15.3,1.34,12.9,-2.6,344.0,3.33,286.004,,,0.0,21.11,1.34,11.0,54.0,6.11,BKOC1,5725,-121.178953, 40.724567
303,2018-08-13 15:05:00,,3.7,15.1,0.9,12.9,1.54,201.0,6.67,286.004,,,0.0,21.11,0.9,32.0,56.0,10.0,BKOC1,5725,-121.178953, 40.724567
304,2018-08-13 16:05:00,ESE,4.1,15.1,1.34,13.1,-3.35,212.0,16.11,286.004,,106.0,0.45,20.56,1.34,116.0,22.0,18.89,BKOC1,5725,-121.178953, 40.724567
305,2018-08-13 17:05:00,SSW,4.3,15.1,2.23,13.4,-6.31,120.0,33.89,286.004,,201.0,0.45,20.56,2.23,414.0,12.0,25.0,BKOC1,5725,-121.178953, 40.724567
306,2018-08-13 18:05:00,S,4.2,15.0,3.13,13.7,-6.48,198.0,40.56,286.004,26.24,169.0,1.34,20.56,3.13,767.0,10.0,27.78,BKOC1,5725,-121.178953, 40.724567
307,2018-08-13 19:05:00,SSW,3.7,15.1,4.02,13.3,-5.2,205.0,42.78,286.004,27.44,205.0,1.34,20.56,4.02,904.0,10.0,29.44,BKOC1,5725,-121.178953, 40.724567
308,2018-08-13 20:05:00,SW,3.5,15.3,4.02,13.3,-4.33,28.0,43.89,286.004,28.29,214.0,1.34,20.56,4.02,958.0,10.0,30.56,BKOC1,5725,-121.178953, 40.724567
309,2018-08-13 21:05:00,SSW,3.5,15.6,4.92,13.4,-3.08,274.0,42.78,286.004,28.38,202.0,1.34,21.11,4.92,939.0,11.0,30.56,BKOC1,5725,-121.178953, 40.724567
310,2018-08-13 22:05:00,SW,3.4,15.9,5.37,13.2,-3.08,201.0,41.67,286.004,28.38,224.0,1.34,22.22,5.37,917.0,11.0,30.56,BKOC1,5725,-121.178953, 40.724567
311,2018-08-13 23:05:00,SSW,3.3,16.1,6.7,13.3,-0.84,243.0,41.67,286.004,28.57,199.0,1.34,22.78,6.7,808.0,13.0,30.56,BKOC1,5725,-121.178953, 40.724567
312,2018-08-14 00:05:00,WSW,3.0,16.3,5.37,13.2,-0.29,351.0,37.78,286.004,28.13,246.0,0.9,23.33,5.37,632.0,14.0,30.0,BKOC1,5725,-121.178953, 40.724567
313,2018-08-14 01:05:00,SW,3.0,16.4,4.02,13.6,1.35,314.0,32.78,286.004,26.55,221.0,0.45,23.33,4.02,427.0,18.0,27.78,BKOC1,5725,-121.178953, 40.724567
314,2018-08-14 02:05:00,WSW,3.1,16.5,3.13,13.4,1.95,268.0,23.89,286.004,,246.0,0.9,23.89,3.13,197.0,23.0,24.44,BKOC1,5725,-121.178953, 40.724567
315,2018-08-14 03:05:00,,3.1,16.5,2.68,13.2,1.36,283.0,17.78,286.004,,,0.0,23.89,2.68,31.0,28.0,20.56,BKOC1,5725,-121.178953, 40.724567
316,2018-08-14 04:05:00,,3.1,16.5,0.9,13.1,1.14,44.0,12.78,286.004,,,0.0,23.89,0.9,1.0,34.0,17.22,BKOC1,5725,-121.178953, 40.724567
317,2018-08-14 05:05:00,,3.1,16.4,0.9,13.1,0.07,302.0,10.56,286.004,,,0.0,23.89,0.9,0.0,39.0,13.89,BKOC1,5725,-121.178953, 40.724567
318,2018-08-14 06:05:00,,3.1,16.2,0.9,13.0,0.03,355.0,8.89,286.004,,,0.0,23.89,0.9,0.0,45.0,11.67,BKOC1,5725,-121.178953, 40.724567
319,2018-08-14 07:05:00,,2.5,16.1,0.9,13.0,-0.68,345.0,6.67,286.004,,,0.0,23.33,0.9,0.0,46.0,10.56,BKOC1,5725,-121.178953, 40.724567
320,2018-08-14 08:05:00,,2.6,16.0,0.9,13.0,-1.63,13.0,6.11,286.004,,,0.0,23.33,0.9,0.0,48.0,8.89,BKOC1,5725,-121.178953, 40.724567
321,2018-08-14 09:05:00,N,3.2,15.8,1.34,12.9,-2.65,345.0,5.0,286.004,,354.0,0.9,22.78,1.34,0.0,48.0,7.78,BKOC1,5725,-121.178953, 40.724567
322,2018-08-14 10:05:00,,2.6,15.7,0.9,12.9,-3.96,353.0,3.89,286.004,,,0.0,22.22,0.9,0.0,47.0,6.67,BKOC1,5725,-121.178953, 40.724567
323,2018-08-14 11:05:00,,3.3,15.6,0.9,12.9,-3.96,341.0,3.89,286.004,,,0.0,22.22,0.9,0.0,47.0,6.67,BKOC1,5725,-121.178953, 40.724567
324,2018-08-14 12:05:00,,3.3,15.4,0.9,12.9,-4.25,344.0,3.89,286.004,,,0.0,21.67,0.9,0.0,46.0,6.67,BKOC1,5725,-121.178953, 40.724567
325,2018-08-14 13:05:00,,3.3,15.3,0.9,12.9,-4.47,1.0,3.33,286.004,,,0.0,21.67,0.9,0.0,47.0,6.11,BKOC1,5725,-121.178953, 40.724567
326,2018-08-14 14:05:00,N,3.5,15.2,0.9,12.9,-3.45,347.0,4.44,286.004,,349.0,0.45,21.11,0.9,15.0,47.0,7.22,BKOC1,5725,-121.178953, 40.724567
327,2018-08-14 15:05:00,,3.7,15.2,0.45,13.0,0.48,160.0,8.89,286.004,,,0.0,21.11,0.45,45.0,50.0,10.56,BKOC1,5725,-121.178953, 40.724567
328,2018-08-14 16:05:00,,4.0,15.1,0.9,13.1,0.88,170.0,17.22,286.004,,,0.0,20.56,0.9,104.0,29.0,19.44,BKOC1,5725,-121.178953, 40.724567
329,2018-08-14 17:05:00,SSE,4.2,15.0,3.13,13.5,-1.26,176.0,34.44,286.004,,149.0,0.9,20.56,3.13,403.0,17.0,25.56,BKOC1,5725,-121.178953, 40.724567
330,2018-08-14 18:05:00,,4.2,15.0,2.68,13.9,-1.17,164.0,34.44,286.004,25.81,,0.0,20.56,2.68,615.0,16.0,26.67,BKOC1,5725,-121.178953, 40.724567
331,2018-08-14 19:05:00,SSW,3.8,15.0,3.58,13.3,-1.29,221.0,42.78,286.004,28.13,211.0,1.34,20.56,3.58,765.0,13.0,30.0,BKOC1,5725,-121.178953, 40.724567
332,2018-08-14 20:05:00,SSW,3.8,15.2,4.02,13.2,-0.4,316.0,44.44,286.004,29.02,213.0,1.34,20.56,4.02,948.0,13.0,31.11,BKOC1,5725,-121.178953, 40.724567
333,2018-08-14 21:05:00,WNW,3.4,15.5,5.81,13.2,0.04,210.0,44.44,286.004,29.49,292.0,1.34,21.11,5.81,959.0,13.0,31.67,BKOC1,5725,-121.178953, 40.724567
334,2018-08-14 22:05:00,NW,3.2,15.8,4.02,13.2,0.04,329.0,42.22,286.004,29.49,317.0,0.9,22.22,4.02,897.0,13.0,31.67,BKOC1,5725,-121.178953, 40.724567
335,2018-08-14 23:05:00,WSW,3.3,16.0,4.02,13.3,1.55,236.0,41.67,286.004,29.04,251.0,1.34,22.78,4.02,775.0,15.0,31.11,BKOC1,5725,-121.178953, 40.724567
336,2018-08-15 00:05:00,W,3.2,16.2,4.47,13.7,2.38,322.0,38.89,286.004,28.17,275.0,1.34,23.33,4.47,571.0,17.0,30.0,BKOC1,5725,-121.178953, 40.724567
337,2018-08-15 01:05:00,WNW,3.0,16.3,5.37,13.7,1.8,229.0,33.89,286.004,26.93,284.0,0.9,23.33,5.37,441.0,18.0,28.33,BKOC1,5725,-121.178953, 40.724567
338,2018-08-15 02:05:00,W,3.2,16.4,3.13,13.4,1.81,339.0,24.44,286.004,,277.0,0.45,23.89,3.13,190.0,22.0,25.0,BKOC1,5725,-121.178953, 40.724567
339,2018-08-15 03:05:00,,3.2,16.4,2.23,13.2,1.29,243.0,18.89,286.004,,,0.0,23.89,2.23,25.0,26.0,21.67,BKOC1,5725,-121.178953, 40.724567
340,2018-08-15 04:05:00,,3.2,16.4,1.34,13.1,0.88,283.0,18.33,286.004,,,0.0,23.89,1.34,0.0,28.0,20.0,BKOC1,5725,-121.178953, 40.724567
341,2018-08-15 05:05:00,,3.2,16.3,0.45,13.1,0.87,332.0,17.78,286.004,,,0.0,23.89,0.45,0.0,30.0,18.89,BKOC1,5725,-121.178953, 40.724567
342,2018-08-15 06:05:00,,3.2,16.2,0.9,13.1,1.44,341.0,13.33,286.004,,,0.0,23.89,0.9,0.0,36.0,16.67,BKOC1,5725,-121.178953, 40.724567
343,2018-08-15 07:05:00,,3.2,16.1,0.9,13.1,3.18,339.0,11.67,286.004,,,0.0,23.33,0.9,0.0,47.0,14.44,BKOC1,5725,-121.178953, 40.724567
344,2018-08-15 08:05:00,NNE,3.4,16.0,1.79,13.0,3.18,324.0,13.33,286.004,,31.0,0.45,23.33,1.79,0.0,47.0,14.44,BKOC1,5725,-121.178953, 40.724567
345,2018-08-15 09:05:00,,3.4,15.8,2.23,13.0,3.59,325.0,13.89,286.004,,,0.0,23.33,2.23,0.0,45.0,15.56,BKOC1,5725,-121.178953, 40.724567
346,2018-08-15 10:05:00,,3.5,15.7,0.9,13.0,2.43,338.0,13.33,286.004,,,0.0,22.78,0.9,0.0,43.0,15.0,BKOC1,5725,-121.178953, 40.724567
347,2018-08-15 11:05:00,,3.5,15.6,0.9,12.9,2.43,342.0,13.33,286.004,,,0.0,22.78,0.9,0.0,43.0,15.0,BKOC1,5725,-121.178953, 40.724567
348,2018-08-15 12:05:00,,3.6,15.5,0.0,12.9,2.37,354.0,12.78,286.004,,,0.0,22.22,0.0,0.0,46.0,13.89,BKOC1,5725,-121.178953, 40.724567
349,2018-08-15 13:05:00,,3.7,15.5,1.34,12.9,3.87,322.0,12.22,286.004,,,0.0,22.22,1.34,0.0,53.0,13.33,BKOC1,5725,-121.178953, 40.724567
350,2018-08-15 14:05:00,,3.8,15.4,1.34,12.9,1.66,338.0,10.0,286.004,,,0.0,22.22,1.34,8.0,47.0,12.78,BKOC1,5725,-121.178953, 40.724567
351,2018-08-15 15:05:00,,4.1,15.3,0.9,13.0,3.39,333.0,14.44,286.004,,,0.0,21.67,0.9,65.0,46.0,15.0,BKOC1,5725,-121.178953, 40.724567
352,2018-08-15 16:05:00,,4.4,15.3,1.34,13.1,1.84,66.0,20.0,286.004,,,0.0,21.67,1.34,123.0,28.0,21.11,BKOC1,5725,-121.178953, 40.724567
353,2018-08-15 17:05:00,S,4.3,15.2,2.68,13.5,0.49,199.0,31.11,286.004,,169.0,1.34,21.67,2.68,359.0,20.0,25.0,BKOC1,5725,-121.178953, 40.724567
354,2018-08-15 18:05:00,SSE,4.5,15.2,2.68,13.6,2.81,163.0,38.33,286.004,26.59,147.0,0.9,21.67,2.68,528.0,20.0,27.78,BKOC1,5725,-121.178953, 40.724567
355,2018-08-15 19:05:00,SSW,4.2,15.3,3.13,13.3,2.72,63.0,42.78,286.004,27.75,206.0,0.9,21.67,3.13,833.0,18.0,29.44,BKOC1,5725,-121.178953, 40.724567
356,2018-08-15 20:05:00,NNW,4.4,15.3,3.58,13.8,2.57,319.0,30.56,286.004,25.94,346.0,0.45,21.67,3.58,338.0,21.0,26.67,BKOC1,5725,-121.178953, 40.724567
357,2018-08-15 21:05:00,WSW,3.8,15.6,4.92,13.3,2.38,254.0,41.11,286.004,28.17,249.0,0.9,22.22,4.92,838.0,17.0,30.0,BKOC1,5725,-121.178953, 40.724567
358,2018-08-15 22:05:00,WNW,3.8,15.8,4.92,13.5,3.3,241.0,41.11,286.004,29.08,292.0,1.34,22.78,4.92,829.0,17.0,31.11,BKOC1,5725,-121.178953, 40.724567
359,2018-08-15 23:05:00,WSW,3.9,15.9,4.02,13.2,3.64,318.0,40.0,286.004,28.64,251.0,0.9,23.33,4.02,781.0,18.0,30.56,BKOC1,5725,-121.178953, 40.724567
360,2018-08-16 00:05:00,WNW,3.5,16.1,4.92,13.6,3.94,248.0,40.0,286.004,28.21,303.0,0.9,23.33,4.92,722.0,19.0,30.0,BKOC1,5725,-121.178953, 40.724567
361,2018-08-16 01:05:00,WNW,3.2,16.2,4.47,13.2,5.25,225.0,34.44,286.004,27.06,300.0,0.9,23.89,4.47,494.0,23.0,28.33,BKOC1,5725,-121.178953, 40.724567
362,2018-08-16 02:05:00,W,3.4,16.3,4.92,13.2,3.67,256.0,23.89,286.004,,277.0,0.9,23.89,4.92,205.0,26.0,24.44,BKOC1,5725,-121.178953, 40.724567
363,2018-08-16 03:05:00,,3.4,16.4,2.23,13.1,2.81,352.0,17.78,286.004,,,0.0,23.89,2.23,17.0,30.0,21.11,BKOC1,5725,-121.178953, 40.724567
364,2018-08-16 04:05:00,,3.4,16.3,0.45,13.1,1.54,3.0,13.33,286.004,,,0.0,24.44,0.45,0.0,35.0,17.22,BKOC1,5725,-121.178953, 40.724567
365,2018-08-16 05:05:00,N,3.4,16.3,1.34,13.0,1.93,332.0,11.67,286.004,,353.0,0.45,23.89,1.34,0.0,43.0,14.44,BKOC1,5725,-121.178953, 40.724567
366,2018-08-16 06:05:00,N,3.4,16.1,0.9,13.0,0.73,351.0,10.0,286.004,,5.0,0.45,23.89,0.9,0.0,44.0,12.78,BKOC1,5725,-121.178953, 40.724567
367,2018-08-16 07:05:00,,3.5,16.0,0.9,13.0,0.19,356.0,8.33,286.004,,,0.0,23.89,0.9,0.0,49.0,10.56,BKOC1,5725,-121.178953, 40.724567
368,2018-08-16 08:05:00,,3.5,15.8,1.34,12.9,0.23,336.0,7.78,286.004,,,0.0,23.33,1.34,0.0,51.0,10.0,BKOC1,5725,-121.178953, 40.724567
369,2018-08-16 09:05:00,,3.6,15.7,0.9,12.9,-0.56,7.0,6.67,286.004,,,0.0,23.33,0.9,0.0,50.0,9.44,BKOC1,5725,-121.178953, 40.724567
370,2018-08-16 10:05:00,,3.6,15.6,1.34,12.9,-1.07,356.0,5.56,286.004,,,0.0,22.78,1.34,0.0,50.0,8.89,BKOC1,5725,-121.178953, 40.724567
371,2018-08-16 11:05:00,,3.7,15.5,0.9,12.9,-0.54,338.0,5.0,286.004,,,0.0,22.78,0.9,0.0,56.0,7.78,BKOC1,5725,-121.178953, 40.724567
372,2018-08-16 12:05:00,NW,3.8,15.4,1.34,12.9,-0.53,201.0,5.56,286.004,,314.0,0.45,22.22,1.34,0.0,52.0,8.89,BKOC1,5725,-121.178953, 40.724567
373,2018-08-16 13:05:00,,3.8,15.2,1.34,12.9,-1.31,322.0,4.44,286.004,,,0.0,21.67,1.34,0.0,55.0,7.22,BKOC1,5725,-121.178953, 40.724567
374,2018-08-16 14:05:00,,4.0,15.2,0.9,12.9,-0.27,10.0,5.56,286.004,,,0.0,21.67,0.9,9.0,53.0,8.89,BKOC1,5725,-121.178953, 40.724567
375,2018-08-16 15:05:00,,4.2,15.1,0.9,12.9,3.04,349.0,10.56,286.004,,,0.0,21.11,0.9,31.0,50.0,13.33,BKOC1,5725,-121.178953, 40.724567
376,2018-08-16 16:05:00,SE,4.6,15.0,2.23,13.0,0.81,167.0,19.44,286.004,,127.0,0.9,21.11,2.23,101.0,26.0,21.11,BKOC1,5725,-121.178953, 40.724567
377,2018-08-16 17:05:00,SE,5.0,14.9,2.23,13.3,4.08,161.0,35.0,286.004,,144.0,0.9,21.11,2.23,417.0,25.0,25.56,BKOC1,5725,-121.178953, 40.724567
378,2018-08-16 18:05:00,S,4.5,14.9,4.02,13.7,5.98,173.0,40.56,286.004,26.74,183.0,1.34,20.56,4.02,729.0,25.0,27.78,BKOC1,5725,-121.178953, 40.724567
379,2018-08-16 19:05:00,SSW,4.4,15.0,5.37,13.3,4.43,192.0,41.67,286.004,27.4,203.0,1.79,20.56,5.37,879.0,21.0,28.89,BKOC1,5725,-121.178953, 40.724567
380,2018-08-16 20:05:00,SSE,4.1,15.1,4.47,13.3,4.89,206.0,43.89,286.004,27.82,164.0,1.79,21.11,4.47,956.0,21.0,29.44,BKOC1,5725,-121.178953, 40.724567
381,2018-08-16 21:05:00,S,3.6,15.4,5.81,13.4,3.18,196.0,43.33,286.004,28.19,179.0,1.79,21.67,5.81,956.0,18.0,30.0,BKOC1,5725,-121.178953, 40.724567
382,2018-08-16 22:05:00,SSW,3.9,15.8,5.37,13.2,3.18,201.0,41.11,286.004,28.19,204.0,1.79,22.78,5.37,931.0,18.0,30.0,BKOC1,5725,-121.178953, 40.724567
383,2018-08-16 23:05:00,SSE,3.5,16.0,5.81,13.2,3.18,224.0,41.11,286.004,28.19,157.0,1.79,23.33,5.81,801.0,18.0,30.0,BKOC1,5725,-121.178953, 40.724567
384,2018-08-17 00:05:00,WSW,3.6,16.2,5.81,13.5,4.45,290.0,30.56,286.004,26.02,242.0,0.9,23.89,5.81,446.0,24.0,26.67,BKOC1,5725,-121.178953, 40.724567
385,2018-08-17 01:05:00,SW,3.4,16.2,4.02,13.5,4.08,268.0,28.33,286.004,,222.0,0.45,23.89,4.02,297.0,25.0,25.56,BKOC1,5725,-121.178953, 40.724567
386,2018-08-17 02:05:00,W,3.5,16.3,3.58,13.3,2.8,256.0,21.67,286.004,,260.0,0.45,23.89,3.58,79.0,28.0,22.22,BKOC1,5725,-121.178953, 40.724567
387,2018-08-17 03:05:00,,3.5,16.3,2.23,13.1,2.68,299.0,16.67,286.004,,,0.0,24.44,2.23,20.0,33.0,19.44,BKOC1,5725,-121.178953, 40.724567
388,2018-08-17 04:05:00,,3.5,16.3,0.9,13.1,2.32,349.0,14.44,286.004,,,0.0,23.89,0.9,0.0,37.0,17.22,BKOC1,5725,-121.178953, 40.724567
389,2018-08-17 05:05:00,,3.5,16.1,0.9,13.1,1.59,346.0,11.67,286.004,,,0.0,23.89,0.9,0.0,42.0,14.44,BKOC1,5725,-121.178953, 40.724567
390,2018-08-17 06:05:00,,3.6,16.1,0.9,13.0,1.55,355.0,10.0,286.004,,,0.0,23.89,0.9,0.0,45.0,13.33,BKOC1,5725,-121.178953, 40.724567
391,2018-08-17 07:05:00,,3.6,15.9,0.9,13.0,1.26,345.0,8.33,286.004,,,0.0,23.33,0.9,0.0,51.0,11.11,BKOC1,5725,-121.178953, 40.724567
392,2018-08-17 08:05:00,,3.7,15.7,0.9,12.9,0.48,354.0,8.33,286.004,,,0.0,23.33,0.9,0.0,50.0,10.56,BKOC1,5725,-121.178953, 40.724567
393,2018-08-17 09:05:00,,3.7,15.6,0.45,12.9,-0.09,357.0,8.89,286.004,,,0.0,22.78,0.45,0.0,48.0,10.56,BKOC1,5725,-121.178953, 40.724567
394,2018-08-17 10:05:00,,3.8,15.5,0.0,12.9,-0.53,9.0,5.56,286.004,,,0.0,22.78,0.0,0.0,52.0,8.89,BKOC1,5725,-121.178953, 40.724567
395,2018-08-17 11:05:00,,3.8,15.4,0.9,12.9,-1.3,355.0,5.0,286.004,,,0.0,22.22,0.9,0.0,53.0,7.78,BKOC1,5725,-121.178953, 40.724567
396,2018-08-17 12:05:00,,3.8,15.3,0.9,12.9,-1.16,352.0,2.78,286.004,,,0.0,22.22,0.9,0.0,60.0,6.11,BKOC1,5725,-121.178953, 40.724567
397,2018-08-17 13:05:00,,3.9,15.2,1.34,12.9,-1.86,345.0,2.78,286.004,,,0.0,21.67,1.34,0.0,57.0,6.11,BKOC1,5725,-121.178953, 40.724567
398,2018-08-17 14:05:00,N,4.0,15.1,1.34,12.9,-1.91,333.0,3.33,286.004,,351.0,0.9,21.67,1.34,10.0,59.0,5.56,BKOC1,5725,-121.178953, 40.724567
399,2018-08-17 15:05:00,,4.4,15.0,1.34,12.9,2.52,331.0,7.78,286.004,,,0.0,21.11,1.34,47.0,60.0,10.0,BKOC1,5725,-121.178953, 40.724567
400,2018-08-17 16:05:00,SE,4.7,14.9,1.79,13.0,2.62,67.0,16.67,286.004,,137.0,0.45,21.11,1.79,107.0,34.0,18.89,BKOC1,5725,-121.178953, 40.724567
401,2018-08-17 17:05:00,SSE,5.1,14.8,2.23,13.4,0.02,214.0,33.89,286.004,,166.0,0.9,20.56,2.23,435.0,20.0,24.44,BKOC1,5725,-121.178953, 40.724567
402,2018-08-17 18:05:00,WSW,4.8,14.8,4.02,13.6,-0.35,291.0,39.44,286.004,25.84,250.0,0.9,20.56,4.02,775.0,17.0,26.67,BKOC1,5725,-121.178953, 40.724567
403,2018-08-17 19:05:00,WSW,4.4,14.8,4.02,13.3,-2.62,174.0,41.67,286.004,26.86,238.0,1.34,20.56,4.02,889.0,13.0,28.33,BKOC1,5725,-121.178953, 40.724567
404,2018-08-17 20:05:00,W,3.7,15.0,4.02,13.3,-0.24,285.0,42.22,286.004,27.29,276.0,1.34,21.11,4.02,944.0,15.0,28.89,BKOC1,5725,-121.178953, 40.724567
405,2018-08-17 21:05:00,S,3.8,15.3,5.37,13.3,0.2,277.0,42.78,286.004,27.71,174.0,1.34,21.67,5.37,954.0,15.0,29.44,BKOC1,5725,-121.178953, 40.724567
406,2018-08-17 22:05:00,SW,3.7,15.7,4.47,13.7,0.2,208.0,40.0,286.004,27.71,220.0,1.34,22.22,4.47,900.0,15.0,29.44,BKOC1,5725,-121.178953, 40.724567
407,2018-08-17 23:05:00,S,3.5,15.9,4.92,13.2,0.2,194.0,40.0,286.004,27.71,187.0,1.34,22.78,4.92,800.0,15.0,29.44,BKOC1,5725,-121.178953, 40.724567
408,2018-08-18 00:05:00,WNW,3.5,16.0,4.47,13.9,-0.24,349.0,37.22,286.004,27.29,289.0,1.34,23.33,4.47,634.0,15.0,28.89,BKOC1,5725,-121.178953, 40.724567
409,2018-08-18 01:05:00,W,3.2,16.2,4.47,13.3,-1.6,245.0,31.67,286.004,26.39,259.0,0.45,23.89,4.47,434.0,15.0,27.22,BKOC1,5725,-121.178953, 40.724567
410,2018-08-18 02:05:00,W,3.4,16.2,3.58,13.2,-1.87,248.0,22.22,286.004,,270.0,0.45,23.89,3.58,156.0,18.0,23.89,BKOC1,5725,-121.178953, 40.724567
411,2018-08-18 03:05:00,,3.3,16.3,3.13,13.1,-1.72,304.0,15.56,286.004,,,0.0,23.89,3.13,20.0,24.0,19.44,BKOC1,5725,-121.178953, 40.724567
412,2018-08-18 04:05:00,,3.3,16.2,0.9,13.1,-1.56,322.0,11.67,286.004,,,0.0,23.89,0.9,0.0,30.0,16.11,BKOC1,5725,-121.178953, 40.724567
413,2018-08-18 05:05:00,N,3.3,16.1,1.34,13.0,-1.79,316.0,8.89,286.004,,5.0,0.45,23.89,1.34,0.0,38.0,12.22,BKOC1,5725,-121.178953, 40.724567
414,2018-08-18 06:05:00,N,3.3,16.0,0.9,13.0,-1.25,342.0,8.89,286.004,,355.0,0.45,23.89,0.9,0.0,41.0,11.67,BKOC1,5725,-121.178953, 40.724567
415,2018-08-18 07:05:00,N,3.4,15.9,0.9,12.9,-0.9,355.0,7.22,286.004,,2.0,0.45,23.33,0.9,0.0,47.0,10.0,BKOC1,5725,-121.178953, 40.724567
416,2018-08-18 08:05:00,,3.3,15.6,0.9,12.9,-1.63,16.0,5.56,286.004,,,0.0,23.33,0.9,0.0,48.0,8.89,BKOC1,5725,-121.178953, 40.724567
417,2018-08-18 09:05:00,,3.4,15.6,1.34,12.9,-0.79,344.0,5.56,286.004,,,0.0,22.78,1.34,0.0,53.0,8.33,BKOC1,5725,-121.178953, 40.724567
418,2018-08-18 10:05:00,,3.4,15.4,0.9,12.9,-1.06,350.0,4.44,286.004,,,0.0,22.22,0.9,0.0,56.0,7.22,BKOC1,5725,-121.178953, 40.724567
419,2018-08-18 11:05:00,,3.5,15.3,0.45,12.9,-0.4,336.0,3.89,286.004,,,0.0,22.22,0.45,0.0,61.0,6.67,BKOC1,5725,-121.178953, 40.724567
420,2018-08-18 12:05:00,,3.5,15.2,0.45,12.9,-0.71,4.0,2.78,286.004,,,0.0,21.67,0.45,0.0,62.0,6.11,BKOC1,5725,-121.178953, 40.724567
421,2018-08-18 13:05:00,N,3.5,15.1,0.9,12.9,-0.57,335.0,3.33,286.004,,3.0,0.45,21.67,0.9,0.0,65.0,5.56,BKOC1,5725,-121.178953, 40.724567
422,2018-08-18 14:05:00,,3.6,15.0,0.0,12.9,-0.15,358.0,3.33,286.004,,,0.0,21.11,0.0,14.0,67.0,5.56,BKOC1,5725,-121.178953, 40.724567
423,2018-08-18 15:05:00,,3.9,14.9,0.0,13.0,2.38,3.0,7.78,286.004,,,0.0,21.11,0.0,70.0,64.0,8.89,BKOC1,5725,-121.178953, 40.724567
424,2018-08-18 16:05:00,,4.2,14.8,0.9,13.2,5.54,195.0,16.67,286.004,,,0.0,20.56,0.9,145.0,48.0,16.67,BKOC1,5725,-121.178953, 40.724567
425,2018-08-18 17:05:00,SSE,4.7,14.7,1.79,13.7,4.25,204.0,31.11,286.004,,165.0,0.45,20.56,1.79,419.0,28.0,23.89,BKOC1,5725,-121.178953, 40.724567
426,2018-08-18 18:05:00,S,4.6,14.7,3.13,13.6,0.43,177.0,37.22,286.004,25.86,180.0,0.9,20.56,3.13,683.0,18.0,26.67,BKOC1,5725,-121.178953, 40.724567
427,2018-08-18 19:05:00,SW,4.5,14.8,3.58,13.2,-1.14,173.0,39.44,286.004,26.49,229.0,0.9,20.56,3.58,791.0,15.0,27.78,BKOC1,5725,-121.178953, 40.724567
428,2018-08-18 20:05:00,SSE,4.2,14.9,2.68,13.3,-2.17,238.0,40.56,286.004,27.28,155.0,1.34,20.56,2.68,823.0,13.0,28.89,BKOC1,5725,-121.178953, 40.724567
429,2018-08-18 21:05:00,W,3.8,15.2,4.47,13.5,-0.29,255.0,40.56,286.004,28.13,276.0,0.9,21.11,4.47,804.0,14.0,30.0,BKOC1,5725,-121.178953, 40.724567
430,2018-08-18 22:05:00,WNW,3.9,15.4,4.92,13.2,0.65,6.0,37.78,286.004,28.14,290.0,1.34,21.67,4.92,753.0,15.0,30.0,BKOC1,5725,-121.178953, 40.724567
431,2018-08-18 23:05:00,NW,3.6,15.7,4.02,13.4,2.38,235.0,37.78,286.004,28.17,325.0,0.9,22.78,4.02,646.0,17.0,30.0,BKOC1,5725,-121.178953, 40.724567
432,2018-08-19 00:05:00,NNW,3.5,15.8,4.47,13.2,4.89,237.0,36.11,286.004,27.82,348.0,0.45,22.78,4.47,523.0,21.0,29.44,BKOC1,5725,-121.178953, 40.724567
433,2018-08-19 01:05:00,WNW,3.4,16.0,4.47,13.6,2.35,266.0,30.56,286.004,26.52,284.0,0.45,23.33,4.47,359.0,20.0,27.22,BKOC1,5725,-121.178953, 40.724567
434,2018-08-19 02:05:00,W,3.5,16.1,3.58,13.3,1.95,345.0,22.78,286.004,,263.0,0.45,23.33,3.58,134.0,23.0,24.44,BKOC1,5725,-121.178953, 40.724567
435,2018-08-19 03:05:00,,3.5,16.1,3.13,13.2,0.86,269.0,16.67,286.004,,,0.0,23.89,3.13,25.0,27.0,20.56,BKOC1,5725,-121.178953, 40.724567
436,2018-08-19 04:05:00,,3.5,16.0,0.45,13.1,0.65,344.0,12.22,286.004,,,0.0,23.89,0.45,0.0,34.0,16.67,BKOC1,5725,-121.178953, 40.724567
437,2018-08-19 05:05:00,,3.5,15.9,0.9,13.1,-0.8,339.0,10.0,286.004,,,0.0,23.89,0.9,0.0,38.0,13.33,BKOC1,5725,-121.178953, 40.724567
438,2018-08-19 06:05:00,N,3.5,15.8,1.34,13.1,0.03,341.0,8.33,286.004,,2.0,0.45,23.33,1.34,0.0,45.0,11.67,BKOC1,5725,-121.178953, 40.724567
439,2018-08-19 07:05:00,,3.6,15.6,0.45,13.0,-0.84,9.0,6.67,286.004,,,0.0,23.33,0.45,0.0,49.0,9.44,BKOC1,5725,-121.178953, 40.724567
440,2018-08-19 08:05:00,,3.6,15.5,1.34,12.9,-1.86,330.0,5.56,286.004,,,0.0,22.78,1.34,0.0,49.0,8.33,BKOC1,5725,-121.178953, 40.724567
441,2018-08-19 09:05:00,,3.6,15.4,1.34,12.9,-0.8,339.0,5.56,286.004,,,0.0,22.78,1.34,0.0,51.0,8.89,BKOC1,5725,-121.178953, 40.724567
442,2018-08-19 10:05:00,,3.7,15.3,0.9,12.9,-0.79,328.0,5.0,286.004,,,0.0,22.22,0.9,0.0,55.0,7.78,BKOC1,5725,-121.178953, 40.724567
443,2018-08-19 11:05:00,,3.7,15.1,0.45,12.9,-0.05,330.0,4.44,286.004,,,0.0,22.22,0.45,0.0,58.0,7.78,BKOC1,5725,-121.178953, 40.724567
444,2018-08-19 12:05:00,,3.7,15.1,0.9,12.9,-0.11,346.0,3.89,286.004,,,0.0,21.67,0.9,0.0,60.0,7.22,BKOC1,5725,-121.178953, 40.724567
445,2018-08-19 13:05:00,,3.8,14.9,0.45,12.9,0.37,337.0,3.33,286.004,,,0.0,21.67,0.45,0.0,67.0,6.11,BKOC1,5725,-121.178953, 40.724567
446,2018-08-19 14:05:00,,3.9,14.9,0.0,12.9,0.91,4.0,3.89,286.004,,,0.0,21.11,0.0,14.0,67.0,6.67,BKOC1,5725,-121.178953, 40.724567
447,2018-08-19 15:05:00,,4.2,14.8,0.9,13.0,3.97,336.0,8.89,286.004,,,0.0,21.11,0.9,65.0,64.0,10.56,BKOC1,5725,-121.178953, 40.724567
448,2018-08-19 16:05:00,,4.6,14.8,0.45,13.2,6.86,161.0,17.78,286.004,,,0.0,20.56,0.45,134.0,49.0,17.78,BKOC1,5725,-121.178953, 40.724567
449,2018-08-19 17:05:00,SE,5.1,14.7,1.79,13.7,4.25,118.0,31.67,286.004,,144.0,0.45,20.56,1.79,416.0,28.0,23.89,BKOC1,5725,-121.178953, 40.724567
450,2018-08-19 18:05:00,S,5.0,14.6,2.68,13.6,1.89,168.0,37.22,286.004,25.91,176.0,0.9,20.56,2.68,668.0,20.0,26.67,BKOC1,5725,-121.178953, 40.724567
