,date_time,fuel_moisture_set_1,wind_cardinal_direction_set_1d,wind_gust_set_1,volt_set_1,dew_point_temperature_set_1d,fuel_temp_set_1,precip_accum_set_1,heat_index_set_1d,wind_direction_set_1,wind_speed_set_1,relative_humidity_set_1,solar_radiation_set_1,precip_accum_one_hour_set_1,air_temp_set_1,_meta_station_id,_meta_elevation,_meta_longitude,_meta_latitude
0,2018-08-01 00:38:00,0.0,SE,2.23,13.9,,,36.068,-75.29,143.0,0.9,,0.0,,,CFFC1,2503,-122.7086,41.0894
1,2018-08-01 01:38:00,0.0,S,2.23,13.9,50.32,,36.068,-37.48,181.0,0.45,1.0,0.0,0.0,,CFFC1,2503,-122.7086,41.0894
2,2018-08-01 02:38:00,0.0,SSW,1.79,13.9,,,36.068,-75.29,208.0,0.45,,0.0,0.0,,CFFC1,2503,-122.7086,41.0894
3,2018-08-01 03:38:00,0.0,W,1.79,13.9,,,36.068,-75.29,277.0,0.45,,0.0,0.0,,CFFC1,2503,-122.7086,41.0894
4,2018-08-01 04:38:00,0.0,WNW,1.34,13.9,,,36.068,-75.29,297.0,0.45,,0.0,0.0,,CFFC1,2503,-122.7086,41.0894
5,2018-08-01 05:38:00,0.0,WSW,0.9,13.9,,,36.068,-75.29,241.0,0.45,,0.0,,,CFFC1,2503,-122.7086,41.0894
6,2018-08-01 06:38:00,0.0,NNW,0.9,13.8,,,36.068,-75.29,330.0,0.45,,0.0,0.0,,CFFC1,2503,-122.7086,41.0894
7,2018-08-01 07:38:00,0.0,SSE,1.34,13.9,,,36.068,-75.29,165.0,0.45,,0.0,0.0,,CFFC1,2503,-122.7086,41.0894
8,2018-08-01 08:38:00,0.0,NNW,1.34,13.9,,,36.068,-75.29,330.0,0.45,,0.0,0.0,,CFFC1,2503,-122.7086,41.0894
9,2018-08-01 09:38:00,0.0,W,0.9,13.9,,,36.068,-75.29,278.0,0.45,,0.0,0.0,,CFFC1,2503,-122.7086,41.0894
10,2018-08-01 10:38:00,0.0,NW,0.9,13.9,,,36.068,-75.29,318.0,0.45,,0.0,0.0,,CFFC1,2503,-122.7086,41.0894
11,2018-08-01 11:38:00,0.0,NW,0.9,13.9,,,36.068,-75.29,305.0,0.45,,0.0,0.0,,CFFC1,2503,-122.7086,41.0894
12,2018-08-01 12:38:00,0.0,SSW,0.45,13.9,,,36.068,-75.29,200.0,0.45,,0.0,,,CFFC1,2503,-122.7086,41.0894
13,2018-08-01 13:38:00,0.0,,0.9,13.9,90.5,,36.068,189.61,,0.0,7.0,0.0,,,CFFC1,2503,-122.7086,41.0894
14,2018-08-01 14:38:00,0.0,,0.45,13.9,,,36.068,-75.29,,0.0,,0.0,0.0,,CFFC1,2503,-122.7086,41.0894
15,2018-08-01 15:38:00,0.0,,0.45,14.3,,,36.068,-75.29,,0.0,,0.0,0.0,,CFFC1,2503,-122.7086,41.0894
16,2018-08-01 16:38:00,0.0,NNE,0.9,13.9,,,36.068,-75.29,18.0,0.45,,0.0,0.0,,CFFC1,2503,-122.7086,41.0894
17,2018-08-01 17:38:00,0.0,ENE,0.9,14.3,71.8,,36.068,38.16,74.0,0.45,3.0,0.0,,,CFFC1,2503,-122.7086,41.0894
18,2018-08-01 18:38:00,0.0,ENE,1.34,14.3,,,36.068,-75.29,68.0,0.45,,0.0,0.0,,CFFC1,2503,-122.7086,41.0894
19,2018-08-01 19:38:00,0.0,E,1.34,14.2,,,36.068,-75.29,93.0,0.45,,0.0,,,CFFC1,2503,-122.7086,41.0894
20,2018-08-01 20:38:00,0.0,SE,2.23,14.1,,,36.068,-75.29,141.0,0.45,,0.0,,,CFFC1,2503,-122.7086,41.0894
21,2018-08-01 21:38:00,0.0,NW,1.79,14.1,,,36.068,-75.29,315.0,0.45,,0.0,,,CFFC1,2503,-122.7086,41.0894
22,2018-08-01 22:38:00,0.0,NW,1.79,14.0,,,36.068,-75.29,325.0,0.45,,0.0,0.0,,CFFC1,2503,-122.7086,41.0894
23,2018-08-01 23:38:00,0.0,SSE,2.68,14.0,,,36.068,-75.29,155.0,0.9,,0.0,0.0,,CFFC1,2503,-122.7086,41.0894
24,2018-08-02 00:38:00,0.0,W,2.23,14.0,,,36.068,-75.29,260.0,0.45,,0.0,,,CFFC1,2503,-122.7086,41.0894
25,2018-08-02 01:38:00,0.0,NNE,1.79,13.9,,,36.068,-75.29,31.0,0.45,,0.0,,,CFFC1,2503,-122.7086,41.0894
26,2018-08-02 02:38:00,0.0,W,2.23,13.9,,,36.068,-75.29,266.0,0.45,,0.0,,,CFFC1,2503,-122.7086,41.0894
27,2018-08-02 03:38:00,0.0,WNW,2.23,13.9,,,36.068,-75.29,300.0,0.45,,0.0,0.0,,CFFC1,2503,-122.7086,41.0894
28,2018-08-02 04:38:00,0.0,NW,2.23,13.9,,,36.068,-75.29,321.0,0.9,,0.0,,,CFFC1,2503,-122.7086,41.0894
29,2018-08-02 05:38:00,0.0,E,1.34,13.9,71.8,,36.068,38.16,82.0,0.45,3.0,0.0,0.0,,CFFC1,2503,-122.7086,41.0894
30,2018-08-02 06:38:00,0.0,WNW,1.79,13.8,,,36.068,-75.29,294.0,0.45,,0.0,0.0,,CFFC1,2503,-122.7086,41.0894
31,2018-08-02 07:38:00,0.0,W,1.34,13.9,,,36.068,-75.29,262.0,0.45,,0.0,0.0,,CFFC1,2503,-122.7086,41.0894
32,2018-08-02 08:38:00,0.0,WNW,1.79,13.9,,,36.068,-75.29,295.0,0.45,,0.0,0.0,,CFFC1,2503,-122.7086,41.0894
33,2018-08-02 09:38:00,0.0,WSW,1.34,13.9,71.8,,36.068,38.16,257.0,0.45,3.0,0.0,0.0,,CFFC1,2503,-122.7086,41.0894
34,2018-08-02 10:38:00,0.0,S,0.9,13.9,,,36.068,-75.29,171.0,0.45,,0.0,0.0,,CFFC1,2503,-122.7086,41.0894
35,2018-08-02 11:38:00,0.0,,0.45,13.9,,,36.068,-75.29,,0.0,,0.0,0.0,,CFFC1,2503,-122.7086,41.0894
36,2018-08-02 12:38:00,0.0,SE,0.9,13.9,,,36.068,-75.29,131.0,0.45,,0.0,0.0,,CFFC1,2503,-122.7086,41.0894
37,2018-08-02 13:38:00,0.0,,0.9,13.8,77.93,,36.068,76.01,,0.0,4.0,0.0,0.0,,CFFC1,2503,-122.7086,41.0894
38,2018-08-02 14:38:00,0.0,,0.45,13.9,,,36.068,-75.29,,0.0,,0.0,0.0,,CFFC1,2503,-122.7086,41.0894
39,2018-08-02 15:38:00,0.0,NE,0.45,14.4,,,36.068,-75.29,53.0,0.45,,0.0,0.0,,CFFC1,2503,-122.7086,41.0894
40,2018-08-02 16:38:00,0.0,,0.9,13.9,,,36.068,-75.29,,0.0,,0.0,0.0,,CFFC1,2503,-122.7086,41.0894
41,2018-08-02 17:38:00,0.0,SE,1.34,14.3,,,36.068,-75.29,144.0,0.45,,0.0,0.0,,CFFC1,2503,-122.7086,41.0894
42,2018-08-02 18:38:00,0.0,ENE,1.79,14.3,,,36.068,-75.29,71.0,0.45,,0.0,0.0,,CFFC1,2503,-122.7086,41.0894
43,2018-08-02 19:38:00,0.0,N,1.34,14.2,,,36.068,-75.29,354.0,0.9,,0.0,,,CFFC1,2503,-122.7086,41.0894
44,2018-08-02 20:38:00,0.0,N,3.13,14.1,,,36.068,-75.29,353.0,0.9,,0.0,0.0,,CFFC1,2503,-122.7086,41.0894
45,2018-08-02 21:38:00,0.0,SE,4.02,14.0,,,36.068,-75.29,133.0,0.9,,0.0,0.0,,CFFC1,2503,-122.7086,41.0894
46,2018-08-02 22:38:00,0.0,SE,4.47,14.0,,,36.068,-75.29,140.0,0.9,,0.0,,,CFFC1,2503,-122.7086,41.0894
47,2018-08-02 23:38:00,0.0,ESE,3.13,14.0,,,36.068,-75.29,113.0,0.9,,0.0,,,CFFC1,2503,-122.7086,41.0894
48,2018-08-03 00:38:00,0.0,N,2.68,13.9,,,36.068,-75.29,11.0,0.9,,0.0,,,CFFC1,2503,-122.7086,41.0894
49,2018-08-03 01:38:00,0.0,SE,3.58,13.9,,,36.068,-75.29,144.0,1.34,,0.0,0.0,,CFFC1,2503,-122.7086,41.0894
50,2018-08-03 02:38:00,0.0,SSW,2.68,13.9,,,36.068,-75.29,208.0,0.9,,0.0,,,CFFC1,2503,-122.7086,41.0894
51,2018-08-03 03:38:00,0.0,NNE,4.02,13.9,,,36.068,-75.29,21.0,0.9,,0.0,0.0,,CFFC1,2503,-122.7086,41.0894
52,2018-08-03 04:38:00,0.0,NNE,3.58,13.8,,,36.068,-75.29,24.0,0.45,,0.0,0.0,,CFFC1,2503,-122.7086,41.0894
53,2018-08-03 05:38:00,0.0,W,1.79,13.9,,,36.068,-75.29,277.0,0.45,,0.0,0.0,,CFFC1,2503,-122.7086,41.0894
54,2018-08-03 06:38:00,0.0,WNW,1.79,13.8,,,36.068,-75.29,298.0,0.45,,0.0,0.0,,CFFC1,2503,-122.7086,41.0894
55,2018-08-03 07:38:00,0.0,,1.79,13.8,,,36.068,-75.29,,0.0,,0.0,0.0,,CFFC1,2503,-122.7086,41.0894
56,2018-08-03 08:38:00,0.0,,0.45,13.8,,,36.068,-75.29,,0.0,,0.0,0.0,,CFFC1,2503,-122.7086,41.0894
57,2018-08-03 09:38:00,0.0,,0.9,13.8,,,36.068,-75.29,,0.0,,0.0,0.0,,CFFC1,2503,-122.7086,41.0894
58,2018-08-03 10:38:00,0.0,NE,0.9,13.8,,,36.068,-75.29,51.0,0.45,,0.0,0.0,,CFFC1,2503,-122.7086,41.0894
59,2018-08-03 11:38:00,0.0,,0.9,13.9,,,36.068,-75.29,,0.0,,0.0,0.0,,CFFC1,2503,-122.7086,41.0894
60,2018-08-03 12:38:00,0.0,,0.45,13.9,,,36.068,-75.29,,0.0,,0.0,0.0,,CFFC1,2503,-122.7086,41.0894
61,2018-08-03 13:38:00,0.0,,0.45,13.9,86.95,,36.068,151.73,,0.0,6.0,0.0,0.0,,CFFC1,2503,-122.7086,41.0894
62,2018-08-03 14:38:00,0.0,,0.45,13.9,,,36.068,-75.29,,0.0,,0.0,,,CFFC1,2503,-122.7086,41.0894
63,2018-08-03 15:38:00,0.0,ENE,0.9,14.4,,,36.068,-75.29,73.0,0.45,,0.0,0.0,,CFFC1,2503,-122.7086,41.0894
64,2018-08-03 16:38:00,0.0,NNE,1.34,13.9,,,36.068,-75.29,26.0,0.45,,0.0,0.0,,CFFC1,2503,-122.7086,41.0894
65,2018-08-03 17:38:00,0.0,SW,1.79,14.3,63.52,,36.068,0.33,234.0,0.45,2.0,0.0,,,CFFC1,2503,-122.7086,41.0894
66,2018-08-03 18:38:00,0.0,SE,2.68,14.3,,,36.068,-75.29,144.0,0.9,,0.0,0.0,,CFFC1,2503,-122.7086,41.0894
67,2018-08-03 19:38:00,0.0,NE,2.23,14.2,,,36.068,-75.29,56.0,0.45,,0.0,,,CFFC1,2503,-122.7086,41.0894
68,2018-08-03 20:38:00,0.0,N,3.13,14.1,,,36.068,-75.29,354.0,0.9,,0.0,,,CFFC1,2503,-122.7086,41.0894
69,2018-08-03 21:38:00,0.0,SE,3.58,14.0,,,36.068,-75.29,142.0,0.9,,0.0,0.0,,CFFC1,2503,-122.7086,41.0894
70,2018-08-03 22:38:00,0.0,NNE,3.58,14.0,,,36.068,-75.29,32.0,0.9,,0.0,0.0,,CFFC1,2503,-122.7086,41.0894
71,2018-08-03 23:38:00,0.0,SE,3.58,14.0,,,36.068,-75.29,131.0,0.9,,0.0,0.0,,CFFC1,2503,-122.7086,41.0894
72,2018-08-04 00:38:00,0.0,SSE,3.58,14.0,,,36.068,-75.29,153.0,0.9,,0.0,0.0,,CFFC1,2503,-122.7086,41.0894
73,2018-08-04 01:38:00,0.0,NW,4.02,14.0,,,36.068,-75.29,320.0,0.9,,0.0,,,CFFC1,2503,-122.7086,41.0894
74,2018-08-04 02:38:00,0.0,WNW,3.58,13.5,,,36.068,-75.29,298.0,0.9,,0.0,,,CFFC1,2503,-122.7086,41.0894
75,2018-08-04 03:38:00,0.0,NW,4.02,13.3,,,36.068,-75.29,315.0,0.9,,0.0,0.0,,CFFC1,2503,-122.7086,41.0894
76,2018-08-04 04:38:00,0.0,NE,4.47,12.9,,,36.068,-75.29,37.0,0.9,,0.0,0.0,,CFFC1,2503,-122.7086,41.0894
77,2018-08-04 05:38:00,0.0,SSW,1.79,12.8,50.32,,36.068,-37.48,211.0,0.45,1.0,0.0,,,CFFC1,2503,-122.7086,41.0894
78,2018-08-04 06:38:00,0.0,,2.23,13.8,,,36.068,-75.29,,0.0,,0.0,0.0,,CFFC1,2503,-122.7086,41.0894
79,2018-08-04 07:38:00,0.0,WSW,0.9,13.8,,,36.068,-75.29,248.0,0.45,,0.0,0.0,,CFFC1,2503,-122.7086,41.0894
80,2018-08-04 08:38:00,0.0,NE,0.9,13.8,,,36.068,-75.29,53.0,0.45,,0.0,0.0,,CFFC1,2503,-122.7086,41.0894
81,2018-08-04 09:38:00,0.0,NNW,0.9,13.8,63.52,,36.068,0.33,339.0,0.45,2.0,0.0,0.0,,CFFC1,2503,-122.7086,41.0894
82,2018-08-04 10:38:00,0.0,N,0.9,13.9,,,36.068,-75.29,3.0,0.45,,0.0,0.0,,CFFC1,2503,-122.7086,41.0894
83,2018-08-04 11:38:00,0.0,SSE,0.45,13.8,,,36.068,-75.29,151.0,0.45,,0.0,0.0,,CFFC1,2503,-122.7086,41.0894
84,2018-08-04 12:38:00,0.0,,0.45,13.8,,,36.068,-75.29,,0.0,,0.0,0.0,,CFFC1,2503,-122.7086,41.0894
85,2018-08-04 13:38:00,0.0,,0.45,13.8,71.8,,36.068,38.16,,0.0,3.0,0.0,0.0,,CFFC1,2503,-122.7086,41.0894
86,2018-08-04 14:38:00,0.0,,0.45,13.7,,,36.068,-75.29,,0.0,,0.0,,,CFFC1,2503,-122.7086,41.0894
87,2018-08-04 15:38:00,0.0,,0.45,14.4,,,36.068,-75.29,,0.0,,0.0,0.0,,CFFC1,2503,-122.7086,41.0894
88,2018-08-04 16:38:00,0.0,NNE,0.9,14.0,,,36.068,-75.29,27.0,0.45,,0.0,,,CFFC1,2503,-122.7086,41.0894
89,2018-08-04 17:38:00,0.0,S,1.34,14.4,,,36.068,-75.29,186.0,0.45,,0.0,,,CFFC1,2503,-122.7086,41.0894
90,2018-08-04 18:38:00,0.0,W,2.23,14.3,,,36.068,-75.29,272.0,0.45,,0.0,,,CFFC1,2503,-122.7086,41.0894
91,2018-08-04 19:38:00,0.0,SE,2.68,14.2,,,36.068,-75.29,125.0,0.9,,0.0,,,CFFC1,2503,-122.7086,41.0894
92,2018-08-04 20:38:00,0.0,SSE,3.13,14.1,,,36.068,-75.29,151.0,0.9,,0.0,,,CFFC1,2503,-122.7086,41.0894
93,2018-08-04 21:38:00,0.0,SE,3.58,14.1,,,36.068,-75.29,133.0,0.9,,0.0,0.0,,CFFC1,2503,-122.7086,41.0894
94,2018-08-04 22:38:00,0.0,ESE,3.13,14.0,,,36.068,-75.29,116.0,1.34,,0.0,,,CFFC1,2503,-122.7086,41.0894
95,2018-08-04 23:38:00,0.0,ENE,4.92,14.1,,,36.068,-75.29,61.0,1.34,,0.0,,,CFFC1,2503,-122.7086,41.0894
96,2018-08-05 00:38:00,0.0,E,4.02,14.0,,,36.068,-75.29,89.0,1.34,,0.0,,,CFFC1,2503,-122.7086,41.0894
97,2018-08-05 01:38:00,0.0,NW,2.68,14.0,,,36.068,-75.29,304.0,0.45,,0.0,,,CFFC1,2503,-122.7086,41.0894
98,2018-08-05 02:38:00,0.0,WSW,2.23,13.9,,,36.068,-75.29,253.0,0.45,,0.0,0.0,,CFFC1,2503,-122.7086,41.0894
99,2018-08-05 03:38:00,0.0,W,2.23,13.5,,,36.068,-75.29,274.0,0.45,,0.0,0.0,,CFFC1,2503,-122.7086,41.0894
100,2018-08-05 04:38:00,0.0,W,1.79,13.0,,,36.068,-75.29,267.0,0.45,,0.0,0.0,,CFFC1,2503,-122.7086,41.0894
101,2018-08-05 05:38:00,0.0,W,1.79,13.8,,,36.068,-75.29,275.0,0.9,,0.0,0.0,,CFFC1,2503,-122.7086,41.0894
102,2018-08-05 06:38:00,0.0,WNW,2.23,13.8,,,36.068,-75.29,299.0,0.45,,0.0,0.0,,CFFC1,2503,-122.7086,41.0894
103,2018-08-05 07:38:00,0.0,NW,1.79,13.8,,,36.068,-75.29,322.0,0.45,,0.0,0.0,,CFFC1,2503,-122.7086,41.0894
104,2018-08-05 08:38:00,0.0,WNW,0.9,13.8,,,36.068,-75.29,301.0,0.45,,0.0,0.0,,CFFC1,2503,-122.7086,41.0894
105,2018-08-05 09:38:00,0.0,,0.45,13.8,50.32,,36.068,-37.48,,0.0,1.0,0.0,0.0,,CFFC1,2503,-122.7086,41.0894
106,2018-08-05 10:38:00,0.0,,0.45,13.8,,,36.068,-75.29,,0.0,,0.0,,,CFFC1,2503,-122.7086,41.0894
107,2018-08-05 11:38:00,0.0,NNE,0.9,13.8,,,36.068,-75.29,18.0,0.45,,0.0,0.0,,CFFC1,2503,-122.7086,41.0894
108,2018-08-05 12:38:00,0.0,,0.45,13.9,,,36.068,-75.29,,0.0,,0.0,0.0,,CFFC1,2503,-122.7086,41.0894
109,2018-08-05 13:38:00,0.0,,0.9,13.8,90.5,,36.068,189.61,,0.0,7.0,0.0,0.0,,CFFC1,2503,-122.7086,41.0894
110,2018-08-05 14:38:00,0.0,ESE,0.9,13.8,,,36.068,-75.29,104.0,0.45,,0.0,0.0,,CFFC1,2503,-122.7086,41.0894
111,2018-08-05 15:38:00,0.0,,0.9,14.4,,,36.068,-75.29,,0.0,,0.0,0.0,,CFFC1,2503,-122.7086,41.0894
112,2018-08-05 16:38:00,0.0,,0.9,13.9,,,36.068,-75.29,,0.0,,0.0,0.0,,CFFC1,2503,-122.7086,41.0894
113,2018-08-05 18:38:00,0.0,W,2.23,14.3,,,36.068,-75.29,270.0,0.9,,0.0,,,CFFC1,2503,-122.7086,41.0894
114,2018-08-05 19:38:00,0.0,ESE,1.79,14.2,,,36.068,-75.29,123.0,0.9,,0.0,0.0,,CFFC1,2503,-122.7086,41.0894
115,2018-08-05 20:38:00,0.0,SE,1.79,14.1,,,36.068,-75.29,132.0,0.9,,0.0,,,CFFC1,2503,-122.7086,41.0894
116,2018-08-05 21:38:00,0.0,NW,3.13,14.1,,,36.068,-75.29,310.0,0.45,,0.0,,,CFFC1,2503,-122.7086,41.0894
117,2018-08-05 22:38:00,0.0,SE,2.23,14.1,,,36.068,-75.29,136.0,0.45,,0.0,,,CFFC1,2503,-122.7086,41.0894
118,2018-08-05 23:38:00,0.0,S,2.23,13.9,,,36.068,-75.29,183.0,0.45,,0.0,0.0,,CFFC1,2503,-122.7086,41.0894
119,2018-08-06 00:38:00,0.0,WNW,0.9,14.1,,,36.068,-75.29,303.0,0.45,,0.0,,,CFFC1,2503,-122.7086,41.0894
120,2018-08-06 01:38:00,0.0,SW,1.34,13.8,,,36.068,-75.29,223.0,0.45,,0.0,,,CFFC1,2503,-122.7086,41.0894
121,2018-08-06 02:38:00,0.0,NNW,1.79,13.9,,,36.068,-75.29,348.0,0.45,,0.0,,,CFFC1,2503,-122.7086,41.0894
122,2018-08-06 03:38:00,0.0,NW,2.23,13.9,,,36.068,-75.29,305.0,0.45,,0.0,,,CFFC1,2503,-122.7086,41.0894
123,2018-08-06 04:38:00,0.0,NW,1.79,13.9,,,36.068,-75.29,319.0,0.45,,0.0,0.0,,CFFC1,2503,-122.7086,41.0894
124,2018-08-06 05:38:00,0.0,W,1.34,13.9,71.8,,36.068,38.16,261.0,0.45,3.0,0.0,0.0,,CFFC1,2503,-122.7086,41.0894
125,2018-08-06 06:38:00,0.0,WNW,1.34,13.9,,,36.068,-75.29,300.0,0.45,,0.0,0.0,,CFFC1,2503,-122.7086,41.0894
126,2018-08-06 07:38:00,0.0,NE,1.34,13.9,,,36.068,-75.29,51.0,0.45,,0.0,0.0,,CFFC1,2503,-122.7086,41.0894
127,2018-08-06 08:38:00,0.0,NW,0.9,13.8,,,36.068,-75.29,313.0,0.45,,0.0,0.0,,CFFC1,2503,-122.7086,41.0894
128,2018-08-06 09:38:00,0.0,W,1.79,13.8,71.8,,36.068,38.16,261.0,0.45,3.0,0.0,0.0,,CFFC1,2503,-122.7086,41.0894
129,2018-08-06 10:38:00,0.0,S,1.34,13.8,,,36.068,-75.29,180.0,0.45,,0.0,0.0,,CFFC1,2503,-122.7086,41.0894
130,2018-08-06 11:38:00,0.0,SE,0.9,13.8,,,36.068,-75.29,132.0,0.45,,0.0,,,CFFC1,2503,-122.7086,41.0894
131,2018-08-06 12:38:00,0.0,S,0.9,13.8,,,36.068,-75.29,183.0,0.45,,0.0,0.0,,CFFC1,2503,-122.7086,41.0894
132,2018-08-06 13:38:00,0.0,,0.45,13.8,82.84,,36.068,113.86,,0.0,5.0,0.0,0.0,,CFFC1,2503,-122.7086,41.0894
133,2018-08-06 14:38:00,0.0,,0.45,13.8,,,36.068,-75.29,,0.0,,0.0,0.0,,CFFC1,2503,-122.7086,41.0894
134,2018-08-06 15:38:00,0.0,,0.9,14.4,,,36.068,-75.29,,0.0,,0.0,0.0,,CFFC1,2503,-122.7086,41.0894
135,2018-08-06 16:38:00,0.0,ESE,0.9,14.0,,,36.068,-75.29,123.0,0.45,,0.0,0.0,,CFFC1,2503,-122.7086,41.0894
136,2018-08-06 17:38:00,0.0,SE,1.34,14.4,,,36.068,-75.29,132.0,0.45,,0.0,0.0,,CFFC1,2503,-122.7086,41.0894
137,2018-08-06 18:38:00,0.0,NE,1.34,14.3,,,36.068,-75.29,36.0,0.45,,0.0,0.0,,CFFC1,2503,-122.7086,41.0894
138,2018-08-06 19:38:00,0.0,NNE,2.23,14.2,,,36.068,-75.29,20.0,0.45,,0.0,,,CFFC1,2503,-122.7086,41.0894
139,2018-08-06 20:38:00,0.0,NNE,2.23,14.1,,,36.068,-75.29,17.0,0.9,,0.0,0.0,,CFFC1,2503,-122.7086,41.0894
140,2018-08-06 21:38:00,0.0,NW,2.68,14.0,,,36.068,-75.29,319.0,0.9,,0.0,0.0,,CFFC1,2503,-122.7086,41.0894
141,2018-08-06 22:38:00,0.0,NW,3.13,14.0,,,36.068,-75.29,304.0,0.9,,0.0,0.0,,CFFC1,2503,-122.7086,41.0894
142,2018-08-06 23:38:00,0.0,N,3.13,14.0,,,36.068,-75.29,0.0,0.9,,0.0,0.0,,CFFC1,2503,-122.7086,41.0894
143,2018-08-07 00:38:00,0.0,SSE,3.58,13.9,,,36.068,-75.29,159.0,0.9,,0.0,,,CFFC1,2503,-122.7086,41.0894
144,2018-08-07 01:38:00,0.0,SSE,3.13,14.0,,,36.068,-75.29,161.0,0.9,,0.0,,,CFFC1,2503,-122.7086,41.0894
145,2018-08-07 02:38:00,0.0,SSW,2.23,13.9,,,36.068,-75.29,201.0,0.45,,0.0,0.0,,CFFC1,2503,-122.7086,41.0894
146,2018-08-07 03:38:00,0.0,W,0.9,13.9,,,36.068,-75.29,272.0,0.45,,0.0,0.0,,CFFC1,2503,-122.7086,41.0894
147,2018-08-07 04:38:00,0.0,NW,1.34,13.9,,,36.068,-75.29,326.0,0.45,,0.0,,,CFFC1,2503,-122.7086,41.0894
148,2018-08-07 05:38:00,0.0,,0.9,13.9,,,36.068,-75.29,,0.0,,0.0,0.0,,CFFC1,2503,-122.7086,41.0894
149,2018-08-07 06:38:00,0.0,NE,1.34,13.9,,,36.068,-75.29,36.0,0.45,,0.0,,,CFFC1,2503,-122.7086,41.0894
150,2018-08-07 07:38:00,0.0,NW,0.9,13.8,,,36.068,-75.29,316.0,0.45,,0.0,0.0,,CFFC1,2503,-122.7086,41.0894
151,2018-08-07 08:38:00,0.0,,0.9,13.8,,,36.068,-75.29,,0.0,,0.0,0.0,,CFFC1,2503,-122.7086,41.0894
152,2018-08-07 09:38:00,0.0,E,0.45,13.8,,,36.068,-75.29,97.0,0.45,,0.0,,,CFFC1,2503,-122.7086,41.0894
153,2018-08-07 10:38:00,0.0,,0.45,13.8,131.98,,36.068,1255.33,,0.0,35.0,0.0,0.0,,CFFC1,2503,-122.7086,41.0894
154,2018-08-07 11:38:00,0.0,,0.45,13.8,154.72,,36.068,2794.81,,0.0,75.0,0.0,0.0,,CFFC1,2503,-122.7086,41.0894
155,2018-08-07 12:38:00,0.0,,0.45,13.8,156.36,,36.068,2949.86,,0.0,79.0,0.0,,,CFFC1,2503,-122.7086,41.0894
156,2018-08-07 13:38:00,0.0,,0.9,13.8,157.53,,36.068,3066.28,,0.0,82.0,0.0,0.0,,CFFC1,2503,-122.7086,41.0894
157,2018-08-07 14:38:00,0.0,,0.45,13.8,158.67,,36.068,3182.81,,0.0,85.0,0.0,0.0,,CFFC1,2503,-122.7086,41.0894
158,2018-08-07 15:38:00,0.0,,0.45,14.4,159.04,,36.068,3221.68,,0.0,86.0,0.0,0.0,,CFFC1,2503,-122.7086,41.0894
159,2018-08-07 16:38:00,0.0,,0.9,13.9,155.95,,36.068,2911.08,,0.0,78.0,0.0,0.0,,CFFC1,2503,-122.7086,41.0894
160,2018-08-07 17:38:00,0.0,NNW,0.9,14.3,146.28,,36.068,2099.56,330.0,0.45,57.0,0.0,,,CFFC1,2503,-122.7086,41.0894
161,2018-08-07 18:38:00,0.0,NW,1.79,14.3,142.35,,36.068,1830.29,317.0,0.45,50.0,0.0,0.0,,CFFC1,2503,-122.7086,41.0894
162,2018-08-07 19:38:00,0.0,NE,1.79,14.2,136.52,,36.068,1484.97,38.0,0.45,41.0,0.0,0.0,,CFFC1,2503,-122.7086,41.0894
163,2018-08-07 20:38:00,0.0,ENE,2.23,14.1,132.78,,36.068,1293.57,65.0,0.45,36.0,0.0,,,CFFC1,2503,-122.7086,41.0894
164,2018-08-07 21:38:00,0.0,S,2.23,14.0,130.31,,36.068,1178.88,173.0,0.45,33.0,0.0,0.0,,CFFC1,2503,-122.7086,41.0894
165,2018-08-07 22:38:00,0.0,ENE,1.79,14.0,131.15,,36.068,1217.1,66.0,0.45,34.0,0.0,0.0,,CFFC1,2503,-122.7086,41.0894
166,2018-08-07 23:38:00,0.0,ENE,1.34,14.0,129.44,,36.068,1140.67,70.0,0.45,32.0,0.0,0.0,,CFFC1,2503,-122.7086,41.0894
167,2018-08-08 00:38:00,0.0,SSE,1.79,13.9,129.44,,36.068,1140.67,159.0,0.45,32.0,0.0,,,CFFC1,2503,-122.7086,41.0894
168,2018-08-08 01:38:00,0.0,,0.9,13.9,134.33,,36.068,1370.09,,0.0,38.0,0.0,0.0,,CFFC1,2503,-122.7086,41.0894
169,2018-08-08 02:38:00,0.0,SSW,0.9,13.9,139.89,,36.068,1676.69,211.0,0.45,46.0,0.0,,,CFFC1,2503,-122.7086,41.0894
170,2018-08-08 03:38:00,0.0,NNW,1.79,13.9,144.09,,36.068,1945.62,348.0,0.45,53.0,0.0,0.0,,CFFC1,2503,-122.7086,41.0894
171,2018-08-08 04:38:00,0.0,WNW,0.9,13.9,145.2,,36.068,2022.57,298.0,0.45,55.0,0.0,,,CFFC1,2503,-122.7086,41.0894
172,2018-08-08 05:38:00,0.0,,1.34,13.9,148.84,,36.068,2292.28,,0.0,62.0,0.0,0.0,,CFFC1,2503,-122.7086,41.0894
173,2018-08-08 06:38:00,0.0,,0.45,13.8,,,36.068,-75.29,,0.0,,0.0,0.0,,CFFC1,2503,-122.7086,41.0894
174,2018-08-08 07:38:00,0.0,SE,0.9,13.9,,,36.068,-75.29,139.0,0.45,,0.0,0.0,,CFFC1,2503,-122.7086,41.0894
175,2018-08-08 08:38:00,0.0,ENE,1.34,13.8,,,36.068,-75.29,63.0,0.45,,0.0,,,CFFC1,2503,-122.7086,41.0894
176,2018-08-08 09:38:00,0.0,,0.9,13.8,86.95,,36.068,151.73,,0.0,6.0,0.0,0.0,,CFFC1,2503,-122.7086,41.0894
177,2018-08-08 10:38:00,0.0,E,0.9,13.8,,,36.068,-75.29,93.0,0.45,,0.0,,,CFFC1,2503,-122.7086,41.0894
178,2018-08-08 11:38:00,0.0,ESE,0.45,13.8,,,36.068,-75.29,108.0,0.45,,0.0,0.0,,CFFC1,2503,-122.7086,41.0894
179,2018-08-08 12:38:00,0.0,,0.45,13.8,,,36.068,-75.29,,0.0,,0.0,,,CFFC1,2503,-122.7086,41.0894
180,2018-08-08 13:38:00,0.0,,0.45,13.8,82.84,,36.068,113.86,,0.0,5.0,0.0,0.0,,CFFC1,2503,-122.7086,41.0894
181,2018-08-08 14:38:00,0.0,,0.45,13.8,,,36.068,-75.29,,0.0,,0.0,,,CFFC1,2503,-122.7086,41.0894
182,2018-08-08 15:38:00,0.0,,0.45,14.4,,,36.068,-75.29,,0.0,,0.0,0.0,,CFFC1,2503,-122.7086,41.0894
183,2018-08-08 16:38:00,0.0,,0.9,13.9,,,36.068,-75.29,,0.0,,0.0,0.0,,CFFC1,2503,-122.7086,41.0894
184,2018-08-08 17:38:00,0.0,ESE,0.9,14.3,63.52,,36.068,0.33,112.0,0.45,2.0,0.0,0.0,,CFFC1,2503,-122.7086,41.0894
185,2018-08-08 18:38:00,0.0,NE,1.34,14.3,,,36.068,-75.29,37.0,0.45,,0.0,,,CFFC1,2503,-122.7086,41.0894
186,2018-08-08 19:38:00,0.0,SSE,1.34,14.2,,,36.068,-75.29,163.0,0.45,,0.0,0.0,,CFFC1,2503,-122.7086,41.0894
187,2018-08-08 20:38:00,0.0,E,1.34,14.2,,,36.068,-75.29,94.0,0.45,,0.0,0.0,,CFFC1,2503,-122.7086,41.0894
188,2018-08-08 21:38:00,0.0,W,1.34,14.1,50.32,,36.068,-37.48,270.0,0.45,1.0,0.0,0.0,,CFFC1,2503,-122.7086,41.0894
189,2018-08-08 22:38:00,0.0,NE,1.34,14.0,,,36.068,-75.29,56.0,0.45,,0.0,0.0,,CFFC1,2503,-122.7086,41.0894
190,2018-08-08 23:38:00,0.0,SSE,0.9,14.0,,,36.068,-75.29,166.0,0.45,,0.0,,,CFFC1,2503,-122.7086,41.0894
191,2018-08-09 00:38:00,0.0,ESE,0.9,13.9,,,36.068,-75.29,107.0,0.45,,0.0,,,CFFC1,2503,-122.7086,41.0894
192,2018-08-09 01:38:00,0.0,,0.9,13.9,63.52,,36.068,0.33,,0.0,2.0,0.0,0.0,,CFFC1,2503,-122.7086,41.0894
193,2018-08-09 02:38:00,0.0,NE,0.9,13.9,,,36.068,-75.29,47.0,0.45,,0.0,0.0,,CFFC1,2503,-122.7086,41.0894
194,2018-08-09 03:38:00,0.0,,0.9,13.9,,,36.068,-75.29,,0.0,,0.0,0.0,,CFFC1,2503,-122.7086,41.0894
195,2018-08-09 04:38:00,0.0,NW,0.9,13.9,,,36.068,-75.29,318.0,0.45,,0.0,,,CFFC1,2503,-122.7086,41.0894
196,2018-08-09 05:38:00,0.0,WNW,0.9,13.9,63.52,,36.068,0.33,294.0,0.45,2.0,0.0,0.0,,CFFC1,2503,-122.7086,41.0894
197,2018-08-09 06:38:00,0.0,,0.9,13.9,,,36.068,-75.29,,0.0,,0.0,0.0,,CFFC1,2503,-122.7086,41.0894
198,2018-08-09 07:38:00,0.0,,0.9,13.9,,,36.068,-75.29,,0.0,,0.0,0.0,,CFFC1,2503,-122.7086,41.0894
199,2018-08-09 08:38:00,0.0,,0.45,13.9,,,36.068,-75.29,,0.0,,0.0,0.0,,CFFC1,2503,-122.7086,41.0894
200,2018-08-09 09:38:00,0.0,SSW,0.9,13.9,77.93,,36.068,76.01,211.0,0.45,4.0,0.0,0.0,,CFFC1,2503,-122.7086,41.0894
201,2018-08-09 10:38:00,0.0,,0.45,13.9,,,36.068,-75.29,,0.0,,0.0,0.0,,CFFC1,2503,-122.7086,41.0894
202,2018-08-09 11:38:00,0.0,NW,0.9,13.9,,,36.068,-75.29,320.0,0.45,,0.0,0.0,,CFFC1,2503,-122.7086,41.0894
203,2018-08-09 12:38:00,0.0,,0.45,13.9,,,36.068,-75.29,,0.0,,0.0,,,CFFC1,2503,-122.7086,41.0894
204,2018-08-09 13:38:00,0.0,,0.45,13.8,98.99,,36.068,303.32,,0.0,10.0,0.0,0.0,,CFFC1,2503,-122.7086,41.0894
205,2018-08-09 14:38:00,0.0,,0.45,13.8,,,36.068,-75.29,,0.0,,0.0,0.0,,CFFC1,2503,-122.7086,41.0894
206,2018-08-09 15:38:00,0.0,,0.45,14.4,,,36.068,-75.29,,0.0,,0.0,0.0,,CFFC1,2503,-122.7086,41.0894
207,2018-08-09 16:38:00,0.0,NE,0.45,13.9,,,36.068,-75.29,53.0,0.45,,0.0,,,CFFC1,2503,-122.7086,41.0894
208,2018-08-09 17:38:00,0.0,ESE,0.9,14.3,77.93,,36.068,76.01,105.0,0.45,4.0,0.0,0.0,,CFFC1,2503,-122.7086,41.0894
209,2018-08-09 18:38:00,0.0,ENE,1.34,14.3,,,36.068,-75.29,73.0,0.45,,0.0,0.0,,CFFC1,2503,-122.7086,41.0894
210,2018-08-09 19:38:00,0.0,ENE,2.23,14.2,,,36.068,-75.29,70.0,0.45,,0.0,0.0,,CFFC1,2503,-122.7086,41.0894
211,2018-08-09 20:38:00,0.0,NW,1.34,14.1,,,36.068,-75.29,324.0,0.45,,0.0,0.0,,CFFC1,2503,-122.7086,41.0894
212,2018-08-09 21:38:00,0.0,SSW,1.34,14.1,,,36.068,-75.29,200.0,0.45,,0.0,,,CFFC1,2503,-122.7086,41.0894
213,2018-08-09 22:38:00,0.0,SW,0.9,14.1,,,36.068,-75.29,230.0,0.45,,0.0,,,CFFC1,2503,-122.7086,41.0894
214,2018-08-09 23:38:00,0.0,N,1.34,14.1,,,36.068,-75.29,3.0,0.45,,0.0,,,CFFC1,2503,-122.7086,41.0894
215,2018-08-10 00:38:00,0.0,S,0.45,13.9,,,36.068,-75.29,190.0,0.45,,0.0,,,CFFC1,2503,-122.7086,41.0894
216,2018-08-10 01:38:00,0.0,WNW,1.34,13.9,50.32,,36.068,-37.48,290.0,0.45,1.0,0.0,,,CFFC1,2503,-122.7086,41.0894
217,2018-08-10 02:38:00,0.0,SSW,0.9,13.9,,,36.068,-75.29,193.0,0.45,,0.0,,,CFFC1,2503,-122.7086,41.0894
218,2018-08-10 03:38:00,0.0,,0.9,13.9,,,36.068,-75.29,,0.0,,0.0,,,CFFC1,2503,-122.7086,41.0894
219,2018-08-10 04:38:00,0.0,NW,0.9,13.9,,,36.068,-75.29,309.0,0.45,,0.0,0.0,,CFFC1,2503,-122.7086,41.0894
220,2018-08-10 05:38:00,0.0,,0.9,13.9,90.5,,36.068,189.61,,0.0,7.0,0.0,0.0,,CFFC1,2503,-122.7086,41.0894
221,2018-08-10 06:38:00,0.0,SW,0.9,13.9,,,36.068,-75.29,235.0,0.45,,0.0,0.0,,CFFC1,2503,-122.7086,41.0894
222,2018-08-10 07:38:00,0.0,SW,0.9,13.9,,,36.068,-75.29,232.0,0.45,,0.0,0.0,,CFFC1,2503,-122.7086,41.0894
223,2018-08-10 08:38:00,0.0,,1.34,13.9,,,36.068,-75.29,,0.0,,0.0,0.0,,CFFC1,2503,-122.7086,41.0894
224,2018-08-10 09:38:00,0.0,,1.34,13.9,93.63,,36.068,227.5,,0.0,8.0,0.0,,,CFFC1,2503,-122.7086,41.0894
225,2018-08-10 10:38:00,0.0,SE,0.9,13.9,,,36.068,-75.29,128.0,0.45,,0.0,0.0,,CFFC1,2503,-122.7086,41.0894
226,2018-08-10 11:38:00,0.0,,0.45,13.9,,,36.068,-75.29,,0.0,,0.0,,,CFFC1,2503,-122.7086,41.0894
227,2018-08-10 12:38:00,0.0,WSW,0.45,13.8,,,36.068,-75.29,246.0,0.45,,0.0,0.0,,CFFC1,2503,-122.7086,41.0894
228,2018-08-10 13:38:00,0.0,,0.45,13.8,90.5,,36.068,189.61,,0.0,7.0,0.0,0.0,,CFFC1,2503,-122.7086,41.0894
229,2018-08-10 14:38:00,0.0,,0.45,13.8,50.32,,36.068,-37.48,,0.0,1.0,0.0,0.0,,CFFC1,2503,-122.7086,41.0894
230,2018-08-10 15:38:00,0.0,,0.9,14.3,,,36.068,-75.29,,0.0,,0.0,0.0,,CFFC1,2503,-122.7086,41.0894
231,2018-08-10 16:38:00,0.0,,0.9,13.9,,,36.068,-75.29,,0.0,,0.0,,,CFFC1,2503,-122.7086,41.0894
232,2018-08-10 17:38:00,0.0,NE,0.9,14.3,63.52,,36.068,0.33,36.0,0.45,2.0,0.0,,,CFFC1,2503,-122.7086,41.0894
233,2018-08-10 18:38:00,0.0,N,1.34,14.3,,,36.068,-75.29,9.0,0.45,,0.0,0.0,,CFFC1,2503,-122.7086,41.0894
234,2018-08-10 19:38:00,0.0,SE,1.79,14.1,,,36.068,-75.29,138.0,0.45,,0.0,,,CFFC1,2503,-122.7086,41.0894
235,2018-08-10 20:38:00,0.0,ESE,3.58,14.0,,,36.068,-75.29,118.0,0.9,,0.0,,,CFFC1,2503,-122.7086,41.0894
236,2018-08-10 21:38:00,0.0,S,3.13,14.0,,,36.068,-75.29,185.0,0.9,,0.0,,,CFFC1,2503,-122.7086,41.0894
237,2018-08-10 22:38:00,0.0,ESE,3.58,13.9,,,36.068,-75.29,113.0,0.9,,0.0,,,CFFC1,2503,-122.7086,41.0894
238,2018-08-10 23:38:00,0.0,SSE,4.02,14.0,,,36.068,-75.29,159.0,1.34,,0.0,0.0,,CFFC1,2503,-122.7086,41.0894
239,2018-08-11 00:38:00,0.0,WNW,4.92,13.9,,,36.068,-75.29,287.0,0.9,,0.0,,,CFFC1,2503,-122.7086,41.0894
240,2018-08-11 01:38:00,0.0,NNW,4.02,13.9,,,36.068,-75.29,346.0,0.9,,0.0,0.0,,CFFC1,2503,-122.7086,41.0894
241,2018-08-11 02:38:00,0.0,SE,3.58,13.9,,,36.068,-75.29,130.0,0.9,,0.0,0.0,,CFFC1,2503,-122.7086,41.0894
242,2018-08-11 03:38:00,0.0,N,2.23,13.9,,,36.068,-75.29,350.0,0.45,,0.0,0.0,,CFFC1,2503,-122.7086,41.0894
243,2018-08-11 04:38:00,0.0,WNW,0.9,13.7,,,36.068,-75.29,293.0,0.45,,0.0,0.0,,CFFC1,2503,-122.7086,41.0894
244,2018-08-11 05:38:00,0.0,N,0.9,13.9,,,36.068,-75.29,354.0,0.45,,0.0,0.0,,CFFC1,2503,-122.7086,41.0894
245,2018-08-11 06:38:00,0.0,WNW,1.34,13.9,,,36.068,-75.29,293.0,0.45,,0.0,0.0,,CFFC1,2503,-122.7086,41.0894
246,2018-08-11 07:38:00,0.0,W,1.79,13.9,,,36.068,-75.29,276.0,0.45,,0.0,0.0,,CFFC1,2503,-122.7086,41.0894
247,2018-08-11 08:38:00,0.0,WNW,1.34,13.9,,,36.068,-75.29,298.0,0.45,,0.0,0.0,,CFFC1,2503,-122.7086,41.0894
248,2018-08-11 09:38:00,0.0,W,1.34,13.8,,,36.068,-75.29,273.0,0.45,,0.0,,,CFFC1,2503,-122.7086,41.0894
249,2018-08-11 10:38:00,0.0,SW,1.34,13.8,,,36.068,-75.29,230.0,0.45,,0.0,0.0,,CFFC1,2503,-122.7086,41.0894
250,2018-08-11 11:38:00,0.0,W,1.34,13.9,,,36.068,-75.29,278.0,0.45,,0.0,0.0,,CFFC1,2503,-122.7086,41.0894
251,2018-08-11 12:38:00,0.0,WNW,1.34,13.9,,,36.068,-75.29,286.0,0.45,,0.0,,,CFFC1,2503,-122.7086,41.0894
252,2018-08-11 13:38:00,0.0,W,0.9,13.9,77.93,,36.068,76.01,259.0,0.45,4.0,0.0,0.0,,CFFC1,2503,-122.7086,41.0894
253,2018-08-11 14:38:00,0.0,,0.9,13.9,,,36.068,-75.29,,0.0,,0.0,0.0,,CFFC1,2503,-122.7086,41.0894
254,2018-08-11 15:38:00,0.0,,1.34,14.4,,,36.068,-75.29,,0.0,,0.0,0.0,,CFFC1,2503,-122.7086,41.0894
255,2018-08-11 16:38:00,0.0,,1.34,14.3,,,36.068,-75.29,,0.0,,0.0,0.0,,CFFC1,2503,-122.7086,41.0894
256,2018-08-11 17:38:00,0.0,W,1.79,14.3,50.32,,36.068,-37.48,271.0,0.45,1.0,0.0,0.0,,CFFC1,2503,-122.7086,41.0894
257,2018-08-11 18:38:00,0.0,E,2.23,13.9,,,36.068,-75.29,93.0,0.45,,0.0,,,CFFC1,2503,-122.7086,41.0894
258,2018-08-11 19:38:00,0.0,SE,3.58,14.0,,,36.068,-75.29,144.0,1.34,,0.0,,,CFFC1,2503,-122.7086,41.0894
259,2018-08-11 20:38:00,0.0,SE,3.13,14.0,,,36.068,-75.29,145.0,0.9,,0.0,,,CFFC1,2503,-122.7086,41.0894
260,2018-08-11 21:38:00,0.0,SSW,4.02,14.0,,,36.068,-75.29,209.0,0.9,,0.0,,,CFFC1,2503,-122.7086,41.0894
261,2018-08-11 22:38:00,0.0,ESE,2.68,13.9,,,36.068,-75.29,114.0,0.9,,0.0,,,CFFC1,2503,-122.7086,41.0894
262,2018-08-11 23:38:00,0.0,ENE,3.13,14.0,,,36.068,-75.29,71.0,0.9,,0.0,0.0,,CFFC1,2503,-122.7086,41.0894
263,2018-08-12 00:38:00,0.0,WSW,4.47,13.9,,,36.068,-75.29,255.0,0.9,,0.0,,,CFFC1,2503,-122.7086,41.0894
264,2018-08-12 01:38:00,0.0,N,4.02,13.9,,,36.068,-75.29,351.0,0.9,,0.0,0.0,,CFFC1,2503,-122.7086,41.0894
265,2018-08-12 02:38:00,0.0,NW,3.58,13.9,,,36.068,-75.29,308.0,0.45,,0.0,,,CFFC1,2503,-122.7086,41.0894
266,2018-08-12 03:38:00,0.0,WNW,2.23,13.9,,,36.068,-75.29,300.0,0.9,,0.0,,,CFFC1,2503,-122.7086,41.0894
267,2018-08-12 04:38:00,0.0,WNW,2.23,13.9,,,36.068,-75.29,295.0,0.45,,0.0,0.0,,CFFC1,2503,-122.7086,41.0894
268,2018-08-12 05:38:00,0.0,NW,1.34,13.9,,,36.068,-75.29,316.0,0.45,,0.0,0.0,,CFFC1,2503,-122.7086,41.0894
269,2018-08-12 06:38:00,0.0,WSW,0.9,13.8,,,36.068,-75.29,257.0,0.45,,0.0,,,CFFC1,2503,-122.7086,41.0894
270,2018-08-12 07:38:00,0.0,NW,0.9,13.8,,,36.068,-75.29,325.0,0.45,,0.0,0.0,,CFFC1,2503,-122.7086,41.0894
271,2018-08-12 08:38:00,0.0,NW,0.9,13.8,,,36.068,-75.29,322.0,0.45,,0.0,0.0,,CFFC1,2503,-122.7086,41.0894
272,2018-08-12 09:38:00,0.0,NW,0.9,13.8,63.52,,36.068,0.33,311.0,0.45,2.0,0.0,,,CFFC1,2503,-122.7086,41.0894
273,2018-08-12 10:38:00,0.0,NW,0.9,13.8,,,36.068,-75.29,323.0,0.45,,0.0,,,CFFC1,2503,-122.7086,41.0894
274,2018-08-12 11:38:00,0.0,,0.45,13.8,,,36.068,-75.29,,0.0,,0.0,0.0,,CFFC1,2503,-122.7086,41.0894
275,2018-08-12 12:38:00,0.0,,0.9,13.8,,,36.068,-75.29,,0.0,,0.0,0.0,,CFFC1,2503,-122.7086,41.0894
276,2018-08-12 13:38:00,0.0,ESE,0.9,13.8,50.32,,36.068,-37.48,114.0,0.45,1.0,0.0,0.0,,CFFC1,2503,-122.7086,41.0894
277,2018-08-12 14:38:00,0.0,,0.45,13.8,,,36.068,-75.29,,0.0,,0.0,0.0,,CFFC1,2503,-122.7086,41.0894
278,2018-08-12 15:38:00,0.0,,0.45,14.4,,,36.068,-75.29,,0.0,,0.0,0.0,,CFFC1,2503,-122.7086,41.0894
279,2018-08-12 16:38:00,0.0,,0.45,13.9,,,36.068,-75.29,,0.0,,0.0,,,CFFC1,2503,-122.7086,41.0894
280,2018-08-12 17:38:00,0.0,NW,1.34,14.3,,,36.068,-75.29,325.0,0.45,,0.0,0.0,,CFFC1,2503,-122.7086,41.0894
281,2018-08-12 18:38:00,0.0,NE,1.79,14.2,,,36.068,-75.29,47.0,0.45,,0.0,0.0,,CFFC1,2503,-122.7086,41.0894
282,2018-08-12 19:38:00,0.0,ESE,1.34,14.1,,,36.068,-75.29,106.0,0.45,,0.0,0.0,,CFFC1,2503,-122.7086,41.0894
283,2018-08-12 20:38:00,0.0,SW,2.23,14.1,,,36.068,-75.29,235.0,0.9,,0.0,0.0,,CFFC1,2503,-122.7086,41.0894
284,2018-08-12 21:38:00,0.0,NE,2.68,14.1,50.32,,36.068,-37.48,39.0,0.45,1.0,0.0,0.0,,CFFC1,2503,-122.7086,41.0894
285,2018-08-12 22:38:00,0.0,SSE,1.79,14.0,,,36.068,-75.29,157.0,0.9,,0.0,,,CFFC1,2503,-122.7086,41.0894
286,2018-08-12 23:38:00,0.0,W,3.58,14.0,,,36.068,-75.29,261.0,0.9,,0.0,0.0,,CFFC1,2503,-122.7086,41.0894
287,2018-08-13 00:38:00,0.0,N,2.68,14.0,,,36.068,-75.29,358.0,0.9,,0.0,0.0,,CFFC1,2503,-122.7086,41.0894
288,2018-08-13 01:38:00,0.0,SW,2.23,13.9,,,36.068,-75.29,223.0,0.45,,0.0,0.0,,CFFC1,2503,-122.7086,41.0894
289,2018-08-13 02:38:00,0.0,SW,1.79,13.9,,,36.068,-75.29,219.0,0.45,,0.0,0.0,,CFFC1,2503,-122.7086,41.0894
290,2018-08-13 03:38:00,0.0,NNW,2.23,13.9,,,36.068,-75.29,329.0,0.45,,0.0,0.0,,CFFC1,2503,-122.7086,41.0894
291,2018-08-13 04:38:00,0.0,NNW,1.34,13.9,,,36.068,-75.29,333.0,0.45,,0.0,,,CFFC1,2503,-122.7086,41.0894
292,2018-08-13 05:38:00,0.0,WNW,0.9,13.9,,,36.068,-75.29,302.0,0.45,,0.0,0.0,,CFFC1,2503,-122.7086,41.0894
293,2018-08-13 06:38:00,0.0,WNW,0.9,13.9,,,36.068,-75.29,296.0,0.45,,0.0,0.0,,CFFC1,2503,-122.7086,41.0894
294,2018-08-13 07:38:00,0.0,NNE,0.9,13.9,,,36.068,-75.29,22.0,0.45,,0.0,0.0,,CFFC1,2503,-122.7086,41.0894
295,2018-08-13 08:38:00,0.0,W,0.9,13.9,,,36.068,-75.29,267.0,0.45,,0.0,0.0,,CFFC1,2503,-122.7086,41.0894
296,2018-08-13 09:38:00,0.0,WNW,0.9,13.9,,,36.068,-75.29,293.0,0.45,,0.0,0.0,,CFFC1,2503,-122.7086,41.0894
297,2018-08-13 10:38:00,0.0,W,1.34,13.9,,,36.068,-75.29,260.0,0.45,,0.0,,,CFFC1,2503,-122.7086,41.0894
298,2018-08-13 11:38:00,0.0,NW,0.9,13.9,,,36.068,-75.29,312.0,0.45,,0.0,,,CFFC1,2503,-122.7086,41.0894
299,2018-08-13 12:38:00,0.0,NW,1.34,13.9,,,36.068,-75.29,311.0,0.45,,0.0,0.0,,CFFC1,2503,-122.7086,41.0894
300,2018-08-13 13:38:00,0.0,,0.9,13.9,71.8,,36.068,38.16,,0.0,3.0,0.0,,,CFFC1,2503,-122.7086,41.0894
301,2018-08-13 14:38:00,0.0,,0.9,13.9,,,36.068,-75.29,,0.0,,0.0,0.0,,CFFC1,2503,-122.7086,41.0894
302,2018-08-13 15:38:00,0.0,,0.9,14.4,,,36.068,-75.29,,0.0,,0.0,0.0,,CFFC1,2503,-122.7086,41.0894
303,2018-08-13 16:38:00,0.0,NNW,1.34,14.3,,,36.068,-75.29,331.0,0.45,,0.0,0.0,,CFFC1,2503,-122.7086,41.0894
304,2018-08-13 17:38:00,0.0,N,1.34,14.3,63.52,,36.068,0.33,354.0,0.45,2.0,0.0,0.0,,CFFC1,2503,-122.7086,41.0894
305,2018-08-13 18:38:00,0.0,SE,0.9,14.3,,,36.068,-75.29,131.0,0.45,,0.0,0.0,,CFFC1,2503,-122.7086,41.0894
306,2018-08-13 19:38:00,0.0,ESE,1.34,14.2,,,36.068,-75.29,102.0,0.45,,0.0,0.0,,CFFC1,2503,-122.7086,41.0894
307,2018-08-13 20:38:00,0.0,SSE,1.79,14.1,,,36.068,-75.29,153.0,0.9,,0.0,0.0,,CFFC1,2503,-122.7086,41.0894
308,2018-08-13 21:38:00,0.0,ESE,1.34,14.1,,,36.068,-75.29,117.0,0.45,,0.0,0.0,,CFFC1,2503,-122.7086,41.0894
309,2018-08-13 22:38:00,0.0,NNE,2.23,14.0,,,36.068,-75.29,25.0,0.45,,0.0,0.0,,CFFC1,2503,-122.7086,41.0894
310,2018-08-13 23:38:00,0.0,NNW,2.23,14.0,,,36.068,-75.29,340.0,0.45,,0.0,0.0,,CFFC1,2503,-122.7086,41.0894
311,2018-08-14 00:38:00,0.0,W,2.68,13.9,,,36.068,-75.29,280.0,0.9,,0.0,,,CFFC1,2503,-122.7086,41.0894
312,2018-08-14 01:38:00,0.0,S,1.34,13.9,,,36.068,-75.29,189.0,0.45,,0.0,,,CFFC1,2503,-122.7086,41.0894
313,2018-08-14 02:38:00,0.0,SSW,1.79,13.9,,,36.068,-75.29,199.0,0.9,,0.0,,,CFFC1,2503,-122.7086,41.0894
314,2018-08-14 03:38:00,0.0,N,1.79,13.9,,,36.068,-75.29,6.0,0.45,,0.0,0.0,,CFFC1,2503,-122.7086,41.0894
315,2018-08-14 04:38:00,0.0,NW,1.34,13.9,,,36.068,-75.29,320.0,0.45,,0.0,0.0,,CFFC1,2503,-122.7086,41.0894
316,2018-08-14 05:38:00,0.0,NW,0.9,13.9,63.52,,36.068,0.33,305.0,0.45,2.0,0.0,,,CFFC1,2503,-122.7086,41.0894
317,2018-08-14 06:38:00,0.0,NNW,0.9,13.9,,,36.068,-75.29,335.0,0.45,,0.0,,,CFFC1,2503,-122.7086,41.0894
318,2018-08-14 07:38:00,0.0,ENE,0.9,13.9,,,36.068,-75.29,73.0,0.45,,0.0,0.0,,CFFC1,2503,-122.7086,41.0894
319,2018-08-14 08:38:00,0.0,WSW,1.34,13.9,,,36.068,-75.29,255.0,0.45,,0.0,0.0,,CFFC1,2503,-122.7086,41.0894
320,2018-08-14 09:38:00,0.0,,1.34,13.9,63.52,,36.068,0.33,,0.0,2.0,0.0,0.0,,CFFC1,2503,-122.7086,41.0894
321,2018-08-14 10:38:00,0.0,WNW,1.34,13.9,,,36.068,-75.29,300.0,0.45,,0.0,,,CFFC1,2503,-122.7086,41.0894
322,2018-08-14 11:38:00,0.0,WNW,0.9,13.9,,,36.068,-75.29,302.0,0.45,,0.0,,,CFFC1,2503,-122.7086,41.0894
323,2018-08-14 12:38:00,0.0,NNW,0.45,13.9,,,36.068,-75.29,344.0,0.45,,0.0,0.0,,CFFC1,2503,-122.7086,41.0894
324,2018-08-14 13:38:00,0.0,,0.9,13.9,63.52,,36.068,0.33,,0.0,2.0,0.0,,,CFFC1,2503,-122.7086,41.0894
325,2018-08-14 14:38:00,0.0,ESE,0.9,13.9,,,36.068,-75.29,102.0,0.45,,0.0,0.0,,CFFC1,2503,-122.7086,41.0894
326,2018-08-14 15:38:00,0.0,NE,0.9,14.4,,,36.068,-75.29,51.0,0.45,,0.0,0.0,,CFFC1,2503,-122.7086,41.0894
327,2018-08-14 16:38:00,0.0,NW,1.34,14.1,,,36.068,-75.29,314.0,0.45,,0.0,0.0,,CFFC1,2503,-122.7086,41.0894
328,2018-08-14 17:38:00,0.0,NNW,1.34,14.4,,,36.068,-75.29,333.0,0.45,,0.0,,,CFFC1,2503,-122.7086,41.0894
329,2018-08-14 18:38:00,0.0,NW,0.9,14.3,,,36.068,-75.29,312.0,0.45,,0.0,0.0,,CFFC1,2503,-122.7086,41.0894
330,2018-08-14 19:38:00,0.0,WSW,1.79,14.1,,,36.068,-75.29,247.0,0.45,,0.0,,,CFFC1,2503,-122.7086,41.0894
331,2018-08-14 20:38:00,0.0,NNE,2.23,14.1,,,36.068,-75.29,26.0,0.9,,0.0,0.0,,CFFC1,2503,-122.7086,41.0894
332,2018-08-14 21:38:00,0.0,SE,3.13,14.0,,,36.068,-75.29,135.0,0.9,,0.0,,,CFFC1,2503,-122.7086,41.0894
333,2018-08-14 22:38:00,0.0,SW,3.13,14.0,,,36.068,-75.29,226.0,0.9,,0.0,,,CFFC1,2503,-122.7086,41.0894
334,2018-08-14 23:38:00,0.0,WSW,3.13,14.0,,,36.068,-75.29,257.0,0.45,,0.0,0.0,,CFFC1,2503,-122.7086,41.0894
335,2018-08-15 00:38:00,0.0,SSW,2.68,13.9,,,36.068,-75.29,194.0,0.45,,0.0,0.0,,CFFC1,2503,-122.7086,41.0894
336,2018-08-15 01:38:00,0.0,S,2.23,13.9,,,36.068,-75.29,173.0,0.45,,0.0,0.0,,CFFC1,2503,-122.7086,41.0894
337,2018-08-15 02:38:00,0.0,SSE,1.34,13.9,,,36.068,-75.29,168.0,0.45,,0.0,,,CFFC1,2503,-122.7086,41.0894
338,2018-08-15 03:38:00,0.0,SE,1.34,13.9,,,36.068,-75.29,131.0,0.45,,0.0,,,CFFC1,2503,-122.7086,41.0894
339,2018-08-15 04:38:00,0.0,WNW,1.34,13.9,,,36.068,-75.29,290.0,0.45,,0.0,0.0,,CFFC1,2503,-122.7086,41.0894
340,2018-08-15 05:38:00,0.0,WNW,0.9,13.9,,,36.068,-75.29,292.0,0.45,,0.0,0.0,,CFFC1,2503,-122.7086,41.0894
341,2018-08-15 06:38:00,0.0,S,0.9,13.9,,,36.068,-75.29,186.0,0.45,,0.0,0.0,,CFFC1,2503,-122.7086,41.0894
342,2018-08-15 07:38:00,0.0,W,1.34,13.9,,,36.068,-75.29,280.0,0.45,,0.0,0.0,,CFFC1,2503,-122.7086,41.0894
343,2018-08-15 08:38:00,0.0,NW,0.9,13.9,,,36.068,-75.29,316.0,0.45,,0.0,0.0,,CFFC1,2503,-122.7086,41.0894
344,2018-08-15 09:38:00,0.0,WNW,1.34,13.8,,,36.068,-75.29,296.0,0.45,,0.0,,,CFFC1,2503,-122.7086,41.0894
345,2018-08-15 10:38:00,0.0,,0.9,13.9,,,36.068,-75.29,,0.0,,0.0,,,CFFC1,2503,-122.7086,41.0894
346,2018-08-15 11:38:00,0.0,,0.9,13.8,,,36.068,-75.29,,0.0,,0.0,0.0,,CFFC1,2503,-122.7086,41.0894
347,2018-08-15 12:38:00,0.0,,0.9,13.8,,,36.068,-75.29,,0.0,,0.0,0.0,,CFFC1,2503,-122.7086,41.0894
348,2018-08-15 13:38:00,0.0,E,0.45,13.8,77.93,,36.068,76.01,83.0,0.45,4.0,0.0,0.0,,CFFC1,2503,-122.7086,41.0894
349,2018-08-15 14:38:00,0.0,,0.9,13.8,,,36.068,-75.29,,0.0,,0.0,,,CFFC1,2503,-122.7086,41.0894
350,2018-08-15 15:38:00,0.0,,0.45,14.4,,,36.068,-75.29,,0.0,0.0,0.0,0.0,,CFFC1,2503,-122.7086,41.0894
351,2018-08-15 16:38:00,0.0,,0.45,14.4,,,36.068,-75.29,,0.0,0.0,0.0,0.0,,CFFC1,2503,-122.7086,41.0894
352,2018-08-15 17:38:00,0.0,SE,0.9,14.4,63.52,,36.068,0.33,127.0,0.45,2.0,0.0,,,CFFC1,2503,-122.7086,41.0894
353,2018-08-15 18:38:00,0.0,ENE,0.9,14.3,,,36.068,-75.29,59.0,0.45,,0.0,,,CFFC1,2503,-122.7086,41.0894
354,2018-08-15 19:38:00,0.0,E,1.34,14.2,,,36.068,-75.29,98.0,0.45,,0.0,0.0,,CFFC1,2503,-122.7086,41.0894
355,2018-08-15 20:38:00,0.0,ESE,1.34,14.2,,,36.068,-75.29,113.0,0.45,,0.0,0.0,,CFFC1,2503,-122.7086,41.0894
356,2018-08-15 21:38:00,0.0,ESE,1.34,14.1,,,36.068,-75.29,114.0,0.45,,0.0,,,CFFC1,2503,-122.7086,41.0894
357,2018-08-15 22:38:00,0.0,SSE,2.23,14.0,,,36.068,-75.29,167.0,0.9,,0.0,0.0,,CFFC1,2503,-122.7086,41.0894
358,2018-08-15 23:38:00,0.0,SSE,2.68,14.0,,,36.068,-75.29,162.0,0.9,,0.0,0.0,,CFFC1,2503,-122.7086,41.0894
359,2018-08-16 00:38:00,0.0,SSE,3.13,13.9,,,36.068,-75.29,168.0,0.9,,0.0,0.0,,CFFC1,2503,-122.7086,41.0894
360,2018-08-16 01:38:00,0.0,NW,3.13,13.9,,,36.068,-75.29,312.0,0.45,,0.0,,,CFFC1,2503,-122.7086,41.0894
361,2018-08-16 02:38:00,0.0,N,1.79,13.9,,,36.068,-75.29,6.0,0.45,,0.0,0.0,,CFFC1,2503,-122.7086,41.0894
362,2018-08-16 03:38:00,0.0,NE,1.79,13.9,,,36.068,-75.29,42.0,0.45,,0.0,,,CFFC1,2503,-122.7086,41.0894
363,2018-08-16 04:38:00,0.0,NNW,2.23,13.9,,,36.068,-75.29,331.0,0.45,,0.0,0.0,,CFFC1,2503,-122.7086,41.0894
364,2018-08-16 05:38:00,0.0,NW,0.9,13.8,63.52,,36.068,0.33,322.0,0.45,2.0,0.0,0.0,,CFFC1,2503,-122.7086,41.0894
365,2018-08-16 06:38:00,0.0,NW,0.9,13.8,,,36.068,-75.29,313.0,0.45,,0.0,0.0,,CFFC1,2503,-122.7086,41.0894
366,2018-08-16 07:38:00,0.0,NW,1.34,13.8,,,36.068,-75.29,311.0,0.45,,0.0,,,CFFC1,2503,-122.7086,41.0894
367,2018-08-16 08:38:00,0.0,WNW,0.9,13.8,,,36.068,-75.29,289.0,0.45,,0.0,0.0,,CFFC1,2503,-122.7086,41.0894
368,2018-08-16 09:38:00,0.0,WNW,0.9,13.8,71.8,,36.068,38.16,289.0,0.45,3.0,0.0,,,CFFC1,2503,-122.7086,41.0894
369,2018-08-16 10:38:00,0.0,NW,0.9,13.8,,,36.068,-75.29,322.0,0.45,,0.0,,,CFFC1,2503,-122.7086,41.0894
370,2018-08-16 11:38:00,0.0,NNW,1.34,13.8,,,36.068,-75.29,342.0,0.45,,0.0,,,CFFC1,2503,-122.7086,41.0894
371,2018-08-16 12:38:00,0.0,WNW,0.9,13.8,,,36.068,-75.29,295.0,0.45,,0.0,,,CFFC1,2503,-122.7086,41.0894
372,2018-08-16 13:38:00,0.0,NW,1.34,13.8,50.32,,36.068,-37.48,320.0,0.45,1.0,0.0,,,CFFC1,2503,-122.7086,41.0894
373,2018-08-16 14:38:00,0.0,,0.45,13.8,,,36.068,-75.29,,0.0,,0.0,0.0,,CFFC1,2503,-122.7086,41.0894
374,2018-08-16 15:38:00,0.0,E,0.45,14.4,,,36.068,-75.29,84.0,0.45,,0.0,,,CFFC1,2503,-122.7086,41.0894
375,2018-08-16 16:38:00,0.0,ESE,0.45,14.3,,,36.068,-75.29,106.0,0.45,,0.0,0.0,,CFFC1,2503,-122.7086,41.0894
376,2018-08-16 17:38:00,0.0,SE,0.9,14.4,50.32,,36.068,-37.48,144.0,0.45,1.0,0.0,,,CFFC1,2503,-122.7086,41.0894
377,2018-08-16 18:38:00,0.0,ESE,0.9,14.3,,,36.068,-75.29,115.0,0.45,,0.0,0.0,,CFFC1,2503,-122.7086,41.0894
378,2018-08-16 19:38:00,0.0,NNW,1.34,14.2,,,36.068,-75.29,340.0,0.45,,0.0,0.0,,CFFC1,2503,-122.7086,41.0894
379,2018-08-16 20:38:00,0.0,ESE,1.34,14.1,,,36.068,-75.29,115.0,0.45,,0.0,,,CFFC1,2503,-122.7086,41.0894
380,2018-08-16 21:38:00,0.0,ESE,3.13,14.1,,,36.068,-75.29,120.0,0.9,,0.0,,,CFFC1,2503,-122.7086,41.0894
381,2018-08-16 22:38:00,0.0,SSE,3.13,14.0,,,36.068,-75.29,148.0,0.9,,0.0,,,CFFC1,2503,-122.7086,41.0894
382,2018-08-16 23:38:00,0.0,NNW,4.02,14.0,,,36.068,-75.29,337.0,0.9,,0.0,,,CFFC1,2503,-122.7086,41.0894
383,2018-08-17 00:38:00,0.0,SE,3.58,13.9,,,36.068,-75.29,130.0,0.9,,0.0,,,CFFC1,2503,-122.7086,41.0894
384,2018-08-17 01:38:00,0.0,ESE,2.68,13.9,,,36.068,-75.29,106.0,0.9,,0.0,,,CFFC1,2503,-122.7086,41.0894
385,2018-08-17 02:38:00,0.0,SW,2.68,13.9,,,36.068,-75.29,214.0,0.45,,0.0,,,CFFC1,2503,-122.7086,41.0894
386,2018-08-17 03:38:00,0.0,S,1.34,13.9,,,36.068,-75.29,170.0,0.45,,0.0,0.0,,CFFC1,2503,-122.7086,41.0894
387,2018-08-17 04:38:00,0.0,SSW,2.23,13.9,,,36.068,-75.29,197.0,0.9,,0.0,,,CFFC1,2503,-122.7086,41.0894
388,2018-08-17 05:38:00,0.0,WNW,1.34,13.9,,,36.068,-75.29,288.0,0.45,,0.0,0.0,,CFFC1,2503,-122.7086,41.0894
389,2018-08-17 06:38:00,0.0,WSW,1.34,13.9,,,36.068,-75.29,257.0,0.45,,0.0,,,CFFC1,2503,-122.7086,41.0894
390,2018-08-17 07:38:00,0.0,NW,0.9,13.9,,,36.068,-75.29,318.0,0.45,,0.0,,,CFFC1,2503,-122.7086,41.0894
391,2018-08-17 08:38:00,0.0,W,0.9,13.9,,,36.068,-75.29,272.0,0.45,,0.0,0.0,,CFFC1,2503,-122.7086,41.0894
392,2018-08-17 09:38:00,0.0,NW,0.9,13.8,,,36.068,-75.29,311.0,0.45,,0.0,,,CFFC1,2503,-122.7086,41.0894
393,2018-08-17 10:38:00,0.0,WNW,1.34,13.8,,,36.068,-75.29,298.0,0.45,,0.0,0.0,,CFFC1,2503,-122.7086,41.0894
394,2018-08-17 11:38:00,0.0,NNW,1.34,13.8,,,36.068,-75.29,333.0,0.45,,0.0,,,CFFC1,2503,-122.7086,41.0894
395,2018-08-17 12:38:00,0.0,NW,1.34,13.8,,,36.068,-75.29,324.0,0.45,,0.0,0.0,,CFFC1,2503,-122.7086,41.0894
396,2018-08-17 13:38:00,0.0,WNW,0.9,13.8,77.93,,36.068,76.01,291.0,0.45,4.0,0.0,0.0,,CFFC1,2503,-122.7086,41.0894
397,2018-08-17 14:38:00,0.0,WSW,0.9,13.8,,,36.068,-75.29,250.0,0.45,,0.0,,,CFFC1,2503,-122.7086,41.0894
398,2018-08-17 15:38:00,0.0,ENE,0.45,14.4,,,36.068,-75.29,74.0,0.45,,0.0,0.0,,CFFC1,2503,-122.7086,41.0894
399,2018-08-17 16:38:00,0.0,E,1.34,14.2,,,36.068,-75.29,93.0,0.45,,0.0,0.0,,CFFC1,2503,-122.7086,41.0894
400,2018-08-17 17:38:00,0.0,SW,0.9,14.4,71.8,,36.068,38.16,235.0,0.45,3.0,0.0,,,CFFC1,2503,-122.7086,41.0894
401,2018-08-17 18:38:00,0.0,E,1.34,14.3,,,36.068,-75.29,94.0,0.45,,0.0,0.0,,CFFC1,2503,-122.7086,41.0894
402,2018-08-17 19:38:00,0.0,NNE,1.79,14.2,,,36.068,-75.29,18.0,0.45,,0.0,0.0,,CFFC1,2503,-122.7086,41.0894
403,2018-08-17 20:38:00,0.0,ENE,1.34,14.1,,,36.068,-75.29,61.0,0.45,,0.0,,,CFFC1,2503,-122.7086,41.0894
404,2018-08-17 21:38:00,0.0,E,1.34,14.1,,,36.068,-75.29,79.0,0.45,,0.0,,,CFFC1,2503,-122.7086,41.0894
405,2018-08-17 22:38:00,0.0,NE,1.79,14.0,,,36.068,-75.29,42.0,0.9,,0.0,,,CFFC1,2503,-122.7086,41.0894
406,2018-08-17 23:38:00,0.0,SE,2.68,14.0,,,36.068,-75.29,144.0,0.45,,0.0,,,CFFC1,2503,-122.7086,41.0894
407,2018-08-18 00:38:00,0.0,NW,1.34,14.0,,,36.068,-75.29,309.0,0.45,,0.0,,,CFFC1,2503,-122.7086,41.0894
408,2018-08-18 01:38:00,0.0,W,1.79,13.9,,,36.068,-75.29,261.0,0.45,,0.0,0.0,,CFFC1,2503,-122.7086,41.0894
409,2018-08-18 02:38:00,0.0,SSW,2.23,13.9,,,36.068,-75.29,212.0,0.45,,0.0,0.0,,CFFC1,2503,-122.7086,41.0894
410,2018-08-18 03:38:00,0.0,NNW,1.34,13.9,,,36.068,-75.29,340.0,0.45,,0.0,0.0,,CFFC1,2503,-122.7086,41.0894
411,2018-08-18 04:38:00,0.0,NW,1.34,13.9,,,36.068,-75.29,305.0,0.45,,0.0,0.0,,CFFC1,2503,-122.7086,41.0894
412,2018-08-18 05:38:00,0.0,NW,1.34,13.9,50.32,,36.068,-37.48,322.0,0.45,1.0,0.0,,,CFFC1,2503,-122.7086,41.0894
413,2018-08-18 06:38:00,0.0,WSW,0.9,13.9,,,36.068,-75.29,252.0,0.45,,0.0,0.0,,CFFC1,2503,-122.7086,41.0894
414,2018-08-18 07:38:00,0.0,NNW,0.9,13.9,,,36.068,-75.29,329.0,0.45,,0.0,,,CFFC1,2503,-122.7086,41.0894
415,2018-08-18 08:38:00,0.0,ENE,0.9,13.9,,,36.068,-75.29,74.0,0.45,,0.0,0.0,,CFFC1,2503,-122.7086,41.0894
416,2018-08-18 09:38:00,0.0,NW,0.9,13.8,63.52,,36.068,0.33,323.0,0.45,2.0,0.0,,,CFFC1,2503,-122.7086,41.0894
417,2018-08-18 10:38:00,0.0,W,0.9,13.8,,,36.068,-75.29,270.0,0.45,,0.0,0.0,,CFFC1,2503,-122.7086,41.0894
418,2018-08-18 11:38:00,0.0,NW,0.9,13.8,,,36.068,-75.29,306.0,0.45,,0.0,,,CFFC1,2503,-122.7086,41.0894
419,2018-08-18 12:38:00,0.0,,0.9,13.8,,,36.068,-75.29,,0.0,,0.0,0.0,,CFFC1,2503,-122.7086,41.0894
420,2018-08-18 13:38:00,0.0,ENE,0.9,13.8,63.52,,36.068,0.33,65.0,0.45,2.0,0.0,0.0,,CFFC1,2503,-122.7086,41.0894
421,2018-08-18 14:38:00,0.0,,0.45,13.8,,,36.068,-75.29,,0.0,,0.0,0.0,,CFFC1,2503,-122.7086,41.0894
422,2018-08-18 15:38:00,0.0,,0.9,14.4,,,36.068,-75.29,,0.0,,0.0,,,CFFC1,2503,-122.7086,41.0894
423,2018-08-18 16:38:00,0.0,,0.45,14.4,,,36.068,-75.29,,0.0,,0.0,0.0,,CFFC1,2503,-122.7086,41.0894
424,2018-08-18 17:38:00,0.0,E,0.9,14.4,,,36.068,-75.29,97.0,0.45,,0.0,0.0,,CFFC1,2503,-122.7086,41.0894
425,2018-08-18 18:38:00,0.0,E,0.9,14.3,,,36.068,-75.29,101.0,0.45,,0.0,,,CFFC1,2503,-122.7086,41.0894
426,2018-08-18 19:38:00,0.0,E,1.34,14.2,,,36.068,-75.29,99.0,0.45,,0.0,0.0,,CFFC1,2503,-122.7086,41.0894
427,2018-08-18 20:38:00,0.0,ESE,1.34,14.1,,,36.068,-75.29,103.0,0.45,,0.0,0.0,,CFFC1,2503,-122.7086,41.0894
428,2018-08-18 21:38:00,0.0,WNW,2.23,14.0,50.32,,36.068,-37.48,302.0,0.45,1.0,0.0,,,CFFC1,2503,-122.7086,41.0894
429,2018-08-18 22:38:00,0.0,SSE,2.68,14.0,,,36.068,-75.29,161.0,0.9,,0.0,0.0,,CFFC1,2503,-122.7086,41.0894
430,2018-08-18 23:38:00,0.0,SSE,2.23,14.0,,,36.068,-75.29,167.0,0.9,,0.0,,,CFFC1,2503,-122.7086,41.0894
431,2018-08-19 00:38:00,0.0,S,2.68,13.9,,,36.068,-75.29,177.0,0.45,,0.0,0.0,,CFFC1,2503,-122.7086,41.0894
432,2018-08-19 01:38:00,0.0,SW,2.68,13.9,,,36.068,-75.29,221.0,0.45,,0.0,,,CFFC1,2503,-122.7086,41.0894
433,2018-08-19 02:38:00,0.0,SSW,0.9,13.9,,,36.068,-75.29,211.0,0.45,,0.0,0.0,,CFFC1,2503,-122.7086,41.0894
434,2018-08-19 03:38:00,0.0,NNW,1.79,13.9,,,36.068,-75.29,335.0,0.9,,0.0,0.0,,CFFC1,2503,-122.7086,41.0894
435,2018-08-19 04:38:00,0.0,NW,1.79,13.9,,,36.068,-75.29,310.0,0.45,,0.0,,,CFFC1,2503,-122.7086,41.0894
436,2018-08-19 05:38:00,0.0,NW,0.9,13.9,,,36.068,-75.29,323.0,0.45,,0.0,0.0,,CFFC1,2503,-122.7086,41.0894
437,2018-08-19 06:38:00,0.0,NNW,0.9,13.9,,,36.068,-75.29,333.0,0.45,,0.0,0.0,,CFFC1,2503,-122.7086,41.0894
438,2018-08-19 07:38:00,0.0,WNW,0.9,13.9,,,36.068,-75.29,299.0,0.45,,0.0,,,CFFC1,2503,-122.7086,41.0894
439,2018-08-19 08:38:00,0.0,NW,1.34,13.9,,,36.068,-75.29,309.0,0.45,,0.0,0.0,,CFFC1,2503,-122.7086,41.0894
440,2018-08-19 09:38:00,0.0,NNW,0.9,13.9,,,36.068,-75.29,344.0,0.45,,0.0,0.0,,CFFC1,2503,-122.7086,41.0894
441,2018-08-19 10:38:00,0.0,,0.9,13.9,,,36.068,-75.29,,0.0,,0.0,0.0,,CFFC1,2503,-122.7086,41.0894
442,2018-08-19 11:38:00,0.0,WNW,0.9,13.9,,,36.068,-75.29,282.0,0.45,,0.0,0.0,,CFFC1,2503,-122.7086,41.0894
443,2018-08-19 12:38:00,0.0,,0.45,13.9,,,36.068,-75.29,,0.0,,0.0,0.0,,CFFC1,2503,-122.7086,41.0894
444,2018-08-19 13:38:00,0.0,,0.9,13.9,86.95,,36.068,151.73,,0.0,6.0,0.0,,,CFFC1,2503,-122.7086,41.0894
445,2018-08-19 14:38:00,0.0,,0.45,13.9,,,36.068,-75.29,,0.0,,0.0,0.0,,CFFC1,2503,-122.7086,41.0894
446,2018-08-19 15:38:00,0.0,,0.45,14.4,,,36.068,-75.29,,0.0,,0.0,0.0,,CFFC1,2503,-122.7086,41.0894
447,2018-08-19 16:38:00,0.0,ENE,0.9,14.3,,,36.068,-75.29,58.0,0.45,,0.0,0.0,,CFFC1,2503,-122.7086,41.0894
448,2018-08-19 17:38:00,0.0,NW,1.34,14.3,63.52,,36.068,0.33,311.0,0.45,2.0,0.0,0.0,,CFFC1,2503,-122.7086,41.0894
449,2018-08-19 18:38:00,0.0,NE,1.79,14.3,,,36.068,-75.29,37.0,0.45,,0.0,0.0,,CFFC1,2503,-122.7086,41.0894
