,date_time,wind_speed_set_1,soil_temp_set_1,dew_point_temperature_set_1d,precip_accum_one_hour_set_1,heat_index_set_1d,wind_direction_set_1,wind_cardinal_direction_set_1d,relative_humidity_set_1,solar_radiation_set_1,evapotranspiration_set_1,air_temp_set_1,_meta_station_id,_meta_elevation,_meta_longitude,_meta_latitude
0,2018-08-01 00:00:00,2.73,25.28,21.5,0.0,34.85,131.0,SE,55.0,201.4,0.254,31.61,CI222,246,-122.155750,40.028778
1,2018-08-01 01:00:00,2.11,25.44,22.36,0.0,33.8,133.0,SE,63.0,131.02,0.254,30.17,CI222,246,-122.155750,40.028778
2,2018-08-01 02:00:00,1.29,25.56,22.26,0.0,32.19,108.0,ESE,67.0,72.5,0.0,29.0,CI222,246,-122.155750,40.028778
3,2018-08-01 03:00:00,1.65,25.67,20.76,0.0,,119.0,ESE,72.0,5.94,0.0,26.22,CI222,246,-122.155750,40.028778
4,2018-08-01 04:00:00,1.18,25.67,19.84,0.0,,216.0,SW,71.0,0.0,0.0,25.5,CI222,246,-122.155750,40.028778
5,2018-08-01 05:00:00,1.08,25.67,20.13,0.0,,351.0,N,77.0,0.0,0.0,24.44,CI222,246,-122.155750,40.028778
6,2018-08-01 06:00:00,1.29,25.61,20.3,0.0,,315.0,NW,82.0,0.0,0.0,23.56,CI222,246,-122.155750,40.028778
7,2018-08-01 07:00:00,0.77,25.5,19.84,0.0,,249.0,WSW,83.0,0.0,0.0,22.89,CI222,246,-122.155750,40.028778
8,2018-08-01 08:00:00,0.98,25.44,20.24,0.0,,324.0,NW,88.0,0.0,0.0,22.33,CI222,246,-122.155750,40.028778
9,2018-08-01 09:00:00,1.39,25.33,19.89,0.0,,292.0,WNW,90.0,0.0,0.0,21.61,CI222,246,-122.155750,40.028778
10,2018-08-01 10:00:00,0.98,25.28,18.8,0.0,,259.0,W,87.0,0.0,0.0,21.06,CI222,246,-122.155750,40.028778
11,2018-08-01 11:00:00,0.77,25.17,18.8,0.0,,81.0,E,91.0,0.0,0.0,20.33,CI222,246,-122.155750,40.028778
12,2018-08-01 12:00:00,0.67,25.06,19.23,0.0,,76.0,ENE,96.0,0.0,0.0,19.89,CI222,246,-122.155750,40.028778
13,2018-08-01 13:00:00,0.77,24.94,18.73,0.0,,170.0,S,96.0,21.62,0.0,19.39,CI222,246,-122.155750,40.028778
14,2018-08-01 14:00:00,0.62,24.83,19.46,0.0,,189.0,S,90.0,125.5,0.0,21.17,CI222,246,-122.155750,40.028778
15,2018-08-01 15:00:00,0.87,24.78,18.71,0.0,,217.0,SW,70.0,278.57,0.254,24.56,CI222,246,-122.155750,40.028778
16,2018-08-01 16:00:00,1.03,24.67,19.77,0.0,28.62,79.0,E,64.0,446.47,0.254,27.17,CI222,246,-122.155750,40.028778
17,2018-08-01 17:00:00,1.49,24.67,20.13,0.0,30.78,124.0,SE,59.0,597.84,0.508,28.94,CI222,246,-122.155750,40.028778
18,2018-08-01 18:00:00,2.21,24.67,19.4,0.0,32.27,146.0,SE,51.0,675.43,0.508,30.67,CI222,246,-122.155750,40.028778
19,2018-08-01 19:00:00,2.62,24.78,18.57,0.0,32.74,173.0,S,46.0,652.11,0.762,31.56,CI222,246,-122.155750,40.028778
20,2018-08-01 20:00:00,2.73,24.94,18.82,0.0,34.03,171.0,S,44.0,697.48,0.762,32.61,CI222,246,-122.155750,40.028778
21,2018-08-01 21:00:00,2.68,25.11,20.5,0.0,35.99,124.0,SE,47.0,699.6,0.762,33.28,CI222,246,-122.155750,40.028778
22,2018-08-01 22:00:00,3.86,25.22,17.18,0.0,34.43,175.0,S,37.0,643.63,0.762,33.83,CI222,246,-122.155750,40.028778
23,2018-08-01 23:00:00,3.7,25.39,16.4,0.0,33.62,181.0,S,36.0,516.43,0.508,33.44,CI222,246,-122.155750,40.028778
24,2018-08-02 00:00:00,3.09,25.56,18.93,0.0,33.79,148.0,SSE,45.0,334.11,0.254,32.33,CI222,246,-122.155750,40.028778
25,2018-08-02 01:00:00,2.83,25.67,20.46,0.0,32.75,134.0,SE,55.0,185.71,0.254,30.5,CI222,246,-122.155750,40.028778
26,2018-08-02 02:00:00,2.31,25.78,21.09,0.0,30.87,130.0,SE,64.0,52.58,0.0,28.56,CI222,246,-122.155750,40.028778
27,2018-08-02 03:00:00,1.9,25.83,20.7,0.0,,132.0,SE,71.0,2.54,0.0,26.39,CI222,246,-122.155750,40.028778
28,2018-08-02 04:00:00,1.18,25.83,20.77,0.0,,320.0,NW,79.0,0.0,0.0,24.67,CI222,246,-122.155750,40.028778
29,2018-08-02 05:00:00,1.39,25.78,20.74,0.0,,343.0,NNW,86.0,0.0,0.0,23.22,CI222,246,-122.155750,40.028778
30,2018-08-02 06:00:00,1.13,25.72,20.05,0.0,,338.0,NNW,87.0,0.0,0.0,22.33,CI222,246,-122.155750,40.028778
31,2018-08-02 07:00:00,1.03,25.61,19.57,0.0,,234.0,SW,91.0,0.0,0.0,21.11,CI222,246,-122.155750,40.028778
32,2018-08-02 08:00:00,0.82,25.56,19.0,0.0,,110.0,ESE,95.0,0.0,0.0,19.83,CI222,246,-122.155750,40.028778
33,2018-08-02 09:00:00,1.23,25.39,18.78,0.0,,16.0,NNE,95.0,0.0,0.0,19.61,CI222,246,-122.155750,40.028778
34,2018-08-02 10:00:00,1.59,25.28,18.22,0.0,,292.0,WNW,93.0,0.0,0.0,19.39,CI222,246,-122.155750,40.028778
35,2018-08-02 11:00:00,0.93,25.17,17.9,0.0,,332.0,NNW,94.0,0.0,0.0,18.89,CI222,246,-122.155750,40.028778
36,2018-08-02 12:00:00,0.98,25.0,17.12,0.0,,203.0,SSW,97.0,0.42,0.0,17.61,CI222,246,-122.155750,40.028778
37,2018-08-02 13:00:00,1.08,24.89,17.24,0.0,,316.0,NW,98.0,22.9,0.0,17.56,CI222,246,-122.155750,40.028778
38,2018-08-02 14:00:00,0.72,24.78,18.16,0.0,,11.0,N,93.0,110.24,0.0,19.33,CI222,246,-122.155750,40.028778
39,2018-08-02 15:00:00,0.87,24.67,17.98,0.0,,77.0,ENE,72.0,259.49,0.254,23.33,CI222,246,-122.155750,40.028778
40,2018-08-02 16:00:00,2.16,24.56,14.69,0.0,,88.0,E,55.0,424.85,0.254,24.33,CI222,246,-122.155750,40.028778
41,2018-08-02 17:00:00,3.5,24.5,14.14,0.0,,125.0,SE,50.0,598.26,0.508,25.33,CI222,246,-122.155750,40.028778
42,2018-08-02 18:00:00,3.29,24.5,14.16,0.0,27.49,131.0,SE,44.0,710.2,0.762,27.5,CI222,246,-122.155750,40.028778
43,2018-08-02 19:00:00,2.06,24.56,16.74,0.0,30.24,99.0,E,45.0,784.4,0.762,29.94,CI222,246,-122.155750,40.028778
44,2018-08-02 20:00:00,2.62,24.67,18.01,0.0,32.19,120.0,ESE,45.0,805.6,0.762,31.33,CI222,246,-122.155750,40.028778
45,2018-08-02 21:00:00,2.93,24.78,17.07,0.0,33.24,145.0,SE,39.0,770.41,0.762,32.78,CI222,246,-122.155750,40.028778
46,2018-08-02 22:00:00,3.86,24.89,13.99,0.0,32.57,176.0,S,31.0,687.73,0.762,33.33,CI222,246,-122.155750,40.028778
47,2018-08-02 23:00:00,3.86,25.06,14.34,0.0,32.52,152.0,SSE,32.0,565.62,0.508,33.17,CI222,246,-122.155750,40.028778
48,2018-08-03 00:00:00,3.7,25.22,16.95,0.0,32.14,126.0,SE,41.0,407.46,0.508,31.78,CI222,246,-122.155750,40.028778
49,2018-08-03 01:00:00,3.96,25.39,17.48,0.0,30.6,130.0,SE,47.0,225.14,0.254,30.0,CI222,246,-122.155750,40.028778
50,2018-08-03 02:00:00,3.04,25.5,16.81,0.0,29.0,170.0,S,49.0,59.36,0.0,28.56,CI222,246,-122.155750,40.028778
51,2018-08-03 03:00:00,1.44,25.56,18.51,0.0,,58.0,ENE,68.0,2.97,0.0,24.83,CI222,246,-122.155750,40.028778
52,2018-08-03 04:00:00,1.65,25.5,17.92,0.0,,347.0,NNW,71.0,0.0,0.0,23.5,CI222,246,-122.155750,40.028778
53,2018-08-03 05:00:00,1.29,25.44,18.25,0.0,,356.0,N,81.0,0.0,0.0,21.67,CI222,246,-122.155750,40.028778
54,2018-08-03 06:00:00,1.54,25.33,18.05,0.0,,337.0,NNW,83.0,0.0,0.0,21.06,CI222,246,-122.155750,40.028778
55,2018-08-03 07:00:00,0.77,25.28,17.71,0.0,,315.0,NW,83.0,0.0,0.0,20.72,CI222,246,-122.155750,40.028778
56,2018-08-03 08:00:00,1.18,25.17,17.28,0.0,,295.0,WNW,85.0,0.0,0.0,19.89,CI222,246,-122.155750,40.028778
57,2018-08-03 09:00:00,1.08,25.0,16.58,0.0,,294.0,WNW,89.0,0.0,0.0,18.44,CI222,246,-122.155750,40.028778
58,2018-08-03 10:00:00,1.44,24.89,15.91,0.0,,294.0,WNW,93.0,0.0,0.0,17.06,CI222,246,-122.155750,40.028778
59,2018-08-03 11:00:00,1.18,24.78,15.24,0.0,,311.0,NW,92.0,0.0,0.0,16.56,CI222,246,-122.155750,40.028778
60,2018-08-03 12:00:00,0.82,24.61,14.8,0.0,,348.0,NNW,93.0,0.0,0.0,15.94,CI222,246,-122.155750,40.028778
61,2018-08-03 13:00:00,0.87,24.5,14.47,0.0,,292.0,WNW,93.0,15.69,0.0,15.61,CI222,246,-122.155750,40.028778
62,2018-08-03 14:00:00,0.87,24.33,15.64,0.0,,295.0,WNW,88.0,108.12,0.0,17.67,CI222,246,-122.155750,40.028778
63,2018-08-03 15:00:00,0.87,24.22,14.04,0.0,,11.0,N,62.0,278.14,0.254,21.67,CI222,246,-122.155750,40.028778
64,2018-08-03 16:00:00,1.44,24.11,14.11,0.0,,127.0,SE,53.0,446.47,0.254,24.33,CI222,246,-122.155750,40.028778
65,2018-08-03 17:00:00,1.54,24.06,15.59,0.0,,67.0,ENE,51.0,560.53,0.508,26.56,CI222,246,-122.155750,40.028778
66,2018-08-03 18:00:00,1.75,24.06,14.67,0.0,28.01,89.0,E,44.0,665.26,0.508,28.06,CI222,246,-122.155750,40.028778
67,2018-08-03 19:00:00,1.75,24.17,14.36,0.0,29.71,114.0,ESE,38.0,776.77,0.762,30.22,CI222,246,-122.155750,40.028778
68,2018-08-03 20:00:00,1.9,24.33,14.67,0.0,30.98,111.0,ESE,36.0,776.77,0.762,31.5,CI222,246,-122.155750,40.028778
69,2018-08-03 21:00:00,3.19,24.44,16.82,0.0,32.82,121.0,ESE,39.0,752.18,0.762,32.5,CI222,246,-122.155750,40.028778
70,2018-08-03 22:00:00,3.96,24.56,15.72,0.0,32.52,129.0,SE,36.0,646.6,0.762,32.67,CI222,246,-122.155750,40.028778
71,2018-08-03 23:00:00,4.06,24.72,13.35,0.0,32.21,161.0,SSE,30.0,530.0,0.508,33.17,CI222,246,-122.155750,40.028778
72,2018-08-04 00:00:00,3.81,24.94,14.93,0.0,32.33,160.0,SSE,34.0,371.0,0.508,32.78,CI222,246,-122.155750,40.028778
73,2018-08-04 01:00:00,3.09,25.06,16.84,0.0,31.13,135.0,SE,43.0,197.58,0.254,30.83,CI222,246,-122.155750,40.028778
74,2018-08-04 02:00:00,2.73,25.17,16.36,0.0,29.05,155.0,SSE,47.0,56.82,0.0,28.78,CI222,246,-122.155750,40.028778
75,2018-08-04 03:00:00,1.7,25.22,16.31,0.0,,144.0,SE,55.0,3.39,0.0,26.06,CI222,246,-122.155750,40.028778
76,2018-08-04 04:00:00,1.75,25.22,17.38,0.0,,3.0,N,71.0,0.0,0.0,22.94,CI222,246,-122.155750,40.028778
77,2018-08-04 05:00:00,1.85,25.17,17.4,0.0,,348.0,NNW,75.0,0.0,0.0,22.06,CI222,246,-122.155750,40.028778
78,2018-08-04 06:00:00,1.44,25.11,17.31,0.0,,358.0,N,79.0,0.0,0.0,21.11,CI222,246,-122.155750,40.028778
79,2018-08-04 07:00:00,1.44,25.0,16.37,0.0,,321.0,NW,80.0,0.0,0.0,19.94,CI222,246,-122.155750,40.028778
80,2018-08-04 08:00:00,1.18,24.89,15.7,0.0,,290.0,WNW,85.0,0.0,0.0,18.28,CI222,246,-122.155750,40.028778
81,2018-08-04 09:00:00,1.54,24.78,14.55,0.0,,283.0,WNW,88.0,0.0,0.0,16.56,CI222,246,-122.155750,40.028778
82,2018-08-04 10:00:00,1.03,24.61,13.93,0.0,,320.0,NW,87.0,0.0,0.0,16.11,CI222,246,-122.155750,40.028778
83,2018-08-04 11:00:00,1.13,24.44,13.42,0.0,,302.0,WNW,86.0,0.0,0.0,15.78,CI222,246,-122.155750,40.028778
84,2018-08-04 12:00:00,1.54,24.28,11.52,0.0,,240.0,WSW,79.0,0.0,0.0,15.17,CI222,246,-122.155750,40.028778
85,2018-08-04 13:00:00,1.7,24.11,10.05,0.0,,289.0,WNW,73.0,15.26,0.0,14.89,CI222,246,-122.155750,40.028778
86,2018-08-04 14:00:00,1.29,23.94,12.13,0.0,,328.0,NNW,74.0,100.91,0.0,16.83,CI222,246,-122.155750,40.028778
87,2018-08-04 15:00:00,1.75,23.83,12.81,0.0,,330.0,NNW,63.0,232.35,0.254,20.11,CI222,246,-122.155750,40.028778
88,2018-08-04 16:00:00,1.18,23.72,13.97,0.0,,254.0,WSW,53.0,420.18,0.254,24.17,CI222,246,-122.155750,40.028778
89,2018-08-04 17:00:00,3.4,23.67,10.98,0.0,27.56,352.0,N,34.0,631.34,0.508,28.33,CI222,246,-122.155750,40.028778
90,2018-08-04 18:00:00,2.88,23.67,12.62,0.0,29.25,24.0,NNE,34.0,747.94,0.762,30.17,CI222,246,-122.155750,40.028778
91,2018-08-04 19:00:00,1.7,23.78,11.19,0.0,30.48,56.0,NE,28.0,815.35,0.762,31.89,CI222,246,-122.155750,40.028778
92,2018-08-04 20:00:00,1.34,23.89,9.04,0.0,31.68,59.0,ENE,22.0,817.05,0.762,33.56,CI222,246,-122.155750,40.028778
93,2018-08-04 21:00:00,1.7,24.78,9.98,0.0,32.15,96.0,E,23.0,743.27,0.762,33.89,CI222,246,-122.155750,40.028778
94,2018-08-04 22:00:00,4.06,25.39,11.7,0.0,31.73,146.0,SE,27.0,640.66,0.762,33.11,CI222,246,-122.155750,40.028778
95,2018-08-04 23:00:00,4.94,25.61,11.87,0.0,30.77,147.0,SSE,29.0,473.61,0.508,32.06,CI222,246,-122.155750,40.028778
96,2018-08-05 00:00:00,4.68,25.78,11.0,0.0,30.25,165.0,SSE,28.0,312.91,0.508,31.67,CI222,246,-122.155750,40.028778
97,2018-08-05 01:00:00,3.4,25.83,13.14,0.0,29.04,134.0,SE,36.0,175.54,0.254,29.78,CI222,246,-122.155750,40.028778
98,2018-08-05 02:00:00,1.85,25.83,15.25,0.0,27.5,120.0,ESE,48.0,46.22,0.0,27.22,CI222,246,-122.155750,40.028778
99,2018-08-05 03:00:00,1.8,25.83,15.61,0.0,,326.0,NW,57.0,2.97,0.0,24.72,CI222,246,-122.155750,40.028778
100,2018-08-05 04:00:00,2.11,25.72,14.22,0.0,,308.0,NW,55.0,0.0,0.0,23.83,CI222,246,-122.155750,40.028778
101,2018-08-05 05:00:00,2.78,25.61,9.48,0.0,,327.0,NNW,38.0,0.0,0.0,24.78,CI222,246,-122.155750,40.028778
102,2018-08-05 06:00:00,1.23,25.44,9.88,0.0,,19.0,NNE,45.0,0.0,0.0,22.44,CI222,246,-122.155750,40.028778
103,2018-08-05 07:00:00,1.49,25.28,10.08,0.0,,354.0,N,50.0,0.0,0.0,20.94,CI222,246,-122.155750,40.028778
104,2018-08-05 08:00:00,1.95,25.11,8.53,0.0,,348.0,NNW,44.0,0.0,0.0,21.33,CI222,246,-122.155750,40.028778
105,2018-08-05 09:00:00,1.54,24.89,9.7,0.0,,259.0,W,55.0,0.0,0.0,19.0,CI222,246,-122.155750,40.028778
106,2018-08-05 10:00:00,1.08,24.67,10.39,0.0,,354.0,N,66.0,0.0,0.0,16.83,CI222,246,-122.155750,40.028778
107,2018-08-05 11:00:00,1.13,24.44,12.09,0.0,,319.0,NW,82.0,0.0,0.0,15.17,CI222,246,-122.155750,40.028778
108,2018-08-05 12:00:00,0.98,24.22,11.23,0.0,,304.0,NW,80.0,0.0,0.0,14.67,CI222,246,-122.155750,40.028778
109,2018-08-05 13:00:00,0.98,24.06,11.45,0.0,,300.0,WNW,83.0,13.99,0.0,14.33,CI222,246,-122.155750,40.028778
110,2018-08-05 14:00:00,0.98,23.83,12.96,0.0,,303.0,WNW,82.0,99.22,0.0,16.06,CI222,246,-122.155750,40.028778
111,2018-08-05 15:00:00,1.23,23.61,12.17,0.0,,323.0,NW,63.0,219.21,0.254,19.44,CI222,246,-122.155750,40.028778
112,2018-08-05 16:00:00,0.72,23.5,11.73,0.0,,226.0,SW,48.0,382.02,0.254,23.39,CI222,246,-122.155750,40.028778
113,2018-08-05 17:00:00,1.23,23.39,12.03,0.0,,189.0,S,42.0,515.16,0.508,25.94,CI222,246,-122.155750,40.028778
114,2018-08-05 18:00:00,1.59,23.39,12.16,0.0,27.06,150.0,SSE,39.0,585.97,0.508,27.33,CI222,246,-122.155750,40.028778
115,2018-08-05 19:00:00,1.59,23.44,13.25,0.0,27.76,107.0,ESE,40.0,570.7,0.508,28.11,CI222,246,-122.155750,40.028778
116,2018-08-05 20:00:00,2.26,23.56,15.23,0.0,28.63,111.0,ESE,44.0,576.64,0.508,28.67,CI222,246,-122.155750,40.028778
117,2018-08-05 21:00:00,2.57,23.67,14.24,0.0,28.47,196.0,SSW,41.0,409.16,0.508,28.78,CI222,246,-122.155750,40.028778
118,2018-08-05 22:00:00,2.83,23.83,13.62,0.0,28.82,193.0,SSW,38.0,428.66,0.508,29.39,CI222,246,-122.155750,40.028778
119,2018-08-05 23:00:00,3.29,23.94,13.21,0.0,28.73,168.0,SSE,37.0,419.76,0.508,29.39,CI222,246,-122.155750,40.028778
120,2018-08-06 00:00:00,2.93,24.11,15.87,0.0,28.76,128.0,SE,46.0,345.14,0.254,28.61,CI222,246,-122.155750,40.028778
121,2018-08-06 01:00:00,2.16,24.28,14.06,0.0,27.4,134.0,SE,44.0,178.5,0.254,27.39,CI222,246,-122.155750,40.028778
122,2018-08-06 02:00:00,1.59,24.39,15.19,0.0,,132.0,SE,54.0,55.97,0.0,25.17,CI222,246,-122.155750,40.028778
123,2018-08-06 03:00:00,1.13,24.44,15.77,0.0,,84.0,E,67.0,2.54,0.0,22.22,CI222,246,-122.155750,40.028778
124,2018-08-06 04:00:00,0.77,24.44,15.41,0.0,,358.0,N,73.0,0.0,0.0,20.44,CI222,246,-122.155750,40.028778
125,2018-08-06 05:00:00,1.49,24.44,14.44,0.0,,307.0,NW,73.0,0.0,0.0,19.44,CI222,246,-122.155750,40.028778
126,2018-08-06 06:00:00,1.18,24.33,14.26,0.0,,305.0,NW,80.0,0.0,0.0,17.78,CI222,246,-122.155750,40.028778
127,2018-08-06 07:00:00,0.72,24.22,14.61,0.0,,359.0,N,89.0,0.0,0.0,16.44,CI222,246,-122.155750,40.028778
128,2018-08-06 08:00:00,1.13,24.06,13.9,0.0,,289.0,WNW,89.0,0.0,0.0,15.72,CI222,246,-122.155750,40.028778
129,2018-08-06 09:00:00,0.72,23.94,13.68,0.0,,339.0,NNW,89.0,0.0,0.0,15.5,CI222,246,-122.155750,40.028778
130,2018-08-06 10:00:00,0.72,23.78,12.79,0.0,,274.0,W,88.0,0.0,0.0,14.78,CI222,246,-122.155750,40.028778
131,2018-08-06 11:00:00,1.29,23.61,12.15,0.0,,278.0,W,85.0,0.0,0.0,14.67,CI222,246,-122.155750,40.028778
132,2018-08-06 12:00:00,0.98,23.44,11.6,0.0,,337.0,NNW,82.0,0.0,0.0,14.67,CI222,246,-122.155750,40.028778
133,2018-08-06 13:00:00,1.85,23.28,11.19,0.0,,326.0,NW,79.0,9.33,0.0,14.83,CI222,246,-122.155750,40.028778
134,2018-08-06 14:00:00,1.95,23.11,11.72,0.0,,342.0,NNW,71.0,79.71,0.0,17.06,CI222,246,-122.155750,40.028778
135,2018-08-06 15:00:00,2.62,23.0,12.28,0.0,,330.0,NNW,59.0,221.75,0.254,20.61,CI222,246,-122.155750,40.028778
136,2018-08-06 16:00:00,2.37,22.89,11.98,0.0,,350.0,N,48.0,356.16,0.254,23.67,CI222,246,-122.155750,40.028778
137,2018-08-06 17:00:00,3.19,22.78,12.1,0.0,26.61,358.0,N,40.0,484.21,0.508,26.83,CI222,246,-122.155750,40.028778
138,2018-08-06 18:00:00,3.19,22.83,11.87,0.0,28.05,4.0,N,35.0,550.78,0.508,28.83,CI222,246,-122.155750,40.028778
139,2018-08-06 19:00:00,3.24,22.83,12.9,0.0,30.03,8.0,N,33.0,666.1,0.762,31.0,CI222,246,-122.155750,40.028778
140,2018-08-06 20:00:00,1.9,22.94,14.63,0.0,31.88,50.0,NE,34.0,662.71,0.762,32.44,CI222,246,-122.155750,40.028778
141,2018-08-06 21:00:00,1.95,23.06,16.99,0.0,34.09,112.0,ESE,37.0,691.97,0.762,33.61,CI222,246,-122.155750,40.028778
142,2018-08-06 22:00:00,3.04,23.17,18.57,0.0,33.57,129.0,SE,44.0,543.99,0.508,32.33,CI222,246,-122.155750,40.028778
143,2018-08-06 23:00:00,2.93,23.39,18.52,0.0,33.49,132.0,SE,44.0,438.84,0.508,32.28,CI222,246,-122.155750,40.028778
144,2018-08-07 00:00:00,3.19,23.61,20.06,0.0,33.86,138.0,SE,50.0,317.58,0.254,31.72,CI222,246,-122.155750,40.028778
145,2018-08-07 01:00:00,3.4,23.78,19.03,0.0,31.28,138.0,SE,52.0,171.3,0.254,29.94,CI222,246,-122.155750,40.028778
146,2018-08-07 02:00:00,2.52,23.94,17.78,0.0,28.18,139.0,SE,56.0,61.06,0.0,27.33,CI222,246,-122.155750,40.028778
147,2018-08-07 03:00:00,1.9,24.06,18.35,0.0,,141.0,SE,68.0,2.97,0.0,24.67,CI222,246,-122.155750,40.028778
148,2018-08-07 04:00:00,1.44,24.11,17.16,0.0,,72.0,ENE,67.0,0.0,0.0,23.67,CI222,246,-122.155750,40.028778
149,2018-08-07 05:00:00,0.98,24.11,17.38,0.0,,318.0,NW,78.0,0.0,0.0,21.39,CI222,246,-122.155750,40.028778
150,2018-08-07 06:00:00,1.59,24.11,16.52,0.0,,304.0,NW,83.0,0.0,0.0,19.5,CI222,246,-122.155750,40.028778
151,2018-08-07 07:00:00,1.29,24.0,16.5,0.0,,316.0,NW,87.0,0.0,0.0,18.72,CI222,246,-122.155750,40.028778
152,2018-08-07 08:00:00,0.67,23.78,16.36,0.0,,341.0,NNW,89.0,0.0,0.0,18.22,CI222,246,-122.155750,40.028778
153,2018-08-07 09:00:00,1.03,23.5,15.5,0.0,,318.0,NW,86.0,0.0,0.0,17.89,CI222,246,-122.155750,40.028778
154,2018-08-07 10:00:00,0.67,23.28,14.62,0.0,,307.0,NW,83.0,0.0,0.0,17.56,CI222,246,-122.155750,40.028778
155,2018-08-07 11:00:00,0.72,23.06,13.93,0.0,,266.0,W,84.0,0.0,0.0,16.67,CI222,246,-122.155750,40.028778
156,2018-08-07 12:00:00,1.03,22.83,14.18,0.0,,114.0,ESE,90.0,0.0,0.0,15.83,CI222,246,-122.155750,40.028778
157,2018-08-07 13:00:00,0.77,22.56,14.13,0.0,,254.0,WSW,90.0,13.99,0.0,15.78,CI222,246,-122.155750,40.028778
158,2018-08-07 14:00:00,0.82,22.33,15.1,0.0,,89.0,E,89.0,78.02,0.0,16.94,CI222,246,-122.155750,40.028778
159,2018-08-07 15:00:00,1.59,22.17,15.8,0.0,,144.0,SE,79.0,196.74,0.254,19.56,CI222,246,-122.155750,40.028778
160,2018-08-07 16:00:00,2.52,22.0,15.81,0.0,,124.0,SE,66.0,342.59,0.254,22.5,CI222,246,-122.155750,40.028778
161,2018-08-07 17:00:00,1.95,21.94,15.99,0.0,,110.0,ESE,58.0,497.35,0.508,24.83,CI222,246,-122.155750,40.028778
162,2018-08-07 18:00:00,1.85,21.94,16.66,0.0,27.67,104.0,ESE,53.0,617.34,0.508,27.06,CI222,246,-122.155750,40.028778
163,2018-08-07 19:00:00,2.31,22.0,16.89,0.0,29.42,114.0,ESE,48.0,687.73,0.762,29.0,CI222,246,-122.155750,40.028778
164,2018-08-07 20:00:00,2.62,22.22,17.31,0.0,31.07,117.0,ESE,45.0,710.2,0.762,30.56,CI222,246,-122.155750,40.028778
165,2018-08-07 21:00:00,3.5,22.44,17.56,0.0,31.85,125.0,SE,44.0,679.25,0.762,31.22,CI222,246,-122.155750,40.028778
166,2018-08-07 22:00:00,3.7,22.72,17.39,0.0,32.0,128.0,SE,43.0,599.11,0.508,31.44,CI222,246,-122.155750,40.028778
167,2018-08-07 23:00:00,3.76,23.0,16.82,0.0,31.51,123.0,ESE,42.0,468.94,0.508,31.22,CI222,246,-122.155750,40.028778
168,2018-08-08 00:00:00,2.88,23.28,18.14,0.0,31.63,125.0,SE,47.0,321.82,0.254,30.72,CI222,246,-122.155750,40.028778
169,2018-08-08 01:00:00,2.68,23.5,18.97,0.0,30.49,126.0,SE,54.0,161.54,0.254,29.22,CI222,246,-122.155750,40.028778
170,2018-08-08 02:00:00,1.54,23.67,19.26,0.0,28.46,136.0,SE,62.0,41.98,0.0,27.17,CI222,246,-122.155750,40.028778
171,2018-08-08 03:00:00,0.62,23.78,19.39,0.0,,6.0,N,73.0,1.27,0.0,24.56,CI222,246,-122.155750,40.028778
172,2018-08-08 04:00:00,1.08,23.83,19.02,0.0,,23.0,NNE,83.0,0.0,0.0,22.06,CI222,246,-122.155750,40.028778
173,2018-08-08 05:00:00,1.08,23.83,18.82,0.0,,95.0,E,88.0,0.0,0.0,20.89,CI222,246,-122.155750,40.028778
174,2018-08-08 06:00:00,1.54,23.83,17.59,0.0,,314.0,NW,87.0,0.0,0.0,19.83,CI222,246,-122.155750,40.028778
175,2018-08-08 07:00:00,1.54,23.72,16.94,0.0,,316.0,NW,87.0,0.0,0.0,19.17,CI222,246,-122.155750,40.028778
176,2018-08-08 08:00:00,1.08,23.67,16.4,0.0,,324.0,NW,85.0,0.0,0.0,19.0,CI222,246,-122.155750,40.028778
177,2018-08-08 09:00:00,0.72,23.5,15.91,0.0,,264.0,W,88.0,0.0,0.0,17.94,CI222,246,-122.155750,40.028778
178,2018-08-08 10:00:00,0.72,23.39,15.08,0.0,,250.0,WSW,87.0,0.0,0.0,17.28,CI222,246,-122.155750,40.028778
179,2018-08-08 11:00:00,0.67,23.28,15.52,0.0,,15.0,NNE,93.0,0.0,0.0,16.67,CI222,246,-122.155750,40.028778
180,2018-08-08 12:00:00,0.62,23.17,15.53,0.0,,318.0,NW,96.0,0.0,0.0,16.17,CI222,246,-122.155750,40.028778
181,2018-08-08 13:00:00,0.82,23.0,14.75,0.0,,318.0,NW,93.0,13.14,0.0,15.89,CI222,246,-122.155750,40.028778
182,2018-08-08 14:00:00,0.62,22.89,15.94,0.0,,105.0,ESE,90.0,94.13,0.0,17.61,CI222,246,-122.155750,40.028778
183,2018-08-08 15:00:00,0.62,22.72,16.42,0.0,,66.0,ENE,71.0,252.28,0.254,21.94,CI222,246,-122.155750,40.028778
184,2018-08-08 16:00:00,1.8,22.61,17.02,0.0,,98.0,E,64.0,420.18,0.254,24.28,CI222,246,-122.155750,40.028778
185,2018-08-08 17:00:00,2.11,22.56,18.15,0.0,,112.0,ESE,60.0,561.8,0.508,26.56,CI222,246,-122.155750,40.028778
186,2018-08-08 18:00:00,2.47,22.61,18.85,0.0,29.99,122.0,ESE,55.0,664.41,0.508,28.78,CI222,246,-122.155750,40.028778
187,2018-08-08 19:00:00,2.52,22.67,19.23,0.0,32.34,125.0,SE,50.0,737.34,0.762,30.83,CI222,246,-122.155750,40.028778
188,2018-08-08 20:00:00,2.88,22.83,18.98,0.0,33.45,132.0,SE,46.0,747.94,0.762,32.0,CI222,246,-122.155750,40.028778
189,2018-08-08 21:00:00,3.14,23.0,19.34,0.0,34.56,130.0,SE,45.0,707.66,0.762,32.78,CI222,246,-122.155750,40.028778
190,2018-08-08 22:00:00,3.34,23.17,19.78,0.0,34.55,126.0,SE,47.0,588.94,0.508,32.5,CI222,246,-122.155750,40.028778
191,2018-08-08 23:00:00,3.19,23.39,20.25,0.0,34.64,124.0,SE,49.0,438.42,0.508,32.28,CI222,246,-122.155750,40.028778
192,2018-08-09 00:00:00,2.01,23.61,20.38,0.0,33.71,120.0,ESE,52.0,283.23,0.254,31.39,CI222,246,-122.155750,40.028778
193,2018-08-09 01:00:00,1.95,23.83,19.63,0.0,31.25,135.0,SE,55.0,123.38,0.254,29.61,CI222,246,-122.155750,40.028778
194,2018-08-09 02:00:00,1.18,24.0,19.08,0.0,29.1,115.0,ESE,59.0,27.14,0.0,27.83,CI222,246,-122.155750,40.028778
195,2018-08-09 03:00:00,0.82,24.11,20.32,0.0,,92.0,E,80.0,0.85,0.0,24.0,CI222,246,-122.155750,40.028778
196,2018-08-09 04:00:00,1.08,24.17,19.95,0.0,,353.0,N,85.0,0.0,0.0,22.61,CI222,246,-122.155750,40.028778
197,2018-08-09 05:00:00,1.03,24.17,18.94,0.0,,344.0,NNW,86.0,0.0,0.0,21.39,CI222,246,-122.155750,40.028778
198,2018-08-09 06:00:00,0.67,24.11,17.75,0.0,,300.0,WNW,84.0,0.0,0.0,20.56,CI222,246,-122.155750,40.028778
199,2018-08-09 07:00:00,0.82,24.0,17.37,0.0,,315.0,NW,87.0,0.0,0.0,19.61,CI222,246,-122.155750,40.028778
200,2018-08-09 08:00:00,1.08,23.94,16.59,0.0,,335.0,NNW,86.0,0.0,0.0,19.0,CI222,246,-122.155750,40.028778
201,2018-08-09 09:00:00,1.03,23.83,16.47,0.0,,217.0,SW,89.0,0.0,0.0,18.33,CI222,246,-122.155750,40.028778
202,2018-08-09 10:00:00,1.29,23.72,15.5,0.0,,244.0,WSW,90.0,0.0,0.0,17.17,CI222,246,-122.155750,40.028778
203,2018-08-09 11:00:00,0.82,23.56,15.33,0.0,,336.0,NNW,89.0,0.0,0.0,17.17,CI222,246,-122.155750,40.028778
204,2018-08-09 12:00:00,1.13,23.44,15.06,0.0,,298.0,WNW,90.0,0.0,0.0,16.72,CI222,246,-122.155750,40.028778
205,2018-08-09 13:00:00,1.03,23.33,14.46,0.0,,304.0,NW,86.0,11.02,0.0,16.83,CI222,246,-122.155750,40.028778
206,2018-08-09 14:00:00,1.13,23.22,14.69,0.0,,310.0,NW,80.0,82.26,0.0,18.22,CI222,246,-122.155750,40.028778
207,2018-08-09 15:00:00,1.75,23.11,15.16,0.0,,319.0,NW,68.0,206.49,0.254,21.33,CI222,246,-122.155750,40.028778
208,2018-08-09 16:00:00,1.49,23.0,14.62,0.0,,318.0,NW,54.0,338.35,0.254,24.56,CI222,246,-122.155750,40.028778
209,2018-08-09 17:00:00,1.03,22.94,16.0,0.0,27.48,44.0,NE,51.0,471.06,0.508,27.0,CI222,246,-122.155750,40.028778
210,2018-08-09 18:00:00,1.29,22.89,16.26,0.0,28.92,94.0,E,47.0,582.58,0.508,28.67,CI222,246,-122.155750,40.028778
211,2018-08-09 19:00:00,1.13,22.94,15.86,0.0,30.91,49.0,NE,40.0,642.78,0.508,31.0,CI222,246,-122.155750,40.028778
212,2018-08-09 20:00:00,1.54,23.06,17.4,0.0,32.88,57.0,ENE,41.0,677.13,0.762,32.28,CI222,246,-122.155750,40.028778
213,2018-08-09 21:00:00,1.8,23.22,19.11,0.0,35.03,105.0,ESE,43.0,629.64,0.508,33.33,CI222,246,-122.155750,40.028778
214,2018-08-09 22:00:00,2.37,23.39,20.2,0.0,36.27,111.0,ESE,45.0,547.81,0.508,33.72,CI222,246,-122.155750,40.028778
215,2018-08-09 23:00:00,3.04,23.56,19.21,0.0,35.22,120.0,ESE,43.0,438.42,0.508,33.44,CI222,246,-122.155750,40.028778
216,2018-08-10 00:00:00,2.37,23.78,19.62,0.0,34.24,129.0,SE,47.0,282.38,0.254,32.33,CI222,246,-122.155750,40.028778
217,2018-08-10 01:00:00,2.06,23.94,20.16,0.0,32.55,131.0,SE,54.0,130.17,0.254,30.5,CI222,246,-122.155750,40.028778
218,2018-08-10 02:00:00,1.39,24.11,20.41,0.0,30.3,209.0,SSW,62.0,32.65,0.0,28.39,CI222,246,-122.155750,40.028778
219,2018-08-10 03:00:00,0.72,24.28,20.84,0.0,,41.0,NE,77.0,1.27,0.0,25.17,CI222,246,-122.155750,40.028778
220,2018-08-10 04:00:00,0.72,24.28,20.54,0.0,,36.0,NE,83.0,0.0,0.0,23.61,CI222,246,-122.155750,40.028778
221,2018-08-10 05:00:00,1.49,24.28,19.43,0.0,,286.0,WNW,84.0,0.0,0.0,22.28,CI222,246,-122.155750,40.028778
222,2018-08-10 06:00:00,0.93,24.28,18.8,0.0,,302.0,WNW,85.0,0.0,0.0,21.44,CI222,246,-122.155750,40.028778
223,2018-08-10 07:00:00,1.13,24.17,18.25,0.0,,323.0,NW,87.0,0.0,0.0,20.5,CI222,246,-122.155750,40.028778
224,2018-08-10 08:00:00,1.44,24.11,17.55,0.0,,305.0,NW,85.0,0.0,0.0,20.17,CI222,246,-122.155750,40.028778
225,2018-08-10 09:00:00,0.77,24.0,16.35,0.0,,3.0,N,81.0,0.0,0.0,19.72,CI222,246,-122.155750,40.028778
226,2018-08-10 10:00:00,0.87,23.94,16.09,0.0,,342.0,NNW,83.0,0.0,0.0,19.06,CI222,246,-122.155750,40.028778
227,2018-08-10 11:00:00,1.03,23.83,15.14,0.0,,327.0,NNW,79.0,0.0,0.0,18.89,CI222,246,-122.155750,40.028778
228,2018-08-10 12:00:00,1.39,23.72,14.22,0.0,,308.0,NW,76.0,0.0,0.0,18.56,CI222,246,-122.155750,40.028778
229,2018-08-10 13:00:00,0.82,23.61,14.61,0.0,,22.0,NNE,81.0,11.87,0.0,17.94,CI222,246,-122.155750,40.028778
230,2018-08-10 14:00:00,1.29,23.5,15.66,0.0,,293.0,WNW,80.0,98.79,0.0,19.22,CI222,246,-122.155750,40.028778
231,2018-08-10 15:00:00,2.11,23.39,15.14,0.0,,334.0,NNW,62.0,242.53,0.254,22.83,CI222,246,-122.155750,40.028778
232,2018-08-10 16:00:00,2.01,23.28,13.73,0.0,,335.0,NNW,46.0,397.29,0.254,26.28,CI222,246,-122.155750,40.028778
233,2018-08-10 17:00:00,1.44,23.22,13.14,0.0,29.04,319.0,NW,36.0,559.68,0.508,29.78,CI222,246,-122.155750,40.028778
234,2018-08-10 18:00:00,1.18,23.22,16.86,0.0,32.44,85.0,E,40.0,677.13,0.508,32.11,CI222,246,-122.155750,40.028778
235,2018-08-10 19:00:00,0.82,23.28,15.89,0.0,34.41,47.0,NE,33.0,733.52,0.762,34.39,CI222,246,-122.155750,40.028778
236,2018-08-10 20:00:00,1.44,23.39,17.15,0.0,36.03,111.0,ESE,34.0,763.62,0.762,35.28,CI222,246,-122.155750,40.028778
237,2018-08-10 21:00:00,2.93,23.56,16.49,0.0,36.05,150.0,SSE,32.0,742.42,0.762,35.61,CI222,246,-122.155750,40.028778
238,2018-08-10 22:00:00,3.45,23.72,15.77,0.0,36.07,195.0,SSW,30.0,641.51,0.762,35.94,CI222,246,-122.155750,40.028778
239,2018-08-10 23:00:00,2.98,23.89,16.73,0.0,36.5,186.0,S,32.0,513.46,0.508,35.89,CI222,246,-122.155750,40.028778
240,2018-08-11 00:00:00,2.62,24.11,17.95,0.0,35.3,137.0,SE,38.0,313.76,0.254,34.22,CI222,246,-122.155750,40.028778
241,2018-08-11 01:00:00,1.85,24.28,18.52,0.0,32.64,153.0,SSE,46.0,125.93,0.254,31.5,CI222,246,-122.155750,40.028778
242,2018-08-11 02:00:00,1.13,24.44,15.72,0.0,29.93,194.0,SSW,42.0,54.27,0.0,30.0,CI222,246,-122.155750,40.028778
243,2018-08-11 03:00:00,1.18,24.56,18.52,0.0,,74.0,ENE,62.0,1.7,0.0,26.39,CI222,246,-122.155750,40.028778
244,2018-08-11 04:00:00,1.18,24.61,18.25,0.0,,108.0,ESE,66.0,0.0,0.0,25.06,CI222,246,-122.155750,40.028778
245,2018-08-11 05:00:00,1.65,24.61,18.08,0.0,,337.0,NNW,71.0,0.0,0.0,23.67,CI222,246,-122.155750,40.028778
246,2018-08-11 06:00:00,1.65,24.56,17.69,0.0,,324.0,NW,70.0,0.0,0.0,23.5,CI222,246,-122.155750,40.028778
247,2018-08-11 07:00:00,1.13,24.5,17.19,0.0,,275.0,W,74.0,0.0,0.0,22.06,CI222,246,-122.155750,40.028778
248,2018-08-11 08:00:00,0.98,24.44,17.11,0.0,,210.0,SSW,83.0,0.0,0.0,20.11,CI222,246,-122.155750,40.028778
249,2018-08-11 09:00:00,0.98,24.33,16.65,0.0,,306.0,NW,82.0,0.0,0.0,19.83,CI222,246,-122.155750,40.028778
250,2018-08-11 10:00:00,1.44,24.28,15.61,0.0,,251.0,WSW,77.0,0.0,0.0,19.78,CI222,246,-122.155750,40.028778
251,2018-08-11 11:00:00,1.18,24.17,15.83,0.0,,38.0,NE,80.0,0.0,0.0,19.39,CI222,246,-122.155750,40.028778
252,2018-08-11 12:00:00,0.93,24.06,16.18,0.0,,28.0,NNE,88.0,0.0,0.0,18.22,CI222,246,-122.155750,40.028778
253,2018-08-11 13:00:00,0.93,23.94,16.01,0.0,,359.0,N,92.0,12.3,0.0,17.33,CI222,246,-122.155750,40.028778
254,2018-08-11 14:00:00,1.13,23.83,16.97,0.0,,359.0,N,86.0,89.46,0.0,19.39,CI222,246,-122.155750,40.028778
255,2018-08-11 15:00:00,1.29,23.72,15.68,0.0,,34.0,NE,60.0,261.61,0.254,23.94,CI222,246,-122.155750,40.028778
256,2018-08-11 16:00:00,1.65,23.61,15.11,0.0,,100.0,E,52.0,426.12,0.254,25.72,CI222,246,-122.155750,40.028778
257,2018-08-11 17:00:00,1.03,23.56,15.07,0.0,28.45,304.0,NW,44.0,595.3,0.508,28.5,CI222,246,-122.155750,40.028778
258,2018-08-11 18:00:00,1.18,23.56,15.11,0.0,30.29,195.0,SSW,39.0,706.38,0.508,30.61,CI222,246,-122.155750,40.028778
259,2018-08-11 19:00:00,1.54,23.61,16.11,0.0,32.17,83.0,E,38.0,742.42,0.762,32.17,CI222,246,-122.155750,40.028778
260,2018-08-11 20:00:00,3.09,23.72,15.7,0.0,32.0,140.0,SE,37.0,700.02,0.762,32.17,CI222,246,-122.155750,40.028778
261,2018-08-11 21:00:00,3.81,23.89,15.62,0.0,32.37,154.0,SSE,36.0,696.63,0.762,32.56,CI222,246,-122.155750,40.028778
262,2018-08-11 22:00:00,3.55,24.0,15.82,0.0,33.2,166.0,SSE,35.0,620.31,0.762,33.28,CI222,246,-122.155750,40.028778
263,2018-08-11 23:00:00,3.29,24.17,17.11,0.0,33.79,153.0,SSE,38.0,498.2,0.508,33.28,CI222,246,-122.155750,40.028778
264,2018-08-12 00:00:00,3.5,24.33,18.57,0.0,33.15,147.0,SSE,45.0,317.58,0.254,31.94,CI222,246,-122.155750,40.028778
265,2018-08-12 01:00:00,2.42,24.44,16.11,0.0,31.28,188.0,S,40.0,179.35,0.254,31.28,CI222,246,-122.155750,40.028778
266,2018-08-12 02:00:00,1.8,24.56,17.28,0.0,29.3,182.0,S,50.0,60.63,0.0,28.72,CI222,246,-122.155750,40.028778
267,2018-08-12 03:00:00,0.98,24.67,19.39,0.0,,19.0,NNE,67.0,2.12,0.0,26.0,CI222,246,-122.155750,40.028778
268,2018-08-12 04:00:00,0.62,24.67,19.07,0.0,,335.0,NNW,75.0,0.0,0.0,23.78,CI222,246,-122.155750,40.028778
269,2018-08-12 05:00:00,1.08,24.67,18.97,0.0,,335.0,NNW,83.0,0.0,0.0,22.0,CI222,246,-122.155750,40.028778
270,2018-08-12 06:00:00,1.7,24.61,17.6,0.0,,310.0,NW,77.0,0.0,0.0,21.83,CI222,246,-122.155750,40.028778
271,2018-08-12 07:00:00,1.29,24.5,17.08,0.0,,13.0,NNE,80.0,0.0,0.0,20.67,CI222,246,-122.155750,40.028778
272,2018-08-12 08:00:00,0.93,24.44,17.05,0.0,,335.0,NNW,87.0,0.0,0.0,19.28,CI222,246,-122.155750,40.028778
273,2018-08-12 09:00:00,1.18,24.33,15.67,0.0,,335.0,NNW,82.0,0.0,0.0,18.83,CI222,246,-122.155750,40.028778
274,2018-08-12 10:00:00,1.49,24.22,14.83,0.0,,328.0,NNW,83.0,0.0,0.0,17.78,CI222,246,-122.155750,40.028778
275,2018-08-12 11:00:00,1.18,24.11,14.46,0.0,,322.0,NW,86.0,0.0,0.0,16.83,CI222,246,-122.155750,40.028778
276,2018-08-12 12:00:00,1.13,23.94,14.86,0.0,,173.0,S,94.0,0.0,0.0,15.83,CI222,246,-122.155750,40.028778
277,2018-08-12 13:00:00,1.34,23.83,14.08,0.0,,321.0,NW,93.0,18.23,0.0,15.22,CI222,246,-122.155750,40.028778
278,2018-08-12 14:00:00,0.82,23.67,15.61,0.0,,259.0,W,86.0,130.17,0.0,18.0,CI222,246,-122.155750,40.028778
279,2018-08-12 15:00:00,1.18,23.56,14.72,0.0,,349.0,N,62.0,292.14,0.254,22.39,CI222,246,-122.155750,40.028778
280,2018-08-12 16:00:00,0.98,23.44,12.19,0.0,,63.0,ENE,43.0,460.46,0.254,25.72,CI222,246,-122.155750,40.028778
281,2018-08-12 17:00:00,1.13,23.39,13.33,0.0,27.54,148.0,SSE,41.0,612.26,0.508,27.78,CI222,246,-122.155750,40.028778
282,2018-08-12 18:00:00,1.7,23.39,14.63,0.0,28.93,79.0,E,41.0,707.66,0.508,29.22,CI222,246,-122.155750,40.028778
283,2018-08-12 19:00:00,1.54,23.44,13.95,0.0,30.45,106.0,ESE,35.0,778.46,0.762,31.17,CI222,246,-122.155750,40.028778
284,2018-08-12 20:00:00,4.01,23.56,11.48,0.0,30.84,179.0,S,28.0,763.62,0.762,32.22,CI222,246,-122.155750,40.028778
285,2018-08-12 21:00:00,4.63,23.67,10.89,0.0,30.68,156.0,SSE,27.0,664.83,0.762,32.17,CI222,246,-122.155750,40.028778
286,2018-08-12 22:00:00,4.53,23.83,12.62,0.0,31.2,165.0,SSE,30.0,651.26,0.762,32.33,CI222,246,-122.155750,40.028778
287,2018-08-12 23:00:00,4.32,23.94,14.14,0.0,31.19,190.0,S,34.0,503.71,0.508,31.89,CI222,246,-122.155750,40.028778
288,2018-08-13 00:00:00,3.81,24.06,13.85,0.0,30.33,183.0,S,35.0,329.02,0.508,31.06,CI222,246,-122.155750,40.028778
289,2018-08-13 01:00:00,3.09,24.22,14.7,0.0,29.37,194.0,SSW,40.0,185.29,0.254,29.72,CI222,246,-122.155750,40.028778
290,2018-08-13 02:00:00,1.34,24.28,16.25,0.0,27.48,23.0,NNE,52.0,48.76,0.0,26.94,CI222,246,-122.155750,40.028778
291,2018-08-13 03:00:00,1.34,24.33,16.36,0.0,,296.0,WNW,59.0,0.85,0.0,24.94,CI222,246,-122.155750,40.028778
292,2018-08-13 04:00:00,0.82,24.33,16.6,0.0,,348.0,NNW,66.0,0.0,0.0,23.33,CI222,246,-122.155750,40.028778
293,2018-08-13 05:00:00,0.98,24.33,16.7,0.0,,318.0,NW,72.0,0.0,0.0,22.0,CI222,246,-122.155750,40.028778
294,2018-08-13 06:00:00,1.65,24.28,16.0,0.0,,325.0,NW,74.0,0.0,0.0,20.83,CI222,246,-122.155750,40.028778
295,2018-08-13 07:00:00,1.03,24.22,15.34,0.0,,307.0,NW,76.0,0.0,0.0,19.72,CI222,246,-122.155750,40.028778
296,2018-08-13 08:00:00,0.93,24.11,15.18,0.0,,312.0,NW,84.0,0.0,0.0,17.94,CI222,246,-122.155750,40.028778
297,2018-08-13 09:00:00,0.98,24.0,14.55,0.0,,332.0,NNW,88.0,0.0,0.0,16.56,CI222,246,-122.155750,40.028778
298,2018-08-13 10:00:00,0.93,23.89,14.5,0.0,,343.0,NNW,89.0,0.0,0.0,16.33,CI222,246,-122.155750,40.028778
299,2018-08-13 11:00:00,0.87,23.78,13.58,0.0,,274.0,W,90.0,0.0,0.0,15.22,CI222,246,-122.155750,40.028778
300,2018-08-13 12:00:00,0.62,23.61,13.54,0.0,,6.0,N,93.0,0.0,0.0,14.67,CI222,246,-122.155750,40.028778
301,2018-08-13 13:00:00,0.72,23.5,13.48,0.0,,291.0,WNW,94.0,19.5,0.0,14.44,CI222,246,-122.155750,40.028778
302,2018-08-13 14:00:00,0.62,23.33,14.41,0.0,,343.0,NNW,86.0,108.54,0.0,16.78,CI222,246,-122.155750,40.028778
303,2018-08-13 15:00:00,0.62,23.22,14.61,0.0,,358.0,N,65.0,246.34,0.254,21.5,CI222,246,-122.155750,40.028778
304,2018-08-13 16:00:00,0.93,23.11,14.44,0.0,,245.0,WSW,55.0,432.9,0.254,24.06,CI222,246,-122.155750,40.028778
305,2018-08-13 17:00:00,1.9,23.06,13.42,0.0,,205.0,SSW,46.0,492.69,0.508,25.94,CI222,246,-122.155750,40.028778
306,2018-08-13 18:00:00,1.7,23.06,13.21,0.0,27.72,216.0,SW,40.0,640.66,0.508,28.06,CI222,246,-122.155750,40.028778
307,2018-08-13 19:00:00,1.7,23.11,14.62,0.0,29.64,120.0,ESE,39.0,718.68,0.762,30.06,CI222,246,-122.155750,40.028778
308,2018-08-13 20:00:00,2.57,23.33,15.41,0.0,30.7,111.0,ESE,39.0,701.3,0.762,30.94,CI222,246,-122.155750,40.028778
309,2018-08-13 21:00:00,3.91,23.56,13.7,0.0,30.59,145.0,SE,34.0,672.46,0.762,31.39,CI222,246,-122.155750,40.028778
310,2018-08-13 22:00:00,3.45,23.78,14.19,0.0,30.78,163.0,SSE,35.0,500.74,0.508,31.44,CI222,246,-122.155750,40.028778
311,2018-08-13 23:00:00,3.45,24.0,14.09,0.0,30.64,180.0,S,35.0,401.1,0.508,31.33,CI222,246,-122.155750,40.028778
312,2018-08-14 00:00:00,3.04,24.17,16.22,0.0,30.63,197.0,SSW,42.0,285.78,0.254,30.56,CI222,246,-122.155750,40.028778
313,2018-08-14 01:00:00,2.16,24.28,15.53,0.0,28.99,189.0,S,44.0,146.7,0.254,29.0,CI222,246,-122.155750,40.028778
314,2018-08-14 02:00:00,1.49,24.33,16.5,0.0,27.49,142.0,SE,53.0,50.88,0.0,26.89,CI222,246,-122.155750,40.028778
315,2018-08-14 03:00:00,1.08,24.39,16.52,0.0,,88.0,E,62.0,1.7,0.0,24.28,CI222,246,-122.155750,40.028778
316,2018-08-14 04:00:00,1.08,24.39,16.7,0.0,,108.0,ESE,68.0,0.0,0.0,22.94,CI222,246,-122.155750,40.028778
317,2018-08-14 05:00:00,1.08,24.33,16.81,0.0,,301.0,WNW,74.0,0.0,0.0,21.67,CI222,246,-122.155750,40.028778
318,2018-08-14 06:00:00,1.18,24.22,16.13,0.0,,309.0,NW,78.0,0.0,0.0,20.11,CI222,246,-122.155750,40.028778
319,2018-08-14 07:00:00,0.72,24.17,15.81,0.0,,332.0,NNW,83.0,0.0,0.0,18.78,CI222,246,-122.155750,40.028778
320,2018-08-14 08:00:00,1.18,24.0,15.86,0.0,,353.0,N,88.0,0.0,0.0,17.89,CI222,246,-122.155750,40.028778
321,2018-08-14 09:00:00,0.98,23.89,15.4,0.0,,342.0,NNW,91.0,0.0,0.0,16.89,CI222,246,-122.155750,40.028778
322,2018-08-14 10:00:00,0.57,23.78,15.52,0.0,,339.0,NNW,95.0,0.0,0.0,16.33,CI222,246,-122.155750,40.028778
323,2018-08-14 11:00:00,1.13,23.61,14.53,0.0,,278.0,W,95.0,0.0,0.0,15.33,CI222,246,-122.155750,40.028778
324,2018-08-14 12:00:00,0.87,23.44,13.37,0.0,,180.0,S,94.0,0.0,0.0,14.33,CI222,246,-122.155750,40.028778
325,2018-08-14 13:00:00,0.72,23.33,13.64,0.0,,329.0,NNW,97.0,16.96,0.0,14.11,CI222,246,-122.155750,40.028778
326,2018-08-14 14:00:00,0.57,23.17,15.23,0.0,,254.0,WSW,90.0,139.92,0.0,16.89,CI222,246,-122.155750,40.028778
327,2018-08-14 15:00:00,0.72,23.0,14.06,0.0,,311.0,NW,66.0,301.46,0.254,20.67,CI222,246,-122.155750,40.028778
328,2018-08-14 16:00:00,1.95,22.89,13.85,0.0,,94.0,E,59.0,469.79,0.254,22.28,CI222,246,-122.155750,40.028778
329,2018-08-14 17:00:00,1.39,22.78,13.58,0.0,,67.0,ENE,49.0,610.98,0.508,25.06,CI222,246,-122.155750,40.028778
330,2018-08-14 18:00:00,1.9,22.78,14.32,0.0,27.64,103.0,ESE,44.0,714.44,0.508,27.67,CI222,246,-122.155750,40.028778
331,2018-08-14 19:00:00,2.83,22.78,15.73,0.0,29.24,118.0,ESE,44.0,781.86,0.762,29.22,CI222,246,-122.155750,40.028778
332,2018-08-14 20:00:00,2.57,22.89,14.91,0.0,30.43,143.0,SE,38.0,793.3,0.762,30.83,CI222,246,-122.155750,40.028778
333,2018-08-14 21:00:00,3.09,23.0,15.35,0.0,31.48,147.0,SSE,37.0,767.86,0.762,31.78,CI222,246,-122.155750,40.028778
334,2018-08-14 22:00:00,3.5,23.17,14.09,0.0,31.12,122.0,ESE,34.0,666.1,0.762,31.83,CI222,246,-122.155750,40.028778
335,2018-08-14 23:00:00,3.45,23.28,13.53,0.0,30.85,121.0,ESE,33.0,514.74,0.508,31.72,CI222,246,-122.155750,40.028778
336,2018-08-15 00:00:00,3.86,23.5,14.91,0.0,30.43,126.0,SE,38.0,340.05,0.508,30.83,CI222,246,-122.155750,40.028778
337,2018-08-15 01:00:00,3.45,23.61,14.59,0.0,28.88,148.0,SSE,41.0,149.25,0.254,29.17,CI222,246,-122.155750,40.028778
338,2018-08-15 02:00:00,1.8,23.72,14.01,0.0,,184.0,S,47.0,21.62,0.0,26.22,CI222,246,-122.155750,40.028778
339,2018-08-15 03:00:00,1.13,23.78,14.79,0.0,,96.0,E,59.0,0.42,0.0,23.28,CI222,246,-122.155750,40.028778
340,2018-08-15 04:00:00,0.98,23.83,15.4,0.0,,119.0,ESE,65.0,0.0,0.0,22.33,CI222,246,-122.155750,40.028778
341,2018-08-15 05:00:00,0.77,23.78,15.52,0.0,,345.0,NNW,72.0,0.0,0.0,20.78,CI222,246,-122.155750,40.028778
342,2018-08-15 06:00:00,1.29,23.72,15.9,0.0,,11.0,N,79.0,0.0,0.0,19.67,CI222,246,-122.155750,40.028778
343,2018-08-15 07:00:00,2.16,23.67,14.6,0.0,,155.0,SSE,70.0,0.0,0.0,20.28,CI222,246,-122.155750,40.028778
344,2018-08-15 08:00:00,1.23,23.56,14.6,0.0,,93.0,E,75.0,0.0,0.0,19.17,CI222,246,-122.155750,40.028778
345,2018-08-15 09:00:00,0.82,23.33,14.43,0.0,,103.0,ESE,82.0,0.0,0.0,17.56,CI222,246,-122.155750,40.028778
346,2018-08-15 10:00:00,0.67,23.17,14.99,0.0,,57.0,ENE,89.0,0.0,0.0,16.83,CI222,246,-122.155750,40.028778
347,2018-08-15 11:00:00,0.98,22.94,14.5,0.0,,134.0,SE,89.0,0.0,0.0,16.33,CI222,246,-122.155750,40.028778
348,2018-08-15 12:00:00,0.62,22.78,14.25,0.0,,46.0,NE,93.0,0.0,0.0,15.39,CI222,246,-122.155750,40.028778
349,2018-08-15 13:00:00,0.87,22.56,14.09,0.0,,163.0,SSE,94.0,15.26,0.0,15.06,CI222,246,-122.155750,40.028778
350,2018-08-15 14:00:00,1.29,22.33,14.73,0.0,,63.0,ENE,86.0,134.83,0.0,17.11,CI222,246,-122.155750,40.028778
351,2018-08-15 15:00:00,2.01,22.17,14.85,0.0,,181.0,S,77.0,298.5,0.254,19.0,CI222,246,-122.155750,40.028778
352,2018-08-15 16:00:00,2.26,22.0,15.5,0.0,,117.0,ESE,70.0,464.28,0.254,21.22,CI222,246,-122.155750,40.028778
353,2018-08-15 17:00:00,2.11,21.89,15.76,0.0,,106.0,ESE,63.0,608.02,0.508,23.22,CI222,246,-122.155750,40.028778
354,2018-08-15 18:00:00,1.49,21.83,15.5,0.0,,62.0,ENE,54.0,718.68,0.508,25.5,CI222,246,-122.155750,40.028778
355,2018-08-15 19:00:00,1.44,21.89,15.67,0.0,27.93,69.0,ENE,48.0,782.7,0.762,27.67,CI222,246,-122.155750,40.028778
356,2018-08-15 20:00:00,1.8,21.94,14.94,0.0,29.3,84.0,E,41.0,798.39,0.762,29.56,CI222,246,-122.155750,40.028778
357,2018-08-15 21:00:00,2.88,22.06,16.52,0.0,31.06,121.0,ESE,42.0,757.26,0.762,30.89,CI222,246,-122.155750,40.028778
358,2018-08-15 22:00:00,3.7,22.22,14.83,0.0,31.19,164.0,SSE,36.0,673.31,0.762,31.67,CI222,246,-122.155750,40.028778
359,2018-08-15 23:00:00,4.27,22.39,13.89,0.0,30.85,120.0,ESE,34.0,547.81,0.508,31.61,CI222,246,-122.155750,40.028778
360,2018-08-16 00:00:00,4.22,22.61,15.22,0.0,30.85,152.0,SSE,38.0,384.14,0.508,31.17,CI222,246,-122.155750,40.028778
361,2018-08-16 01:00:00,3.55,22.78,15.11,0.0,29.15,140.0,SE,42.0,155.61,0.254,29.33,CI222,246,-122.155750,40.028778
362,2018-08-16 02:00:00,1.75,22.94,15.37,0.0,27.36,189.0,S,49.0,20.35,0.0,27.0,CI222,246,-122.155750,40.028778
363,2018-08-16 03:00:00,0.82,23.06,17.0,0.0,,281.0,W,65.0,0.42,0.0,24.0,CI222,246,-122.155750,40.028778
364,2018-08-16 04:00:00,0.98,23.06,16.91,0.0,,20.0,NNE,72.0,0.0,0.0,22.22,CI222,246,-122.155750,40.028778
365,2018-08-16 05:00:00,0.67,23.06,17.26,0.0,,42.0,NE,79.0,0.0,0.0,21.06,CI222,246,-122.155750,40.028778
366,2018-08-16 06:00:00,0.72,23.06,16.89,0.0,,38.0,NE,81.0,0.0,0.0,20.28,CI222,246,-122.155750,40.028778
367,2018-08-16 07:00:00,1.03,23.0,16.0,0.0,,351.0,N,84.0,0.0,0.0,18.78,CI222,246,-122.155750,40.028778
368,2018-08-16 08:00:00,0.77,22.94,15.94,0.0,,64.0,ENE,90.0,0.0,0.0,17.61,CI222,246,-122.155750,40.028778
369,2018-08-16 09:00:00,1.03,22.83,15.02,0.0,,322.0,NW,87.0,0.0,0.0,17.22,CI222,246,-122.155750,40.028778
370,2018-08-16 10:00:00,1.49,22.72,14.09,0.0,,322.0,NW,87.0,0.0,0.0,16.28,CI222,246,-122.155750,40.028778
371,2018-08-16 11:00:00,1.03,22.61,13.68,0.0,,23.0,NNE,90.0,0.0,0.0,15.33,CI222,246,-122.155750,40.028778
372,2018-08-16 12:00:00,0.62,22.5,13.98,0.0,,248.0,WSW,95.0,0.0,0.0,14.78,CI222,246,-122.155750,40.028778
373,2018-08-16 13:00:00,0.82,22.39,13.86,0.0,,252.0,WSW,96.0,16.96,0.0,14.5,CI222,246,-122.155750,40.028778
374,2018-08-16 14:00:00,0.98,22.28,14.88,0.0,,143.0,SE,89.0,133.14,0.0,16.72,CI222,246,-122.155750,40.028778
375,2018-08-16 15:00:00,2.37,22.11,14.75,0.0,,133.0,SE,70.0,297.22,0.254,20.44,CI222,246,-122.155750,40.028778
376,2018-08-16 16:00:00,2.62,22.0,14.83,0.0,,123.0,ESE,62.0,470.64,0.254,22.5,CI222,246,-122.155750,40.028778
377,2018-08-16 17:00:00,1.8,21.94,14.96,0.0,,108.0,ESE,52.0,615.22,0.508,25.56,CI222,246,-122.155750,40.028778
378,2018-08-16 18:00:00,1.65,21.94,15.49,0.0,28.02,167.0,SSE,47.0,720.38,0.508,27.83,CI222,246,-122.155750,40.028778
379,2018-08-16 19:00:00,2.16,22.0,16.04,0.0,29.64,113.0,ESE,44.0,791.61,0.762,29.56,CI222,246,-122.155750,40.028778
380,2018-08-16 20:00:00,2.88,22.11,15.91,0.0,30.99,127.0,SE,40.0,817.9,0.762,31.06,CI222,246,-122.155750,40.028778
381,2018-08-16 21:00:00,4.22,22.22,11.82,0.0,30.7,140.0,SE,29.0,784.4,0.762,32.0,CI222,246,-122.155750,40.028778
382,2018-08-16 22:00:00,3.76,22.39,10.6,0.0,30.32,136.0,SE,27.0,527.03,0.508,31.83,CI222,246,-122.155750,40.028778
383,2018-08-16 23:00:00,2.62,22.56,11.94,0.0,29.34,129.0,SE,32.0,257.79,0.254,30.44,CI222,246,-122.155750,40.028778
384,2018-08-17 00:00:00,1.85,22.67,14.38,0.0,28.64,178.0,S,41.0,204.37,0.254,28.94,CI222,246,-122.155750,40.028778
385,2018-08-17 01:00:00,2.06,22.83,14.24,0.0,28.47,209.0,SSW,41.0,164.51,0.254,28.78,CI222,246,-122.155750,40.028778
386,2018-08-17 02:00:00,1.08,22.94,15.17,0.0,,348.0,NNW,51.0,24.17,0.0,26.11,CI222,246,-122.155750,40.028778
387,2018-08-17 03:00:00,0.67,23.0,16.24,0.0,,1.0,N,63.0,0.85,0.0,23.72,CI222,246,-122.155750,40.028778
388,2018-08-17 04:00:00,0.67,23.06,15.78,0.0,,15.0,NNE,65.0,0.0,0.0,22.72,CI222,246,-122.155750,40.028778
389,2018-08-17 05:00:00,0.87,23.06,16.16,0.0,,244.0,WSW,71.0,0.0,0.0,21.67,CI222,246,-122.155750,40.028778
390,2018-08-17 06:00:00,1.34,23.0,15.74,0.0,,325.0,NW,74.0,0.0,0.0,20.56,CI222,246,-122.155750,40.028778
391,2018-08-17 07:00:00,0.87,22.94,14.99,0.0,,302.0,WNW,74.0,0.0,0.0,19.78,CI222,246,-122.155750,40.028778
392,2018-08-17 08:00:00,1.03,22.89,14.51,0.0,,276.0,W,78.0,0.0,0.0,18.44,CI222,246,-122.155750,40.028778
393,2018-08-17 09:00:00,0.93,22.83,14.42,0.0,,327.0,NNW,84.0,0.0,0.0,17.17,CI222,246,-122.155750,40.028778
394,2018-08-17 10:00:00,0.77,22.78,13.44,0.0,,290.0,WNW,84.0,0.0,0.0,16.17,CI222,246,-122.155750,40.028778
395,2018-08-17 11:00:00,0.87,22.67,13.12,0.0,,335.0,NNW,88.0,0.0,0.0,15.11,CI222,246,-122.155750,40.028778
396,2018-08-17 12:00:00,0.77,22.56,13.09,0.0,,289.0,WNW,92.0,0.0,0.0,14.39,CI222,246,-122.155750,40.028778
397,2018-08-17 13:00:00,1.18,22.39,12.1,0.0,,329.0,NNW,91.0,17.81,0.0,13.56,CI222,246,-122.155750,40.028778
398,2018-08-17 14:00:00,0.87,22.28,13.69,0.0,,294.0,WNW,83.0,140.34,0.0,16.61,CI222,246,-122.155750,40.028778
399,2018-08-17 15:00:00,2.11,22.11,12.02,0.0,,335.0,NNW,54.0,313.76,0.254,21.78,CI222,246,-122.155750,40.028778
400,2018-08-17 16:00:00,1.59,22.0,11.93,0.0,,336.0,NNW,42.0,480.82,0.508,25.83,CI222,246,-122.155750,40.028778
401,2018-08-17 17:00:00,1.13,21.94,12.92,0.0,28.07,138.0,SE,38.0,616.92,0.508,28.61,CI222,246,-122.155750,40.028778
402,2018-08-17 18:00:00,1.23,21.89,13.19,0.0,30.4,213.0,SSW,33.0,726.74,0.508,31.33,CI222,246,-122.155750,40.028778
403,2018-08-17 19:00:00,1.34,21.94,13.99,0.0,32.57,77.0,ENE,31.0,800.94,0.762,33.33,CI222,246,-122.155750,40.028778
404,2018-08-17 20:00:00,1.44,22.06,13.55,0.0,33.75,139.0,SE,28.0,800.09,0.762,34.61,CI222,246,-122.155750,40.028778
405,2018-08-17 21:00:00,2.42,22.22,14.57,0.0,34.05,119.0,ESE,30.0,739.03,0.762,34.56,CI222,246,-122.155750,40.028778
406,2018-08-17 22:00:00,3.24,22.39,14.14,0.0,34.01,132.0,SE,29.0,649.57,0.762,34.67,CI222,246,-122.155750,40.028778
407,2018-08-17 23:00:00,2.68,22.56,15.51,0.0,34.36,131.0,SE,32.0,490.99,0.508,34.5,CI222,246,-122.155750,40.028778
408,2018-08-18 00:00:00,2.68,22.72,15.86,0.0,33.8,192.0,SSW,34.0,322.66,0.254,33.83,CI222,246,-122.155750,40.028778
409,2018-08-18 01:00:00,2.31,22.89,15.39,0.0,31.55,182.0,S,37.0,155.18,0.254,31.83,CI222,246,-122.155750,40.028778
410,2018-08-18 02:00:00,1.03,23.06,17.41,0.0,30.14,118.0,ESE,48.0,32.65,0.0,29.56,CI222,246,-122.155750,40.028778
411,2018-08-18 03:00:00,0.72,23.17,16.88,0.0,,1.0,N,58.0,0.85,0.0,25.78,CI222,246,-122.155750,40.028778
412,2018-08-18 04:00:00,0.77,23.22,19.23,0.0,,136.0,SE,81.0,0.0,0.0,22.67,CI222,246,-122.155750,40.028778
413,2018-08-18 05:00:00,0.98,23.28,18.39,0.0,,290.0,WNW,82.0,0.0,0.0,21.61,CI222,246,-122.155750,40.028778
414,2018-08-18 06:00:00,1.03,23.22,16.71,0.0,,313.0,NW,79.0,0.0,0.0,20.5,CI222,246,-122.155750,40.028778
415,2018-08-18 07:00:00,0.77,23.17,15.19,0.0,,280.0,W,76.0,0.0,0.0,19.56,CI222,246,-122.155750,40.028778
416,2018-08-18 08:00:00,1.7,23.11,14.5,0.0,,326.0,NW,74.0,0.0,0.0,19.28,CI222,246,-122.155750,40.028778
417,2018-08-18 09:00:00,0.93,23.06,13.64,0.0,,313.0,NW,73.0,0.0,0.0,18.61,CI222,246,-122.155750,40.028778
418,2018-08-18 10:00:00,0.72,22.94,13.53,0.0,,268.0,W,75.0,0.0,0.0,18.06,CI222,246,-122.155750,40.028778
419,2018-08-18 11:00:00,0.82,22.83,12.95,0.0,,349.0,N,74.0,0.0,0.0,17.67,CI222,246,-122.155750,40.028778
420,2018-08-18 12:00:00,0.87,22.78,12.91,0.0,,299.0,WNW,77.0,0.0,0.0,17.0,CI222,246,-122.155750,40.028778
421,2018-08-18 13:00:00,0.62,22.67,12.9,0.0,,306.0,NW,82.0,8.9,0.0,16.0,CI222,246,-122.155750,40.028778
422,2018-08-18 14:00:00,0.77,22.56,13.78,0.0,,333.0,NNW,76.0,92.01,0.0,18.11,CI222,246,-122.155750,40.028778
423,2018-08-18 15:00:00,2.31,22.44,13.15,0.0,,340.0,NNW,56.0,246.77,0.254,22.39,CI222,246,-122.155750,40.028778
424,2018-08-18 16:00:00,1.9,22.33,13.07,0.0,,321.0,NW,46.0,387.11,0.254,25.56,CI222,246,-122.155750,40.028778
425,2018-08-18 17:00:00,0.93,22.28,12.89,0.0,28.75,350.0,N,36.0,586.39,0.508,29.5,CI222,246,-122.155750,40.028778
426,2018-08-18 18:00:00,1.03,22.28,14.49,0.0,31.19,204.0,SSW,35.0,693.24,0.508,31.78,CI222,246,-122.155750,40.028778
427,2018-08-18 19:00:00,1.7,22.33,15.32,0.0,32.93,226.0,SW,34.0,768.71,0.762,33.22,CI222,246,-122.155750,40.028778
428,2018-08-18 20:00:00,2.47,22.44,16.21,0.0,34.37,180.0,S,34.0,788.22,0.762,34.22,CI222,246,-122.155750,40.028778
429,2018-08-18 21:00:00,2.68,22.56,17.55,0.0,35.62,132.0,SE,36.0,726.74,0.762,34.72,CI222,246,-122.155750,40.028778
430,2018-08-18 22:00:00,2.83,22.67,17.2,0.0,34.99,128.0,SE,36.0,535.94,0.508,34.33,CI222,246,-122.155750,40.028778
431,2018-08-18 23:00:00,2.37,22.83,17.39,0.0,34.8,187.0,S,37.0,389.23,0.508,34.06,CI222,246,-122.155750,40.028778
432,2018-08-19 00:00:00,2.16,23.0,16.76,0.0,33.2,200.0,SSW,38.0,262.46,0.254,32.89,CI222,246,-122.155750,40.028778
433,2018-08-19 01:00:00,1.95,23.17,16.11,0.0,31.28,169.0,S,40.0,129.74,0.254,31.28,CI222,246,-122.155750,40.028778
434,2018-08-19 02:00:00,0.98,23.33,17.64,0.0,28.86,6.0,N,53.0,33.5,0.0,28.11,CI222,246,-122.155750,40.028778
435,2018-08-19 03:00:00,0.62,23.44,19.64,0.0,,73.0,ENE,78.0,0.85,0.0,23.72,CI222,246,-122.155750,40.028778
436,2018-08-19 04:00:00,0.98,23.5,18.94,0.0,,344.0,NNW,84.0,0.0,0.0,21.78,CI222,246,-122.155750,40.028778
437,2018-08-19 05:00:00,1.29,23.5,17.47,0.0,,290.0,WNW,82.0,0.0,0.0,20.67,CI222,246,-122.155750,40.028778
438,2018-08-19 06:00:00,1.34,23.44,16.3,0.0,,297.0,WNW,81.0,0.0,0.0,19.67,CI222,246,-122.155750,40.028778
439,2018-08-19 07:00:00,1.29,23.39,15.83,0.0,,328.0,NNW,80.0,0.0,0.0,19.39,CI222,246,-122.155750,40.028778
440,2018-08-19 08:00:00,1.23,23.28,14.64,0.0,,323.0,NW,80.0,0.0,0.0,18.17,CI222,246,-122.155750,40.028778
441,2018-08-19 09:00:00,0.77,23.17,13.59,0.0,,241.0,WSW,78.0,0.0,0.0,17.5,CI222,246,-122.155750,40.028778
442,2018-08-19 10:00:00,0.77,23.06,13.21,0.0,,316.0,NW,78.0,0.0,0.0,17.11,CI222,246,-122.155750,40.028778
443,2018-08-19 11:00:00,0.82,23.0,14.04,0.0,,91.0,E,87.0,0.0,0.0,16.22,CI222,246,-122.155750,40.028778
444,2018-08-19 12:00:00,1.34,22.83,13.6,0.0,,316.0,NW,87.0,0.0,0.0,15.78,CI222,246,-122.155750,40.028778
445,2018-08-19 13:00:00,1.13,22.72,12.24,0.0,,318.0,NW,78.0,9.33,0.0,16.11,CI222,246,-122.155750,40.028778
446,2018-08-19 14:00:00,0.77,22.61,13.82,0.0,,249.0,WSW,80.0,87.34,0.0,17.33,CI222,246,-122.155750,40.028778
447,2018-08-19 15:00:00,1.18,22.5,12.81,0.0,,345.0,NNW,59.0,221.75,0.254,21.17,CI222,246,-122.155750,40.028778
448,2018-08-19 16:00:00,0.77,22.39,13.31,0.0,,133.0,SE,48.0,380.33,0.254,25.11,CI222,246,-122.155750,40.028778
449,2018-08-19 17:00:00,0.93,22.33,14.06,0.0,27.4,82.0,E,44.0,529.15,0.508,27.39,CI222,246,-122.155750,40.028778
450,2018-08-19 18:00:00,1.29,22.33,13.96,0.0,28.85,214.0,SW,39.0,652.11,0.508,29.33,CI222,246,-122.155750,40.028778
