,date_time,air_temp_low_24_hour_set_1,air_temp_high_24_hour_set_1,precip_accum_one_hour_set_1,precip_accum_six_hour_set_1,precip_accum_12_hour_set_1,precip_accum_24_hour_set_1,precip_accum_three_hour_set_1,_meta_station_id,_meta_elevation,_meta_longitude,_meta_latitude
0,2018-08-01 00:00:00,,,0.0,0.0,0.0,0.0,0.0,COOPBLU,5280,-120.71,39.28
1,2018-08-01 01:00:00,,,0.0,0.0,0.0,0.0,0.0,COOPBLU,5280,-120.71,39.28
2,2018-08-01 02:00:00,,,0.0,0.0,0.0,0.0,0.0,COOPBLU,5280,-120.71,39.28
3,2018-08-01 03:00:00,,,0.0,0.0,0.0,0.0,0.0,COOPBLU,5280,-120.71,39.28
4,2018-08-01 04:00:00,,,0.0,0.0,0.0,0.0,0.0,COOPBLU,5280,-120.71,39.28
5,2018-08-01 05:00:00,,,0.0,0.0,0.0,0.0,0.0,COOPBLU,5280,-120.71,39.28
6,2018-08-01 06:00:00,,,0.0,0.0,0.0,0.0,0.0,COOPBLU,5280,-120.71,39.28
7,2018-08-01 07:00:00,,,0.0,0.0,0.0,0.0,0.0,COOPBLU,5280,-120.71,39.28
8,2018-08-01 08:00:00,,,0.0,0.0,0.0,0.0,0.0,COOPBLU,5280,-120.71,39.28
9,2018-08-01 09:00:00,,,0.0,0.0,0.0,0.0,0.0,COOPBLU,5280,-120.71,39.28
10,2018-08-01 10:00:00,,,0.0,0.0,0.0,0.0,0.0,COOPBLU,5280,-120.71,39.28
11,2018-08-01 11:00:00,,,0.0,0.0,0.0,0.0,0.0,COOPBLU,5280,-120.71,39.28
12,2018-08-01 12:00:00,,,0.0,0.0,0.0,0.0,0.0,COOPBLU,5280,-120.71,39.28
13,2018-08-01 13:00:00,,,0.0,0.0,0.0,0.0,0.0,COOPBLU,5280,-120.71,39.28
14,2018-08-01 14:00:00,,,0.0,0.0,0.0,0.0,0.0,COOPBLU,5280,-120.71,39.28
15,2018-08-01 15:00:00,,,0.0,0.0,0.0,0.0,0.0,COOPBLU,5280,-120.71,39.28
16,2018-08-01 16:00:00,,,0.0,0.0,0.0,0.0,0.0,COOPBLU,5280,-120.71,39.28
17,2018-08-01 17:00:00,,,0.0,0.0,0.0,0.0,0.0,COOPBLU,5280,-120.71,39.28
18,2018-08-01 18:00:00,,,0.0,0.0,0.0,0.0,0.0,COOPBLU,5280,-120.71,39.28
19,2018-08-01 19:00:00,,,0.0,0.0,0.0,0.0,0.0,COOPBLU,5280,-120.71,39.28
20,2018-08-01 20:00:00,,,0.0,0.0,0.0,0.0,0.0,COOPBLU,5280,-120.71,39.28
21,2018-08-01 21:00:00,,,0.0,0.0,0.0,0.0,0.0,COOPBLU,5280,-120.71,39.28
22,2018-08-01 22:00:00,,,0.0,0.0,0.0,0.0,0.0,COOPBLU,5280,-120.71,39.28
23,2018-08-01 23:00:00,,,0.0,0.0,0.0,0.0,0.0,COOPBLU,5280,-120.71,39.28
24,2018-08-02 00:00:00,,,0.0,0.0,0.0,0.0,0.0,COOPBLU,5280,-120.71,39.28
25,2018-08-02 01:00:00,,,0.0,0.0,0.0,0.0,0.0,COOPBLU,5280,-120.71,39.28
26,2018-08-02 02:00:00,,,0.0,0.0,0.0,0.0,0.0,COOPBLU,5280,-120.71,39.28
27,2018-08-02 03:00:00,,,0.0,0.0,0.0,0.0,0.0,COOPBLU,5280,-120.71,39.28
28,2018-08-02 04:00:00,,,0.0,0.0,0.0,0.0,0.0,COOPBLU,5280,-120.71,39.28
29,2018-08-02 05:00:00,,,0.0,0.0,0.0,0.0,0.0,COOPBLU,5280,-120.71,39.28
30,2018-08-02 06:00:00,,,0.0,0.0,0.0,0.0,0.0,COOPBLU,5280,-120.71,39.28
31,2018-08-02 07:00:00,,,0.0,0.0,0.0,0.0,0.0,COOPBLU,5280,-120.71,39.28
32,2018-08-02 08:00:00,,,0.0,0.0,0.0,0.0,0.0,COOPBLU,5280,-120.71,39.28
33,2018-08-02 09:00:00,,,0.0,0.0,0.0,0.0,0.0,COOPBLU,5280,-120.71,39.28
34,2018-08-02 10:00:00,,,0.0,0.0,0.0,0.0,0.0,COOPBLU,5280,-120.71,39.28
35,2018-08-02 11:00:00,,,0.0,0.0,0.0,0.0,0.0,COOPBLU,5280,-120.71,39.28
36,2018-08-02 12:00:00,,,0.0,0.0,0.0,0.0,0.0,COOPBLU,5280,-120.71,39.28
37,2018-08-02 13:00:00,,,0.0,0.0,0.0,0.0,0.0,COOPBLU,5280,-120.71,39.28
38,2018-08-02 14:00:00,,,0.0,0.0,0.0,0.0,0.0,COOPBLU,5280,-120.71,39.28
39,2018-08-02 15:00:00,,,0.0,0.0,0.0,0.0,0.0,COOPBLU,5280,-120.71,39.28
40,2018-08-02 16:00:00,,,0.0,0.0,0.0,0.0,0.0,COOPBLU,5280,-120.71,39.28
41,2018-08-02 17:00:00,,,0.0,0.0,0.0,0.0,0.0,COOPBLU,5280,-120.71,39.28
42,2018-08-02 18:00:00,,,0.0,0.0,0.0,0.0,0.0,COOPBLU,5280,-120.71,39.28
43,2018-08-02 19:00:00,,,0.0,0.0,0.0,0.0,0.0,COOPBLU,5280,-120.71,39.28
44,2018-08-02 20:00:00,,,0.0,0.0,0.0,0.0,0.0,COOPBLU,5280,-120.71,39.28
45,2018-08-02 21:00:00,,,0.0,0.0,0.0,0.0,0.0,COOPBLU,5280,-120.71,39.28
46,2018-08-02 22:00:00,,,0.0,0.0,0.0,0.0,0.0,COOPBLU,5280,-120.71,39.28
47,2018-08-02 23:00:00,,,0.0,0.0,0.0,0.0,0.0,COOPBLU,5280,-120.71,39.28
48,2018-08-03 00:00:00,,,0.0,0.0,0.0,0.0,0.0,COOPBLU,5280,-120.71,39.28
49,2018-08-03 01:00:00,,,0.0,0.0,0.0,0.0,0.0,COOPBLU,5280,-120.71,39.28
50,2018-08-03 02:00:00,,,0.0,0.0,0.0,0.0,0.0,COOPBLU,5280,-120.71,39.28
51,2018-08-03 03:00:00,,,0.0,0.0,0.0,0.0,0.0,COOPBLU,5280,-120.71,39.28
52,2018-08-03 04:00:00,,,0.0,0.0,0.0,0.0,0.0,COOPBLU,5280,-120.71,39.28
53,2018-08-03 05:00:00,,,0.0,0.0,0.0,0.0,0.0,COOPBLU,5280,-120.71,39.28
54,2018-08-03 06:00:00,,,0.0,0.0,0.0,0.0,0.0,COOPBLU,5280,-120.71,39.28
55,2018-08-03 07:00:00,,,0.0,0.0,0.0,0.0,0.0,COOPBLU,5280,-120.71,39.28
56,2018-08-03 08:00:00,,,0.0,0.0,0.0,0.0,0.0,COOPBLU,5280,-120.71,39.28
57,2018-08-03 09:00:00,,,0.0,0.0,0.0,0.0,0.0,COOPBLU,5280,-120.71,39.28
58,2018-08-03 10:00:00,,,0.0,0.0,0.0,0.0,0.0,COOPBLU,5280,-120.71,39.28
59,2018-08-03 11:00:00,,,0.0,0.0,0.0,0.0,0.0,COOPBLU,5280,-120.71,39.28
60,2018-08-03 12:00:00,,,0.0,0.0,0.0,0.0,0.0,COOPBLU,5280,-120.71,39.28
61,2018-08-03 13:00:00,,,0.0,0.0,0.0,0.0,0.0,COOPBLU,5280,-120.71,39.28
62,2018-08-03 14:00:00,,,0.0,0.0,0.0,0.0,0.0,COOPBLU,5280,-120.71,39.28
63,2018-08-03 15:00:00,,,0.0,0.0,0.0,0.0,0.0,COOPBLU,5280,-120.71,39.28
64,2018-08-03 16:00:00,,,0.0,0.0,0.0,0.0,0.0,COOPBLU,5280,-120.71,39.28
65,2018-08-03 17:00:00,,,0.0,0.0,0.0,0.0,0.0,COOPBLU,5280,-120.71,39.28
66,2018-08-03 18:00:00,,,0.0,0.0,0.0,0.0,0.0,COOPBLU,5280,-120.71,39.28
67,2018-08-03 19:00:00,,,0.0,0.0,0.0,0.0,0.0,COOPBLU,5280,-120.71,39.28
68,2018-08-03 20:00:00,,,0.0,0.0,0.0,0.0,0.0,COOPBLU,5280,-120.71,39.28
69,2018-08-03 21:00:00,,,0.0,0.0,0.0,0.0,0.0,COOPBLU,5280,-120.71,39.28
70,2018-08-03 22:00:00,,,0.0,0.0,0.0,0.0,0.0,COOPBLU,5280,-120.71,39.28
71,2018-08-03 23:00:00,,,0.0,0.0,0.0,0.0,0.0,COOPBLU,5280,-120.71,39.28
72,2018-08-04 00:00:00,,,0.0,0.0,0.0,0.0,0.0,COOPBLU,5280,-120.71,39.28
73,2018-08-04 01:00:00,,,0.0,0.0,0.0,0.0,0.0,COOPBLU,5280,-120.71,39.28
74,2018-08-04 02:00:00,,,0.0,0.0,0.0,0.0,0.0,COOPBLU,5280,-120.71,39.28
75,2018-08-04 03:00:00,,,0.0,0.0,0.0,0.0,0.0,COOPBLU,5280,-120.71,39.28
76,2018-08-04 04:00:00,,,0.0,0.0,0.0,0.0,0.0,COOPBLU,5280,-120.71,39.28
77,2018-08-04 05:00:00,,,0.0,0.0,0.0,0.0,0.0,COOPBLU,5280,-120.71,39.28
78,2018-08-04 06:00:00,,,0.0,0.0,0.0,0.0,0.0,COOPBLU,5280,-120.71,39.28
79,2018-08-04 07:00:00,,,0.0,0.0,0.0,0.0,0.0,COOPBLU,5280,-120.71,39.28
80,2018-08-04 08:00:00,,,0.0,0.0,0.0,0.0,0.0,COOPBLU,5280,-120.71,39.28
81,2018-08-04 09:00:00,,,0.0,0.0,0.0,0.0,0.0,COOPBLU,5280,-120.71,39.28
82,2018-08-04 10:00:00,,,0.0,0.0,0.0,0.0,0.0,COOPBLU,5280,-120.71,39.28
83,2018-08-04 11:00:00,,,0.0,0.0,0.0,0.0,0.0,COOPBLU,5280,-120.71,39.28
84,2018-08-04 12:00:00,,,0.0,0.0,0.0,0.0,0.0,COOPBLU,5280,-120.71,39.28
85,2018-08-04 13:00:00,,,0.0,0.0,0.0,0.0,0.0,COOPBLU,5280,-120.71,39.28
86,2018-08-04 14:00:00,,,0.0,0.0,0.0,0.0,0.0,COOPBLU,5280,-120.71,39.28
87,2018-08-04 15:00:00,,,0.0,0.0,0.0,0.0,0.0,COOPBLU,5280,-120.71,39.28
88,2018-08-04 16:00:00,,,0.0,0.0,0.0,0.0,0.0,COOPBLU,5280,-120.71,39.28
89,2018-08-04 17:00:00,,,0.0,0.0,0.0,0.0,0.0,COOPBLU,5280,-120.71,39.28
90,2018-08-04 18:00:00,,,0.0,0.0,0.0,0.0,0.0,COOPBLU,5280,-120.71,39.28
91,2018-08-04 19:00:00,,,0.0,0.0,0.0,0.0,0.0,COOPBLU,5280,-120.71,39.28
92,2018-08-04 20:00:00,,,0.0,0.0,0.0,0.0,0.0,COOPBLU,5280,-120.71,39.28
93,2018-08-04 21:00:00,,,0.0,0.0,0.0,0.0,0.0,COOPBLU,5280,-120.71,39.28
94,2018-08-04 22:00:00,,,0.0,0.0,0.0,0.0,0.0,COOPBLU,5280,-120.71,39.28
95,2018-08-04 23:00:00,,,0.0,0.0,0.0,0.0,0.0,COOPBLU,5280,-120.71,39.28
96,2018-08-05 00:00:00,,,0.0,0.0,0.0,0.0,0.0,COOPBLU,5280,-120.71,39.28
97,2018-08-05 01:00:00,,,0.0,0.0,0.0,0.0,0.0,COOPBLU,5280,-120.71,39.28
98,2018-08-05 02:00:00,,,0.0,0.0,0.0,0.0,0.0,COOPBLU,5280,-120.71,39.28
99,2018-08-05 03:00:00,,,0.0,0.0,0.0,0.0,0.0,COOPBLU,5280,-120.71,39.28
100,2018-08-05 04:00:00,,,0.0,0.0,0.0,0.0,0.0,COOPBLU,5280,-120.71,39.28
101,2018-08-05 05:00:00,,,0.0,0.0,0.0,0.0,0.0,COOPBLU,5280,-120.71,39.28
102,2018-08-05 06:00:00,,,0.0,0.0,0.0,0.0,0.0,COOPBLU,5280,-120.71,39.28
103,2018-08-05 07:00:00,,,0.0,0.0,0.0,0.0,0.0,COOPBLU,5280,-120.71,39.28
104,2018-08-05 08:00:00,,,0.0,0.0,0.0,0.0,0.0,COOPBLU,5280,-120.71,39.28
105,2018-08-05 09:00:00,,,0.0,0.0,0.0,0.0,0.0,COOPBLU,5280,-120.71,39.28
106,2018-08-05 10:00:00,,,0.0,0.0,0.0,0.0,0.0,COOPBLU,5280,-120.71,39.28
107,2018-08-05 11:00:00,,,0.0,0.0,0.0,0.0,0.0,COOPBLU,5280,-120.71,39.28
108,2018-08-05 12:00:00,,,0.0,0.0,0.0,0.0,0.0,COOPBLU,5280,-120.71,39.28
109,2018-08-05 13:00:00,,,0.0,0.0,0.0,0.0,0.0,COOPBLU,5280,-120.71,39.28
110,2018-08-05 14:00:00,,,0.0,0.0,0.0,0.0,0.0,COOPBLU,5280,-120.71,39.28
111,2018-08-05 15:00:00,,,0.0,0.0,0.0,0.0,0.0,COOPBLU,5280,-120.71,39.28
112,2018-08-05 16:00:00,,,0.0,0.0,0.0,0.0,0.0,COOPBLU,5280,-120.71,39.28
113,2018-08-05 17:00:00,,,0.0,0.0,0.0,0.0,0.0,COOPBLU,5280,-120.71,39.28
114,2018-08-05 18:00:00,,,0.0,0.0,0.0,0.0,0.0,COOPBLU,5280,-120.71,39.28
115,2018-08-05 19:00:00,,,0.0,0.0,0.0,0.0,0.0,COOPBLU,5280,-120.71,39.28
116,2018-08-05 20:00:00,,,0.0,0.0,0.0,0.0,0.0,COOPBLU,5280,-120.71,39.28
117,2018-08-05 21:00:00,,,0.0,0.0,0.0,0.0,0.0,COOPBLU,5280,-120.71,39.28
118,2018-08-05 22:00:00,,,0.0,0.0,0.0,0.0,0.0,COOPBLU,5280,-120.71,39.28
119,2018-08-05 23:00:00,,,0.0,0.0,0.0,0.0,0.0,COOPBLU,5280,-120.71,39.28
120,2018-08-06 00:00:00,,,0.0,0.0,0.0,0.0,0.0,COOPBLU,5280,-120.71,39.28
121,2018-08-06 01:00:00,,,0.0,0.0,0.0,0.0,0.0,COOPBLU,5280,-120.71,39.28
122,2018-08-06 02:00:00,,,0.0,0.0,0.0,0.0,0.0,COOPBLU,5280,-120.71,39.28
123,2018-08-06 03:00:00,,,0.0,0.0,0.0,0.0,0.0,COOPBLU,5280,-120.71,39.28
124,2018-08-06 04:00:00,,,0.0,0.0,0.0,0.0,0.0,COOPBLU,5280,-120.71,39.28
125,2018-08-06 05:00:00,,,0.0,0.0,0.0,0.0,0.0,COOPBLU,5280,-120.71,39.28
126,2018-08-06 06:00:00,,,0.0,0.0,0.0,0.0,0.0,COOPBLU,5280,-120.71,39.28
127,2018-08-06 07:00:00,,,0.0,0.0,0.0,0.0,0.0,COOPBLU,5280,-120.71,39.28
128,2018-08-06 08:00:00,,,0.0,0.0,0.0,0.0,0.0,COOPBLU,5280,-120.71,39.28
129,2018-08-06 09:00:00,,,0.0,0.0,0.0,0.0,0.0,COOPBLU,5280,-120.71,39.28
130,2018-08-06 10:00:00,,,0.0,0.0,0.0,0.0,0.0,COOPBLU,5280,-120.71,39.28
131,2018-08-06 11:00:00,,,0.0,0.0,0.0,0.0,0.0,COOPBLU,5280,-120.71,39.28
132,2018-08-06 12:00:00,,,0.0,0.0,0.0,0.0,0.0,COOPBLU,5280,-120.71,39.28
133,2018-08-06 13:00:00,,,0.0,0.0,0.0,0.0,0.0,COOPBLU,5280,-120.71,39.28
134,2018-08-06 14:00:00,,,0.0,0.0,0.0,0.0,0.0,COOPBLU,5280,-120.71,39.28
135,2018-08-06 15:00:00,,,0.0,0.0,0.0,0.0,0.0,COOPBLU,5280,-120.71,39.28
136,2018-08-06 16:00:00,,,0.0,0.0,0.0,0.0,0.0,COOPBLU,5280,-120.71,39.28
137,2018-08-06 17:00:00,,,0.0,0.0,0.0,0.0,0.0,COOPBLU,5280,-120.71,39.28
138,2018-08-06 18:00:00,,,0.0,0.0,0.0,0.0,0.0,COOPBLU,5280,-120.71,39.28
139,2018-08-06 19:00:00,,,0.0,0.0,0.0,0.0,0.0,COOPBLU,5280,-120.71,39.28
140,2018-08-06 20:00:00,,,0.0,0.0,0.0,0.0,0.0,COOPBLU,5280,-120.71,39.28
141,2018-08-06 21:00:00,,,0.0,0.0,0.0,0.0,0.0,COOPBLU,5280,-120.71,39.28
142,2018-08-06 22:00:00,,,0.0,0.0,0.0,0.0,0.0,COOPBLU,5280,-120.71,39.28
143,2018-08-06 23:00:00,,,0.0,0.0,0.0,0.0,0.0,COOPBLU,5280,-120.71,39.28
144,2018-08-07 00:00:00,,,0.0,0.0,0.0,0.0,0.0,COOPBLU,5280,-120.71,39.28
145,2018-08-07 01:00:00,,,0.0,0.0,0.0,0.0,0.0,COOPBLU,5280,-120.71,39.28
146,2018-08-07 02:00:00,,,0.0,0.0,0.0,0.0,0.0,COOPBLU,5280,-120.71,39.28
147,2018-08-07 03:00:00,,,0.0,0.0,0.0,0.0,0.0,COOPBLU,5280,-120.71,39.28
148,2018-08-07 04:00:00,,,0.0,0.0,0.0,0.0,0.0,COOPBLU,5280,-120.71,39.28
149,2018-08-07 05:00:00,,,0.0,0.0,0.0,0.0,0.0,COOPBLU,5280,-120.71,39.28
150,2018-08-07 06:00:00,,,0.0,0.0,0.0,0.0,0.0,COOPBLU,5280,-120.71,39.28
151,2018-08-07 07:00:00,,,0.0,0.0,0.0,0.0,0.0,COOPBLU,5280,-120.71,39.28
152,2018-08-07 08:00:00,,,0.0,0.0,0.0,0.0,0.0,COOPBLU,5280,-120.71,39.28
153,2018-08-07 09:00:00,,,0.0,0.0,0.0,0.0,0.0,COOPBLU,5280,-120.71,39.28
154,2018-08-07 10:00:00,,,0.0,0.0,0.0,0.0,0.0,COOPBLU,5280,-120.71,39.28
155,2018-08-07 11:00:00,,,0.0,0.0,0.0,0.0,0.0,COOPBLU,5280,-120.71,39.28
156,2018-08-07 12:00:00,,,0.0,0.0,0.0,0.0,0.0,COOPBLU,5280,-120.71,39.28
157,2018-08-07 13:00:00,,,0.0,0.0,0.0,0.0,0.0,COOPBLU,5280,-120.71,39.28
158,2018-08-07 14:00:00,,,0.0,0.0,0.0,0.0,0.0,COOPBLU,5280,-120.71,39.28
159,2018-08-07 15:00:00,,,0.0,0.0,0.0,0.0,0.0,COOPBLU,5280,-120.71,39.28
160,2018-08-07 16:00:00,,,0.0,0.0,0.0,0.0,0.0,COOPBLU,5280,-120.71,39.28
161,2018-08-07 17:00:00,,,0.0,0.0,0.0,0.0,0.0,COOPBLU,5280,-120.71,39.28
162,2018-08-07 18:00:00,,,0.0,0.0,0.0,0.0,0.0,COOPBLU,5280,-120.71,39.28
163,2018-08-08 12:00:00,,,,,,,,COOPBLU,5280,-120.71,39.28
164,2018-08-08 13:00:00,,,0.0,,,,0.0,COOPBLU,5280,-120.71,39.28
165,2018-08-08 14:00:00,,,0.0,,,,0.0,COOPBLU,5280,-120.71,39.28
166,2018-08-08 15:00:00,,,0.0,,,,0.0,COOPBLU,5280,-120.71,39.28
167,2018-08-08 16:00:00,,,0.0,0.0,,,0.0,COOPBLU,5280,-120.71,39.28
168,2018-08-08 17:00:00,,,0.0,0.0,,,0.0,COOPBLU,5280,-120.71,39.28
169,2018-08-08 18:00:00,,,0.0,0.0,,,0.0,COOPBLU,5280,-120.71,39.28
170,2018-08-08 19:00:00,,,0.0,0.0,,,0.0,COOPBLU,5280,-120.71,39.28
171,2018-08-08 20:00:00,,,0.0,0.0,,,0.0,COOPBLU,5280,-120.71,39.28
172,2018-08-08 21:00:00,,,0.0,0.0,,,0.0,COOPBLU,5280,-120.71,39.28
173,2018-08-08 22:00:00,,,0.0,0.0,0.0,,0.0,COOPBLU,5280,-120.71,39.28
174,2018-08-08 23:00:00,,,0.0,0.0,0.0,,0.0,COOPBLU,5280,-120.71,39.28
175,2018-08-09 00:00:00,,,0.0,0.0,0.0,,0.0,COOPBLU,5280,-120.71,39.28
176,2018-08-09 01:00:00,,,0.0,0.0,0.0,,0.0,COOPBLU,5280,-120.71,39.28
177,2018-08-09 02:00:00,,,0.0,0.0,0.0,,0.0,COOPBLU,5280,-120.71,39.28
178,2018-08-09 03:00:00,,,0.0,0.0,0.0,,0.0,COOPBLU,5280,-120.71,39.28
179,2018-08-09 04:00:00,,,0.0,0.0,0.0,,0.0,COOPBLU,5280,-120.71,39.28
180,2018-08-09 05:00:00,,,0.0,0.0,0.0,,0.0,COOPBLU,5280,-120.71,39.28
181,2018-08-09 06:00:00,,,0.0,0.0,0.0,,0.0,COOPBLU,5280,-120.71,39.28
182,2018-08-09 07:00:00,,,0.0,0.0,0.0,,0.0,COOPBLU,5280,-120.71,39.28
183,2018-08-09 08:00:00,,,0.0,0.0,0.0,,0.0,COOPBLU,5280,-120.71,39.28
184,2018-08-09 09:00:00,,,0.0,0.0,0.0,,0.0,COOPBLU,5280,-120.71,39.28
185,2018-08-09 10:00:00,,,0.0,0.0,0.0,0.0,0.0,COOPBLU,5280,-120.71,39.28
186,2018-08-09 11:00:00,,,0.0,0.0,0.0,0.0,0.0,COOPBLU,5280,-120.71,39.28
187,2018-08-09 12:00:00,,,0.0,0.0,0.0,0.0,0.0,COOPBLU,5280,-120.71,39.28
188,2018-08-09 13:00:00,,,0.0,0.0,0.0,0.0,0.0,COOPBLU,5280,-120.71,39.28
189,2018-08-09 14:00:00,,,0.0,0.0,0.0,0.0,0.0,COOPBLU,5280,-120.71,39.28
190,2018-08-09 15:00:00,,,0.0,0.0,0.0,0.0,0.0,COOPBLU,5280,-120.71,39.28
191,2018-08-09 16:00:00,,,0.0,0.0,0.0,0.0,0.0,COOPBLU,5280,-120.71,39.28
192,2018-08-09 17:00:00,,,0.0,0.0,0.0,0.0,0.0,COOPBLU,5280,-120.71,39.28
193,2018-08-09 18:00:00,,,0.0,0.0,0.0,0.0,0.0,COOPBLU,5280,-120.71,39.28
194,2018-08-09 19:00:00,,,0.0,0.0,0.0,0.0,0.0,COOPBLU,5280,-120.71,39.28
195,2018-08-09 20:00:00,,,0.0,0.0,0.0,0.0,0.0,COOPBLU,5280,-120.71,39.28
196,2018-08-09 21:00:00,,,0.0,0.0,0.0,0.0,0.0,COOPBLU,5280,-120.71,39.28
197,2018-08-09 22:00:00,,,0.0,0.0,0.0,0.0,0.0,COOPBLU,5280,-120.71,39.28
198,2018-08-09 23:00:00,,,0.0,0.0,0.0,0.0,0.0,COOPBLU,5280,-120.71,39.28
199,2018-08-10 00:00:00,,,0.0,0.0,0.0,0.0,0.0,COOPBLU,5280,-120.71,39.28
200,2018-08-10 01:00:00,,,0.0,0.0,0.0,0.0,0.0,COOPBLU,5280,-120.71,39.28
201,2018-08-10 02:00:00,,,0.0,0.0,0.0,0.0,0.0,COOPBLU,5280,-120.71,39.28
202,2018-08-10 03:00:00,,,0.0,0.0,0.0,0.0,0.0,COOPBLU,5280,-120.71,39.28
203,2018-08-10 04:00:00,,,0.0,0.0,0.0,0.0,0.0,COOPBLU,5280,-120.71,39.28
204,2018-08-10 05:00:00,,,0.0,0.0,0.0,0.0,0.0,COOPBLU,5280,-120.71,39.28
205,2018-08-10 06:00:00,,,0.0,0.0,0.0,0.0,0.0,COOPBLU,5280,-120.71,39.28
206,2018-08-10 07:00:00,,,0.0,0.0,0.0,0.0,0.0,COOPBLU,5280,-120.71,39.28
207,2018-08-10 08:00:00,,,0.0,0.0,0.0,0.0,0.0,COOPBLU,5280,-120.71,39.28
208,2018-08-10 09:00:00,,,0.0,0.0,0.0,0.0,0.0,COOPBLU,5280,-120.71,39.28
209,2018-08-10 10:00:00,,,0.0,0.0,0.0,0.0,0.0,COOPBLU,5280,-120.71,39.28
210,2018-08-10 11:00:00,,,0.0,0.0,0.0,0.0,0.0,COOPBLU,5280,-120.71,39.28
211,2018-08-10 12:00:00,,,0.0,0.0,0.0,0.0,0.0,COOPBLU,5280,-120.71,39.28
212,2018-08-10 13:00:00,,,0.0,0.0,0.0,0.0,0.0,COOPBLU,5280,-120.71,39.28
213,2018-08-10 14:00:00,,,0.0,0.0,0.0,0.0,0.0,COOPBLU,5280,-120.71,39.28
214,2018-08-10 15:00:00,,,0.0,0.0,0.0,0.0,0.0,COOPBLU,5280,-120.71,39.28
215,2018-08-10 16:00:00,,,0.0,0.0,0.0,0.0,0.0,COOPBLU,5280,-120.71,39.28
216,2018-08-10 17:00:00,,,0.0,0.0,0.0,0.0,0.0,COOPBLU,5280,-120.71,39.28
217,2018-08-10 18:00:00,,,0.0,0.0,0.0,0.0,0.0,COOPBLU,5280,-120.71,39.28
218,2018-08-10 19:00:00,,,0.0,0.0,0.0,0.0,0.0,COOPBLU,5280,-120.71,39.28
219,2018-08-10 20:00:00,,,0.0,0.0,0.0,0.0,0.0,COOPBLU,5280,-120.71,39.28
220,2018-08-10 21:00:00,,,0.0,0.0,0.0,0.0,0.0,COOPBLU,5280,-120.71,39.28
221,2018-08-10 22:00:00,,,0.0,0.0,0.0,0.0,0.0,COOPBLU,5280,-120.71,39.28
222,2018-08-10 23:00:00,,,0.0,0.0,0.0,0.0,0.0,COOPBLU,5280,-120.71,39.28
223,2018-08-11 00:00:00,,,0.0,0.0,0.0,0.0,0.0,COOPBLU,5280,-120.71,39.28
224,2018-08-11 01:00:00,,,0.0,0.0,0.0,0.0,0.0,COOPBLU,5280,-120.71,39.28
225,2018-08-11 02:00:00,,,0.0,0.0,0.0,0.0,0.0,COOPBLU,5280,-120.71,39.28
226,2018-08-11 03:00:00,,,0.0,0.0,0.0,0.0,0.0,COOPBLU,5280,-120.71,39.28
227,2018-08-11 04:00:00,,,0.0,0.0,0.0,0.0,0.0,COOPBLU,5280,-120.71,39.28
228,2018-08-11 05:00:00,,,0.0,0.0,0.0,0.0,0.0,COOPBLU,5280,-120.71,39.28
229,2018-08-11 06:00:00,,,0.0,0.0,0.0,0.0,0.0,COOPBLU,5280,-120.71,39.28
230,2018-08-11 07:00:00,,,0.0,0.0,0.0,0.0,0.0,COOPBLU,5280,-120.71,39.28
231,2018-08-11 08:00:00,,,0.0,0.0,0.0,0.0,0.0,COOPBLU,5280,-120.71,39.28
232,2018-08-11 09:00:00,,,0.0,0.0,0.0,0.0,0.0,COOPBLU,5280,-120.71,39.28
233,2018-08-11 10:00:00,,,0.0,0.0,0.0,0.0,0.0,COOPBLU,5280,-120.71,39.28
234,2018-08-11 11:00:00,,,0.0,0.0,0.0,0.0,0.0,COOPBLU,5280,-120.71,39.28
235,2018-08-11 12:00:00,,,0.0,0.0,0.0,0.0,0.0,COOPBLU,5280,-120.71,39.28
236,2018-08-11 13:00:00,,,0.0,0.0,0.0,0.0,0.0,COOPBLU,5280,-120.71,39.28
237,2018-08-11 14:00:00,,,0.0,0.0,0.0,0.0,0.0,COOPBLU,5280,-120.71,39.28
238,2018-08-11 15:00:00,,,0.0,0.0,0.0,0.0,0.0,COOPBLU,5280,-120.71,39.28
239,2018-08-11 16:00:00,,,0.0,0.0,0.0,0.0,0.0,COOPBLU,5280,-120.71,39.28
240,2018-08-11 17:00:00,,,0.0,0.0,0.0,0.0,0.0,COOPBLU,5280,-120.71,39.28
241,2018-08-11 18:00:00,,,0.0,0.0,0.0,0.0,0.0,COOPBLU,5280,-120.71,39.28
242,2018-08-11 19:00:00,,,0.0,0.0,0.0,0.0,0.0,COOPBLU,5280,-120.71,39.28
243,2018-08-11 20:00:00,,,0.0,0.0,0.0,0.0,0.0,COOPBLU,5280,-120.71,39.28
244,2018-08-11 21:00:00,,,0.0,0.0,0.0,0.0,0.0,COOPBLU,5280,-120.71,39.28
245,2018-08-11 22:00:00,,,0.0,0.0,0.0,0.0,0.0,COOPBLU,5280,-120.71,39.28
246,2018-08-11 23:00:00,,,0.0,0.0,0.0,0.0,0.0,COOPBLU,5280,-120.71,39.28
247,2018-08-12 00:00:00,,,0.0,0.0,0.0,0.0,0.0,COOPBLU,5280,-120.71,39.28
248,2018-08-12 01:00:00,,,0.0,0.0,0.0,0.0,0.0,COOPBLU,5280,-120.71,39.28
249,2018-08-12 02:00:00,,,0.0,0.0,0.0,0.0,0.0,COOPBLU,5280,-120.71,39.28
250,2018-08-12 03:00:00,,,0.0,0.0,0.0,0.0,0.0,COOPBLU,5280,-120.71,39.28
251,2018-08-12 04:00:00,,,0.0,0.0,0.0,0.0,0.0,COOPBLU,5280,-120.71,39.28
252,2018-08-12 05:00:00,,,0.0,0.0,0.0,0.0,0.0,COOPBLU,5280,-120.71,39.28
253,2018-08-12 06:00:00,,,0.0,0.0,0.0,0.0,0.0,COOPBLU,5280,-120.71,39.28
254,2018-08-12 07:00:00,,,0.0,0.0,0.0,0.0,0.0,COOPBLU,5280,-120.71,39.28
255,2018-08-12 08:00:00,,,0.0,0.0,0.0,0.0,0.0,COOPBLU,5280,-120.71,39.28
256,2018-08-12 09:00:00,,,0.0,0.0,0.0,0.0,0.0,COOPBLU,5280,-120.71,39.28
257,2018-08-12 10:00:00,,,0.0,0.0,0.0,0.0,0.0,COOPBLU,5280,-120.71,39.28
258,2018-08-12 11:00:00,,,0.0,0.0,0.0,0.0,0.0,COOPBLU,5280,-120.71,39.28
259,2018-08-12 12:00:00,,,0.0,0.0,0.0,0.0,0.0,COOPBLU,5280,-120.71,39.28
260,2018-08-12 13:00:00,,,0.0,0.0,0.0,0.0,0.0,COOPBLU,5280,-120.71,39.28
261,2018-08-12 14:00:00,,,0.0,0.0,0.0,0.0,0.0,COOPBLU,5280,-120.71,39.28
262,2018-08-12 15:00:00,,,0.0,0.0,0.0,0.0,0.0,COOPBLU,5280,-120.71,39.28
263,2018-08-12 16:00:00,,,0.0,0.0,0.0,0.0,0.0,COOPBLU,5280,-120.71,39.28
264,2018-08-12 17:00:00,,,0.0,0.0,0.0,0.0,0.0,COOPBLU,5280,-120.71,39.28
265,2018-08-12 18:00:00,,,0.0,0.0,0.0,0.0,0.0,COOPBLU,5280,-120.71,39.28
266,2018-08-12 19:00:00,,,0.0,0.0,0.0,0.0,0.0,COOPBLU,5280,-120.71,39.28
267,2018-08-12 20:00:00,,,0.0,0.0,0.0,0.0,0.0,COOPBLU,5280,-120.71,39.28
268,2018-08-12 21:00:00,,,0.0,0.0,0.0,0.0,0.0,COOPBLU,5280,-120.71,39.28
269,2018-08-12 22:00:00,,,0.0,0.0,0.0,0.0,0.0,COOPBLU,5280,-120.71,39.28
270,2018-08-12 23:00:00,,,0.0,0.0,0.0,0.0,0.0,COOPBLU,5280,-120.71,39.28
271,2018-08-13 00:00:00,,,0.0,0.0,0.0,0.0,0.0,COOPBLU,5280,-120.71,39.28
272,2018-08-13 01:00:00,,,0.0,0.0,0.0,0.0,0.0,COOPBLU,5280,-120.71,39.28
273,2018-08-13 02:00:00,,,0.0,0.0,0.0,0.0,0.0,COOPBLU,5280,-120.71,39.28
274,2018-08-13 03:00:00,,,0.0,0.0,0.0,0.0,0.0,COOPBLU,5280,-120.71,39.28
275,2018-08-13 04:00:00,,,0.0,0.0,0.0,0.0,0.0,COOPBLU,5280,-120.71,39.28
276,2018-08-13 05:00:00,,,0.0,0.0,0.0,0.0,0.0,COOPBLU,5280,-120.71,39.28
277,2018-08-13 06:00:00,,,0.0,0.0,0.0,0.0,0.0,COOPBLU,5280,-120.71,39.28
278,2018-08-13 07:00:00,,,0.0,0.0,0.0,0.0,0.0,COOPBLU,5280,-120.71,39.28
279,2018-08-13 08:00:00,,,0.0,0.0,0.0,0.0,0.0,COOPBLU,5280,-120.71,39.28
280,2018-08-13 09:00:00,,,0.0,0.0,0.0,0.0,0.0,COOPBLU,5280,-120.71,39.28
281,2018-08-13 10:00:00,,,0.0,0.0,0.0,0.0,0.0,COOPBLU,5280,-120.71,39.28
282,2018-08-13 11:00:00,,,0.0,0.0,0.0,0.0,0.0,COOPBLU,5280,-120.71,39.28
283,2018-08-13 12:00:00,,,0.0,0.0,0.0,0.0,0.0,COOPBLU,5280,-120.71,39.28
284,2018-08-13 13:00:00,,,0.0,0.0,0.0,0.0,0.0,COOPBLU,5280,-120.71,39.28
285,2018-08-13 14:00:00,,,0.0,0.0,0.0,0.0,0.0,COOPBLU,5280,-120.71,39.28
286,2018-08-13 15:00:00,,,0.0,0.0,0.0,0.0,0.0,COOPBLU,5280,-120.71,39.28
287,2018-08-13 16:00:00,,,0.0,0.0,0.0,0.0,0.0,COOPBLU,5280,-120.71,39.28
288,2018-08-13 17:00:00,,,0.0,0.0,0.0,0.0,0.0,COOPBLU,5280,-120.71,39.28
289,2018-08-13 18:00:00,,,0.0,0.0,0.0,0.0,0.0,COOPBLU,5280,-120.71,39.28
290,2018-08-13 19:00:00,,,0.0,0.0,0.0,0.0,0.0,COOPBLU,5280,-120.71,39.28
291,2018-08-13 20:00:00,,,0.0,0.0,0.0,0.0,0.0,COOPBLU,5280,-120.71,39.28
292,2018-08-13 21:00:00,,,0.0,0.0,0.0,0.0,0.0,COOPBLU,5280,-120.71,39.28
293,2018-08-13 22:00:00,,,0.0,0.0,0.0,0.0,0.0,COOPBLU,5280,-120.71,39.28
294,2018-08-13 23:00:00,,,0.0,0.0,0.0,0.0,0.0,COOPBLU,5280,-120.71,39.28
295,2018-08-14 00:00:00,,,0.0,0.0,0.0,0.0,0.0,COOPBLU,5280,-120.71,39.28
296,2018-08-14 01:00:00,,,0.0,0.0,0.0,0.0,0.0,COOPBLU,5280,-120.71,39.28
297,2018-08-14 02:00:00,,,0.0,0.0,0.0,0.0,0.0,COOPBLU,5280,-120.71,39.28
298,2018-08-14 03:00:00,,,0.0,0.0,0.0,0.0,0.0,COOPBLU,5280,-120.71,39.28
299,2018-08-14 04:00:00,,,0.0,0.0,0.0,0.0,0.0,COOPBLU,5280,-120.71,39.28
300,2018-08-14 05:00:00,,,0.0,0.0,0.0,0.0,0.0,COOPBLU,5280,-120.71,39.28
301,2018-08-14 06:00:00,,,0.0,0.0,0.0,0.0,0.0,COOPBLU,5280,-120.71,39.28
302,2018-08-14 07:00:00,,,0.0,0.0,0.0,0.0,0.0,COOPBLU,5280,-120.71,39.28
303,2018-08-14 08:00:00,,,0.0,0.0,0.0,0.0,0.0,COOPBLU,5280,-120.71,39.28
304,2018-08-14 09:00:00,,,0.0,0.0,0.0,0.0,0.0,COOPBLU,5280,-120.71,39.28
305,2018-08-14 10:00:00,,,0.0,0.0,0.0,0.0,0.0,COOPBLU,5280,-120.71,39.28
306,2018-08-14 11:00:00,,,0.0,0.0,0.0,0.0,0.0,COOPBLU,5280,-120.71,39.28
307,2018-08-14 12:00:00,,,0.0,0.0,0.0,0.0,0.0,COOPBLU,5280,-120.71,39.28
308,2018-08-14 13:00:00,,,0.0,0.0,0.0,0.0,0.0,COOPBLU,5280,-120.71,39.28
309,2018-08-14 14:00:00,,,0.0,0.0,0.0,0.0,0.0,COOPBLU,5280,-120.71,39.28
310,2018-08-14 15:00:00,,,0.0,0.0,0.0,0.0,0.0,COOPBLU,5280,-120.71,39.28
311,2018-08-14 16:00:00,,,0.0,0.0,0.0,0.0,0.0,COOPBLU,5280,-120.71,39.28
312,2018-08-14 17:00:00,,,0.0,0.0,0.0,0.0,0.0,COOPBLU,5280,-120.71,39.28
313,2018-08-14 18:00:00,,,0.0,0.0,0.0,0.0,0.0,COOPBLU,5280,-120.71,39.28
314,2018-08-14 19:00:00,,,0.0,0.0,0.0,0.0,0.0,COOPBLU,5280,-120.71,39.28
315,2018-08-14 20:00:00,,,0.0,0.0,0.0,0.0,0.0,COOPBLU,5280,-120.71,39.28
316,2018-08-14 21:00:00,,,0.0,0.0,0.0,0.0,0.0,COOPBLU,5280,-120.71,39.28
317,2018-08-14 22:00:00,,,0.0,0.0,0.0,0.0,0.0,COOPBLU,5280,-120.71,39.28
318,2018-08-14 23:00:00,,,0.0,0.0,0.0,0.0,0.0,COOPBLU,5280,-120.71,39.28
319,2018-08-15 00:00:00,,,0.0,0.0,0.0,0.0,0.0,COOPBLU,5280,-120.71,39.28
320,2018-08-15 01:00:00,,,0.0,0.0,0.0,0.0,0.0,COOPBLU,5280,-120.71,39.28
321,2018-08-15 02:00:00,,,0.0,0.0,0.0,0.0,0.0,COOPBLU,5280,-120.71,39.28
322,2018-08-15 03:00:00,,,0.0,0.0,0.0,0.0,0.0,COOPBLU,5280,-120.71,39.28
323,2018-08-15 04:00:00,,,0.0,0.0,0.0,0.0,0.0,COOPBLU,5280,-120.71,39.28
324,2018-08-15 05:00:00,,,0.0,0.0,0.0,0.0,0.0,COOPBLU,5280,-120.71,39.28
325,2018-08-15 06:00:00,18.89,26.67,0.0,0.0,0.0,0.0,0.0,COOPBLU,5280,-120.71,39.28
326,2018-08-15 07:00:00,,,0.0,0.0,0.0,0.0,0.0,COOPBLU,5280,-120.71,39.28
327,2018-08-15 08:00:00,,,0.0,0.0,0.0,0.0,0.0,COOPBLU,5280,-120.71,39.28
328,2018-08-15 09:00:00,,,0.0,0.0,0.0,0.0,0.0,COOPBLU,5280,-120.71,39.28
329,2018-08-15 10:00:00,,,0.0,0.0,0.0,0.0,0.0,COOPBLU,5280,-120.71,39.28
330,2018-08-15 11:00:00,,,0.0,0.0,0.0,0.0,0.0,COOPBLU,5280,-120.71,39.28
331,2018-08-15 12:00:00,,,0.0,0.0,0.0,0.0,0.0,COOPBLU,5280,-120.71,39.28
332,2018-08-15 13:00:00,,,0.0,0.0,0.0,0.0,0.0,COOPBLU,5280,-120.71,39.28
333,2018-08-15 14:00:00,,,0.0,0.0,0.0,0.0,0.0,COOPBLU,5280,-120.71,39.28
334,2018-08-15 15:00:00,,,0.0,0.0,0.0,0.0,0.0,COOPBLU,5280,-120.71,39.28
335,2018-08-15 16:00:00,,,0.0,0.0,0.0,0.0,0.0,COOPBLU,5280,-120.71,39.28
336,2018-08-15 17:00:00,,,0.0,0.0,0.0,0.0,0.0,COOPBLU,5280,-120.71,39.28
337,2018-08-15 18:00:00,,,0.0,0.0,0.0,0.0,0.0,COOPBLU,5280,-120.71,39.28
338,2018-08-15 19:00:00,,,0.0,0.0,0.0,0.0,0.0,COOPBLU,5280,-120.71,39.28
339,2018-08-15 20:00:00,,,0.0,0.0,0.0,0.0,0.0,COOPBLU,5280,-120.71,39.28
340,2018-08-15 21:00:00,,,0.0,0.0,0.0,0.0,0.0,COOPBLU,5280,-120.71,39.28
341,2018-08-15 22:00:00,,,0.0,0.0,0.0,0.0,0.0,COOPBLU,5280,-120.71,39.28
342,2018-08-15 23:00:00,,,0.0,0.0,0.0,0.0,0.0,COOPBLU,5280,-120.71,39.28
343,2018-08-16 00:00:00,,,0.0,0.0,0.0,0.0,0.0,COOPBLU,5280,-120.71,39.28
344,2018-08-16 01:00:00,,,0.0,0.0,0.0,0.0,0.0,COOPBLU,5280,-120.71,39.28
345,2018-08-16 02:00:00,,,0.0,0.0,0.0,0.0,0.0,COOPBLU,5280,-120.71,39.28
346,2018-08-16 03:00:00,,,0.0,0.0,0.0,0.0,0.0,COOPBLU,5280,-120.71,39.28
347,2018-08-16 04:00:00,,,0.0,0.0,0.0,0.0,0.0,COOPBLU,5280,-120.71,39.28
348,2018-08-16 05:00:00,,,0.0,0.0,0.0,0.0,0.0,COOPBLU,5280,-120.71,39.28
349,2018-08-16 06:00:00,,,0.0,0.0,0.0,0.0,0.0,COOPBLU,5280,-120.71,39.28
350,2018-08-16 07:00:00,,,0.0,0.0,0.0,0.0,0.0,COOPBLU,5280,-120.71,39.28
351,2018-08-16 08:00:00,,,0.0,0.0,0.0,0.0,0.0,COOPBLU,5280,-120.71,39.28
352,2018-08-16 09:00:00,,,0.0,0.0,0.0,0.0,0.0,COOPBLU,5280,-120.71,39.28
353,2018-08-16 10:00:00,,,0.0,0.0,0.0,0.0,0.0,COOPBLU,5280,-120.71,39.28
354,2018-08-16 11:00:00,,,0.0,0.0,0.0,0.0,0.0,COOPBLU,5280,-120.71,39.28
355,2018-08-16 12:00:00,,,0.0,0.0,0.0,0.0,0.0,COOPBLU,5280,-120.71,39.28
356,2018-08-16 13:00:00,,,0.0,0.0,0.0,0.0,0.0,COOPBLU,5280,-120.71,39.28
357,2018-08-16 14:00:00,,,0.0,0.0,0.0,0.0,0.0,COOPBLU,5280,-120.71,39.28
358,2018-08-16 15:00:00,,,0.0,0.0,0.0,0.0,0.0,COOPBLU,5280,-120.71,39.28
359,2018-08-16 16:00:00,,,0.0,0.0,0.0,0.0,0.0,COOPBLU,5280,-120.71,39.28
360,2018-08-16 17:00:00,,,0.0,0.0,0.0,0.0,0.0,COOPBLU,5280,-120.71,39.28
361,2018-08-16 18:00:00,,,0.0,0.0,0.0,0.0,0.0,COOPBLU,5280,-120.71,39.28
362,2018-08-16 19:00:00,,,0.0,0.0,0.0,0.0,0.0,COOPBLU,5280,-120.71,39.28
363,2018-08-16 20:00:00,,,0.0,0.0,0.0,0.0,0.0,COOPBLU,5280,-120.71,39.28
364,2018-08-16 21:00:00,,,0.0,0.0,0.0,0.0,0.0,COOPBLU,5280,-120.71,39.28
365,2018-08-16 22:00:00,,,0.0,0.0,0.0,0.0,0.0,COOPBLU,5280,-120.71,39.28
366,2018-08-16 23:00:00,,,0.0,0.0,0.0,0.0,0.0,COOPBLU,5280,-120.71,39.28
367,2018-08-17 00:00:00,,,0.0,0.0,0.0,0.0,0.0,COOPBLU,5280,-120.71,39.28
368,2018-08-17 01:00:00,,,0.0,0.0,0.0,0.0,0.0,COOPBLU,5280,-120.71,39.28
369,2018-08-17 02:00:00,,,0.0,0.0,0.0,0.0,0.0,COOPBLU,5280,-120.71,39.28
370,2018-08-17 03:00:00,,,0.0,0.0,0.0,0.0,0.0,COOPBLU,5280,-120.71,39.28
371,2018-08-17 04:00:00,,,0.0,0.0,0.0,0.0,0.0,COOPBLU,5280,-120.71,39.28
372,2018-08-17 05:00:00,,,0.0,0.0,0.0,0.0,0.0,COOPBLU,5280,-120.71,39.28
373,2018-08-17 06:00:00,,,0.0,0.0,0.0,0.0,0.0,COOPBLU,5280,-120.71,39.28
374,2018-08-17 07:00:00,,,0.0,0.0,0.0,0.0,0.0,COOPBLU,5280,-120.71,39.28
375,2018-08-17 08:00:00,,,0.0,0.0,0.0,0.0,0.0,COOPBLU,5280,-120.71,39.28
376,2018-08-17 09:00:00,,,0.0,0.0,0.0,0.0,0.0,COOPBLU,5280,-120.71,39.28
377,2018-08-17 10:00:00,,,0.0,0.0,0.0,0.0,0.0,COOPBLU,5280,-120.71,39.28
378,2018-08-17 11:00:00,,,0.0,0.0,0.0,0.0,0.0,COOPBLU,5280,-120.71,39.28
379,2018-08-17 12:00:00,,,0.0,0.0,0.0,0.0,0.0,COOPBLU,5280,-120.71,39.28
380,2018-08-17 13:00:00,,,0.0,0.0,0.0,0.0,0.0,COOPBLU,5280,-120.71,39.28
381,2018-08-17 14:00:00,,,0.0,0.0,0.0,0.0,0.0,COOPBLU,5280,-120.71,39.28
382,2018-08-17 15:00:00,,,0.0,0.0,0.0,0.0,0.0,COOPBLU,5280,-120.71,39.28
383,2018-08-17 16:00:00,,,0.0,0.0,0.0,0.0,0.0,COOPBLU,5280,-120.71,39.28
384,2018-08-17 17:00:00,,,0.0,0.0,0.0,0.0,0.0,COOPBLU,5280,-120.71,39.28
385,2018-08-17 18:00:00,,,0.0,0.0,0.0,0.0,0.0,COOPBLU,5280,-120.71,39.28
386,2018-08-17 19:00:00,,,0.0,0.0,0.0,0.0,0.0,COOPBLU,5280,-120.71,39.28
387,2018-08-17 20:00:00,,,0.0,0.0,0.0,0.0,0.0,COOPBLU,5280,-120.71,39.28
388,2018-08-17 21:00:00,,,0.0,0.0,0.0,0.0,0.0,COOPBLU,5280,-120.71,39.28
389,2018-08-17 22:00:00,,,0.0,0.0,0.0,0.0,0.0,COOPBLU,5280,-120.71,39.28
390,2018-08-17 23:00:00,,,0.0,0.0,0.0,0.0,0.0,COOPBLU,5280,-120.71,39.28
391,2018-08-18 00:00:00,,,0.0,0.0,0.0,0.0,0.0,COOPBLU,5280,-120.71,39.28
392,2018-08-18 01:00:00,,,0.0,0.0,0.0,0.0,0.0,COOPBLU,5280,-120.71,39.28
393,2018-08-18 02:00:00,,,0.0,0.0,0.0,0.0,0.0,COOPBLU,5280,-120.71,39.28
394,2018-08-18 03:00:00,,,0.0,0.0,0.0,0.0,0.0,COOPBLU,5280,-120.71,39.28
395,2018-08-18 04:00:00,,,0.0,0.0,0.0,0.0,0.0,COOPBLU,5280,-120.71,39.28
396,2018-08-18 05:00:00,,,0.0,0.0,0.0,0.0,0.0,COOPBLU,5280,-120.71,39.28
397,2018-08-18 06:00:00,,,0.0,0.0,0.0,0.0,0.0,COOPBLU,5280,-120.71,39.28
398,2018-08-18 07:00:00,,,0.0,0.0,0.0,0.0,0.0,COOPBLU,5280,-120.71,39.28
399,2018-08-18 08:00:00,,,0.0,0.0,0.0,0.0,0.0,COOPBLU,5280,-120.71,39.28
400,2018-08-18 09:00:00,,,0.0,0.0,0.0,0.0,0.0,COOPBLU,5280,-120.71,39.28
401,2018-08-18 10:00:00,,,0.0,0.0,0.0,0.0,0.0,COOPBLU,5280,-120.71,39.28
402,2018-08-18 11:00:00,,,0.0,0.0,0.0,0.0,0.0,COOPBLU,5280,-120.71,39.28
403,2018-08-18 12:00:00,,,0.0,0.0,0.0,0.0,0.0,COOPBLU,5280,-120.71,39.28
404,2018-08-18 13:00:00,,,0.0,0.0,0.0,0.0,0.0,COOPBLU,5280,-120.71,39.28
405,2018-08-18 14:00:00,,,0.0,0.0,0.0,0.0,0.0,COOPBLU,5280,-120.71,39.28
406,2018-08-18 15:00:00,,,0.0,0.0,0.0,0.0,0.0,COOPBLU,5280,-120.71,39.28
407,2018-08-18 16:00:00,,,0.0,0.0,0.0,0.0,0.0,COOPBLU,5280,-120.71,39.28
408,2018-08-18 17:00:00,,,0.0,0.0,0.0,0.0,0.0,COOPBLU,5280,-120.71,39.28
409,2018-08-18 18:00:00,,,0.0,0.0,0.0,0.0,0.0,COOPBLU,5280,-120.71,39.28
410,2018-08-18 19:00:00,,,0.0,0.0,0.0,0.0,0.0,COOPBLU,5280,-120.71,39.28
411,2018-08-18 20:00:00,,,0.0,0.0,0.0,0.0,0.0,COOPBLU,5280,-120.71,39.28
412,2018-08-18 21:00:00,,,0.0,0.0,0.0,0.0,0.0,COOPBLU,5280,-120.71,39.28
413,2018-08-18 22:00:00,,,0.0,0.0,0.0,0.0,0.0,COOPBLU,5280,-120.71,39.28
414,2018-08-18 23:00:00,,,0.0,0.0,0.0,0.0,0.0,COOPBLU,5280,-120.71,39.28
415,2018-08-19 00:00:00,,,0.0,0.0,0.0,0.0,0.0,COOPBLU,5280,-120.71,39.28
416,2018-08-19 01:00:00,,,0.0,0.0,0.0,0.0,0.0,COOPBLU,5280,-120.71,39.28
417,2018-08-19 02:00:00,,,0.0,0.0,0.0,0.0,0.0,COOPBLU,5280,-120.71,39.28
418,2018-08-19 03:00:00,,,0.0,0.0,0.0,0.0,0.0,COOPBLU,5280,-120.71,39.28
419,2018-08-19 04:00:00,,,0.0,0.0,0.0,0.0,0.0,COOPBLU,5280,-120.71,39.28
420,2018-08-19 05:00:00,,,0.0,0.0,0.0,0.0,0.0,COOPBLU,5280,-120.71,39.28
421,2018-08-19 06:00:00,,,0.0,0.0,0.0,0.0,0.0,COOPBLU,5280,-120.71,39.28
422,2018-08-19 07:00:00,,,0.0,0.0,0.0,0.0,0.0,COOPBLU,5280,-120.71,39.28
423,2018-08-19 08:00:00,,,0.0,0.0,0.0,0.0,0.0,COOPBLU,5280,-120.71,39.28
424,2018-08-19 09:00:00,,,0.0,0.0,0.0,0.0,0.0,COOPBLU,5280,-120.71,39.28
425,2018-08-19 10:00:00,,,0.0,0.0,0.0,0.0,0.0,COOPBLU,5280,-120.71,39.28
426,2018-08-19 11:00:00,,,0.0,0.0,0.0,0.0,0.0,COOPBLU,5280,-120.71,39.28
427,2018-08-19 12:00:00,,,0.0,0.0,0.0,0.0,0.0,COOPBLU,5280,-120.71,39.28
428,2018-08-19 13:00:00,,,0.0,0.0,0.0,0.0,0.0,COOPBLU,5280,-120.71,39.28
429,2018-08-19 14:00:00,,,0.0,0.0,0.0,0.0,0.0,COOPBLU,5280,-120.71,39.28
430,2018-08-19 15:00:00,,,0.0,0.0,0.0,0.0,0.0,COOPBLU,5280,-120.71,39.28
431,2018-08-19 16:00:00,,,0.0,0.0,0.0,0.0,0.0,COOPBLU,5280,-120.71,39.28
432,2018-08-19 17:00:00,,,0.0,0.0,0.0,0.0,0.0,COOPBLU,5280,-120.71,39.28
433,2018-08-19 18:00:00,,,0.0,0.0,0.0,0.0,0.0,COOPBLU,5280,-120.71,39.28
