,date_time,fuel_moisture_set_1,wind_cardinal_direction_set_1d,wind_gust_set_1,volt_set_1,dew_point_temperature_set_1d,peak_wind_direction_set_1,fuel_temp_set_1,precip_accum_set_1,heat_index_set_1d,wind_direction_set_1,wind_speed_set_1,peak_wind_speed_set_1,solar_radiation_set_1,relative_humidity_set_1,air_temp_set_1,_meta_station_id,_meta_elevation,_meta_longitude,_meta_latitude
0,2018-08-01 00:58:00,3.0,WSW,6.7,13.4,-3.52,219.0,34.44,27.432,27.95,246.0,2.68,6.7,426.0,11.0,30.0,CSZC1,6379,-120.319389, 41.781422
1,2018-08-01 01:58:00,3.1,WSW,7.15,13.2,-2.07,297.0,28.89,27.432,26.48,244.0,2.23,7.15,245.0,14.0,27.78,CSZC1,6379,-120.319389, 41.781422
2,2018-08-01 02:58:00,3.4,WSW,5.37,13.1,0.23,237.0,21.67,27.432,,238.0,1.79,5.37,49.0,21.0,23.89,CSZC1,6379,-120.319389, 41.781422
3,2018-08-01 03:58:00,3.6,SW,4.02,13.1,4.24,230.0,18.89,27.432,,220.0,1.34,4.02,2.0,31.0,22.22,CSZC1,6379,-120.319389, 41.781422
4,2018-08-01 04:58:00,4.0,SW,2.23,13.0,4.69,246.0,13.89,27.432,,220.0,0.9,2.23,0.0,38.0,19.44,CSZC1,6379,-120.319389, 41.781422
5,2018-08-01 05:58:00,4.7,SW,3.13,13.0,3.51,236.0,15.0,27.432,,224.0,1.79,3.13,0.0,35.0,19.44,CSZC1,6379,-120.319389, 41.781422
6,2018-08-01 06:58:00,5.1,SW,3.58,13.0,2.68,222.0,17.22,27.432,,227.0,2.23,3.58,0.0,33.0,19.44,CSZC1,6379,-120.319389, 41.781422
7,2018-08-01 07:58:00,5.2,,3.58,13.0,2.82,229.0,14.44,27.432,,,0.0,3.58,0.0,37.0,17.78,CSZC1,6379,-120.319389, 41.781422
8,2018-08-01 08:58:00,5.5,SW,2.68,13.0,3.57,210.0,12.78,27.432,,219.0,1.34,2.68,0.0,39.0,17.78,CSZC1,6379,-120.319389, 41.781422
9,2018-08-01 09:58:00,5.9,NW,2.23,13.0,3.77,208.0,9.44,27.432,,310.0,0.45,2.23,0.0,44.0,16.11,CSZC1,6379,-120.319389, 41.781422
10,2018-08-01 10:58:00,6.4,W,1.34,13.0,3.7,235.0,8.89,27.432,,263.0,0.45,1.34,0.0,47.0,15.0,CSZC1,6379,-120.319389, 41.781422
11,2018-08-01 11:58:00,6.8,SW,1.79,12.9,3.7,179.0,7.78,27.432,,215.0,0.9,1.79,0.0,47.0,15.0,CSZC1,6379,-120.319389, 41.781422
12,2018-08-01 12:58:00,7.3,WSW,1.79,13.0,2.94,224.0,8.33,27.432,,238.0,0.9,1.79,0.0,43.0,15.56,CSZC1,6379,-120.319389, 41.781422
13,2018-08-01 13:58:00,7.9,WSW,1.34,13.0,3.27,242.0,8.89,27.432,,256.0,0.45,1.34,19.0,44.0,15.56,CSZC1,6379,-120.319389, 41.781422
14,2018-08-01 14:58:00,8.9,SW,2.23,13.1,5.3,227.0,16.11,27.432,,215.0,0.9,2.23,102.0,44.0,17.78,CSZC1,6379,-120.319389, 41.781422
15,2018-08-01 15:58:00,8.0,SW,2.68,13.4,5.9,231.0,27.22,27.432,,219.0,0.9,2.68,295.0,36.0,21.67,CSZC1,6379,-120.319389, 41.781422
16,2018-08-01 16:58:00,6.3,SW,3.13,13.4,5.71,218.0,34.44,27.432,,214.0,1.34,3.13,519.0,31.0,23.89,CSZC1,6379,-120.319389, 41.781422
17,2018-08-01 17:58:00,5.5,SW,4.47,13.3,5.65,233.0,37.78,27.432,,225.0,2.23,4.47,687.0,27.0,26.11,CSZC1,6379,-120.319389, 41.781422
18,2018-08-01 18:58:00,4.4,SW,5.37,13.4,2.1,196.0,41.11,27.432,26.57,232.0,3.13,5.37,825.0,19.0,27.78,CSZC1,6379,-120.319389, 41.781422
19,2018-08-01 19:58:00,3.8,WSW,7.15,13.2,-0.7,205.0,41.67,27.432,26.88,239.0,3.58,7.15,871.0,15.0,28.33,CSZC1,6379,-120.319389, 41.781422
20,2018-08-01 20:58:00,3.4,WSW,9.39,13.1,-1.74,258.0,41.11,27.432,27.7,245.0,4.02,9.39,885.0,13.0,29.44,CSZC1,6379,-120.319389, 41.781422
21,2018-08-01 21:58:00,3.1,WSW,8.94,13.1,-3.9,242.0,42.22,27.432,28.72,240.0,3.58,8.94,865.0,10.0,31.11,CSZC1,6379,-120.319389, 41.781422
22,2018-08-01 22:58:00,2.9,SW,9.39,13.4,-7.21,250.0,40.0,27.432,28.12,236.0,4.02,9.39,788.0,8.0,30.56,CSZC1,6379,-120.319389, 41.781422
23,2018-08-01 23:58:00,2.8,SW,8.49,13.2,-6.13,245.0,37.78,27.432,27.78,233.0,3.58,8.49,626.0,9.0,30.0,CSZC1,6379,-120.319389, 41.781422
24,2018-08-02 00:58:00,2.8,WSW,7.6,13.4,-8.9,229.0,33.33,27.432,26.49,243.0,3.58,7.6,445.0,8.0,28.33,CSZC1,6379,-120.319389, 41.781422
25,2018-08-02 01:58:00,2.9,WSW,6.26,13.2,-6.12,239.0,28.33,27.432,25.68,237.0,2.68,6.26,263.0,11.0,26.67,CSZC1,6379,-120.319389, 41.781422
26,2018-08-02 02:58:00,3.1,WSW,5.81,13.1,-3.55,236.0,20.56,27.432,,242.0,2.23,5.81,51.0,17.0,22.78,CSZC1,6379,-120.319389, 41.781422
27,2018-08-02 03:58:00,3.2,SW,5.37,13.1,0.34,230.0,16.67,27.432,,228.0,1.79,5.37,3.0,26.0,20.56,CSZC1,6379,-120.319389, 41.781422
28,2018-08-02 04:58:00,3.5,SW,2.68,13.0,1.32,232.0,14.44,27.432,,230.0,1.79,2.68,0.0,31.0,18.89,CSZC1,6379,-120.319389, 41.781422
29,2018-08-02 05:58:00,3.8,SW,4.92,13.0,1.7,241.0,15.0,27.432,,226.0,2.23,4.92,0.0,33.0,18.33,CSZC1,6379,-120.319389, 41.781422
30,2018-08-02 06:58:00,4.2,SW,5.81,13.0,3.2,229.0,15.0,27.432,,224.0,3.13,5.81,0.0,38.0,17.78,CSZC1,6379,-120.319389, 41.781422
31,2018-08-02 07:58:00,4.6,SW,5.37,13.0,3.62,233.0,13.33,27.432,,222.0,2.23,5.37,0.0,42.0,16.67,CSZC1,6379,-120.319389, 41.781422
32,2018-08-02 08:58:00,5.0,SW,4.02,13.0,3.27,203.0,11.11,27.432,,220.0,1.34,4.02,0.0,44.0,15.56,CSZC1,6379,-120.319389, 41.781422
33,2018-08-02 09:58:00,5.4,SW,3.58,13.0,3.27,224.0,10.0,27.432,,225.0,1.79,3.58,0.0,44.0,15.56,CSZC1,6379,-120.319389, 41.781422
34,2018-08-02 10:58:00,5.9,SW,2.68,13.0,3.08,233.0,8.89,27.432,,228.0,1.79,2.68,0.0,45.0,15.0,CSZC1,6379,-120.319389, 41.781422
35,2018-08-02 11:58:00,6.2,SW,3.58,12.9,2.76,227.0,10.0,27.432,,226.0,2.23,3.58,0.0,44.0,15.0,CSZC1,6379,-120.319389, 41.781422
36,2018-08-02 12:58:00,6.7,SW,3.13,12.9,4.0,231.0,10.0,27.432,,229.0,2.23,3.13,0.0,48.0,15.0,CSZC1,6379,-120.319389, 41.781422
37,2018-08-02 13:58:00,7.3,SW,3.58,13.0,4.07,242.0,10.56,27.432,,225.0,1.79,3.58,26.0,50.0,14.44,CSZC1,6379,-120.319389, 41.781422
38,2018-08-02 14:58:00,7.8,SW,2.68,13.1,6.13,212.0,17.22,27.432,,231.0,1.34,2.68,121.0,50.0,16.67,CSZC1,6379,-120.319389, 41.781422
39,2018-08-02 15:58:00,6.9,SW,2.68,13.5,5.19,250.0,28.33,27.432,,235.0,1.79,2.68,353.0,38.0,20.0,CSZC1,6379,-120.319389, 41.781422
40,2018-08-02 16:58:00,5.8,SSW,3.13,13.4,5.99,274.0,33.33,27.432,,211.0,1.34,3.13,535.0,35.0,22.22,CSZC1,6379,-120.319389, 41.781422
41,2018-08-02 17:58:00,5.3,WSW,4.02,13.5,4.26,247.0,35.56,27.432,,240.0,1.79,4.02,688.0,29.0,23.33,CSZC1,6379,-120.319389, 41.781422
42,2018-08-02 18:58:00,4.4,SW,6.7,13.6,4.69,252.0,38.33,27.432,,228.0,3.13,6.7,796.0,27.0,25.0,CSZC1,6379,-120.319389, 41.781422
43,2018-08-02 19:58:00,4.3,SW,6.26,13.2,3.85,246.0,40.0,27.432,25.99,234.0,2.68,6.26,870.0,23.0,26.67,CSZC1,6379,-120.319389, 41.781422
44,2018-08-02 20:58:00,3.7,WSW,6.7,13.5,2.81,279.0,40.0,27.432,26.59,255.0,2.68,6.7,875.0,20.0,27.78,CSZC1,6379,-120.319389, 41.781422
45,2018-08-02 21:58:00,3.5,WSW,7.6,13.2,1.01,336.0,40.0,27.432,26.91,240.0,3.13,7.6,843.0,17.0,28.33,CSZC1,6379,-120.319389, 41.781422
46,2018-08-02 22:58:00,3.2,WSW,6.26,13.2,1.47,267.0,38.33,27.432,27.32,243.0,2.23,6.26,743.0,17.0,28.89,CSZC1,6379,-120.319389, 41.781422
47,2018-08-02 23:58:00,3.2,WSW,6.7,13.2,2.81,274.0,35.56,27.432,26.59,256.0,2.68,6.7,594.0,20.0,27.78,CSZC1,6379,-120.319389, 41.781422
48,2018-08-03 00:58:00,3.3,WSW,5.37,13.8,3.22,307.0,31.11,27.432,25.97,250.0,2.68,5.37,410.0,22.0,26.67,CSZC1,6379,-120.319389, 41.781422
49,2018-08-03 01:58:00,3.6,WSW,5.81,13.2,1.49,283.0,25.56,27.432,,241.0,2.23,5.81,227.0,23.0,23.89,CSZC1,6379,-120.319389, 41.781422
50,2018-08-03 02:58:00,3.9,WSW,4.92,13.1,0.81,276.0,18.89,27.432,,246.0,1.34,4.92,45.0,26.0,21.11,CSZC1,6379,-120.319389, 41.781422
51,2018-08-03 03:58:00,4.1,WSW,2.68,13.1,-1.63,271.0,15.0,27.432,,250.0,0.9,2.68,6.0,25.0,18.89,CSZC1,6379,-120.319389, 41.781422
52,2018-08-03 04:58:00,4.2,SSE,3.58,13.0,-2.54,306.0,12.22,27.432,,148.0,0.45,3.58,0.0,26.0,17.22,CSZC1,6379,-120.319389, 41.781422
53,2018-08-03 05:58:00,4.4,ENE,2.23,13.0,-0.05,30.0,9.44,27.432,,69.0,0.9,2.23,0.0,36.0,15.0,CSZC1,6379,-120.319389, 41.781422
54,2018-08-03 06:58:00,4.7,NE,2.23,13.0,-1.42,28.0,8.33,27.432,,49.0,0.9,2.23,0.0,35.0,13.89,CSZC1,6379,-120.319389, 41.781422
55,2018-08-03 07:58:00,5.1,WSW,1.34,13.0,-1.16,42.0,6.67,27.432,,240.0,0.45,1.34,0.0,37.0,13.33,CSZC1,6379,-120.319389, 41.781422
56,2018-08-03 08:58:00,5.4,ENE,1.79,13.0,2.05,72.0,5.56,27.432,,70.0,0.45,1.79,0.0,52.0,11.67,CSZC1,6379,-120.319389, 41.781422
57,2018-08-03 09:58:00,5.8,,1.34,13.0,0.93,64.0,4.44,27.432,,,0.0,1.34,0.0,48.0,11.67,CSZC1,6379,-120.319389, 41.781422
58,2018-08-03 10:58:00,6.1,W,1.79,13.0,2.07,342.0,4.44,27.432,,264.0,0.45,1.79,0.0,54.0,11.11,CSZC1,6379,-120.319389, 41.781422
59,2018-08-03 11:58:00,6.5,ENE,1.34,12.9,1.55,99.0,2.78,27.432,,63.0,0.45,1.34,0.0,54.0,10.56,CSZC1,6379,-120.319389, 41.781422
60,2018-08-03 12:58:00,6.9,,0.9,12.9,-0.38,55.0,2.22,27.432,,,0.0,0.9,0.0,47.0,10.56,CSZC1,6379,-120.319389, 41.781422
61,2018-08-03 13:58:00,7.6,,0.45,12.9,1.8,323.0,4.44,27.432,,,0.0,0.45,24.0,53.0,11.11,CSZC1,6379,-120.319389, 41.781422
62,2018-08-03 14:58:00,8.6,SW,0.9,13.1,2.75,236.0,12.22,27.432,,224.0,0.45,0.9,116.0,49.0,13.33,CSZC1,6379,-120.319389, 41.781422
63,2018-08-03 15:58:00,8.1,SW,1.79,13.5,2.42,228.0,22.22,27.432,,216.0,0.9,1.79,300.0,40.0,16.11,CSZC1,6379,-120.319389, 41.781422
64,2018-08-03 16:58:00,7.0,SW,2.68,13.7,3.2,218.0,27.22,27.432,,221.0,1.79,2.68,489.0,38.0,17.78,CSZC1,6379,-120.319389, 41.781422
65,2018-08-03 17:58:00,6.0,SW,4.02,13.6,1.8,244.0,31.11,27.432,,223.0,1.79,4.02,653.0,31.0,19.44,CSZC1,6379,-120.319389, 41.781422
66,2018-08-03 18:58:00,5.3,W,4.47,13.4,1.33,244.0,33.89,27.432,,260.0,2.23,4.47,787.0,27.0,21.11,CSZC1,6379,-120.319389, 41.781422
67,2018-08-03 19:58:00,4.8,SW,6.7,13.6,1.7,188.0,36.11,27.432,,229.0,2.68,6.7,845.0,25.0,22.78,CSZC1,6379,-120.319389, 41.781422
68,2018-08-03 20:58:00,4.0,WSW,6.7,14.0,-1.87,237.0,36.11,27.432,,244.0,3.13,6.7,849.0,18.0,23.89,CSZC1,6379,-120.319389, 41.781422
69,2018-08-03 21:58:00,3.7,WSW,7.15,13.3,-3.86,219.0,36.11,27.432,,255.0,2.68,7.15,829.0,14.0,25.56,CSZC1,6379,-120.319389, 41.781422
70,2018-08-03 22:58:00,3.4,WSW,6.7,13.9,-5.28,251.0,34.44,27.432,,240.0,2.23,6.7,726.0,13.0,25.0,CSZC1,6379,-120.319389, 41.781422
71,2018-08-03 23:58:00,3.3,W,5.81,13.3,-6.31,257.0,32.22,27.432,,267.0,2.23,5.81,593.0,12.0,25.0,CSZC1,6379,-120.319389, 41.781422
72,2018-08-04 00:58:00,3.3,WSW,5.37,13.4,-5.65,202.0,28.33,27.432,,247.0,2.23,5.37,433.0,14.0,23.33,CSZC1,6379,-120.319389, 41.781422
73,2018-08-04 01:58:00,3.4,WSW,6.26,13.2,-1.64,273.0,23.33,27.432,,237.0,1.79,6.26,232.0,21.0,21.67,CSZC1,6379,-120.319389, 41.781422
74,2018-08-04 02:58:00,3.7,NW,4.02,13.1,-1.63,331.0,17.22,27.432,,306.0,1.34,4.02,52.0,25.0,18.89,CSZC1,6379,-120.319389, 41.781422
75,2018-08-04 03:58:00,3.9,NW,3.13,13.1,-0.19,36.0,13.89,27.432,,326.0,1.34,3.13,3.0,32.0,16.67,CSZC1,6379,-120.319389, 41.781422
76,2018-08-04 04:58:00,4.1,NE,4.92,13.0,-1.56,321.0,12.78,27.432,,49.0,0.9,4.92,0.0,30.0,16.11,CSZC1,6379,-120.319389, 41.781422
77,2018-08-04 05:58:00,4.2,E,2.23,13.0,-0.66,61.0,8.89,27.432,,79.0,0.9,2.23,0.0,37.0,13.89,CSZC1,6379,-120.319389, 41.781422
78,2018-08-04 06:58:00,4.6,SSE,2.23,13.0,-3.2,17.0,6.67,27.432,,159.0,0.45,2.23,0.0,33.0,12.78,CSZC1,6379,-120.319389, 41.781422
79,2018-08-04 07:58:00,4.9,N,0.9,13.0,-2.65,230.0,5.0,27.432,,350.0,0.45,0.9,0.0,37.0,11.67,CSZC1,6379,-120.319389, 41.781422
80,2018-08-04 08:58:00,5.1,SE,1.34,12.9,-0.18,150.0,4.44,27.432,,145.0,0.45,1.34,0.0,46.0,11.11,CSZC1,6379,-120.319389, 41.781422
81,2018-08-04 09:58:00,5.5,SE,1.34,13.0,-0.04,158.0,3.33,27.432,,127.0,0.45,1.34,0.0,50.0,10.0,CSZC1,6379,-120.319389, 41.781422
82,2018-08-04 10:58:00,5.8,SSE,1.34,12.9,-0.09,190.0,3.33,27.432,,153.0,0.45,1.34,0.0,48.0,10.56,CSZC1,6379,-120.319389, 41.781422
83,2018-08-04 11:58:00,6.3,ENE,0.9,12.9,-0.61,79.0,2.22,27.432,,68.0,0.9,0.9,0.0,48.0,10.0,CSZC1,6379,-120.319389, 41.781422
84,2018-08-04 12:58:00,6.8,ENE,1.34,12.9,0.25,88.0,1.67,27.432,,76.0,0.9,1.34,0.0,53.0,9.44,CSZC1,6379,-120.319389, 41.781422
85,2018-08-04 13:58:00,7.5,NE,1.79,13.0,1.02,78.0,3.89,27.432,,56.0,0.9,1.79,22.0,52.0,10.56,CSZC1,6379,-120.319389, 41.781422
86,2018-08-04 14:58:00,8.6,ENE,1.79,13.1,2.25,65.0,13.33,27.432,,62.0,0.9,1.79,126.0,44.0,14.44,CSZC1,6379,-120.319389, 41.781422
87,2018-08-04 15:58:00,7.5,WSW,1.79,13.6,1.22,263.0,25.0,27.432,,250.0,0.9,1.79,341.0,33.0,17.78,CSZC1,6379,-120.319389, 41.781422
88,2018-08-04 16:58:00,6.4,WSW,3.58,13.5,4.28,241.0,27.78,27.432,,238.0,2.23,3.58,515.0,41.0,17.78,CSZC1,6379,-120.319389, 41.781422
89,2018-08-04 17:58:00,5.8,SW,3.58,13.4,1.84,297.0,32.22,27.432,,218.0,2.23,3.58,680.0,30.0,20.0,CSZC1,6379,-120.319389, 41.781422
90,2018-08-04 18:58:00,4.7,WSW,4.92,13.6,2.33,271.0,34.44,27.432,,248.0,2.23,4.92,803.0,28.0,21.67,CSZC1,6379,-120.319389, 41.781422
91,2018-08-04 19:58:00,4.3,W,6.26,13.3,0.65,219.0,36.11,27.432,,259.0,2.23,6.26,862.0,24.0,22.22,CSZC1,6379,-120.319389, 41.781422
92,2018-08-04 20:58:00,4.4,WSW,7.15,13.3,-1.14,204.0,35.56,27.432,,242.0,2.68,7.15,859.0,19.0,23.89,CSZC1,6379,-120.319389, 41.781422
93,2018-08-04 21:58:00,3.9,WSW,9.84,13.4,-1.64,237.0,28.33,27.432,,253.0,2.23,9.84,652.0,21.0,21.67,CSZC1,6379,-120.319389, 41.781422
94,2018-08-04 22:58:00,3.9,WSW,7.15,13.8,-1.34,252.0,25.0,27.432,,239.0,2.68,7.15,366.0,23.0,20.56,CSZC1,6379,-120.319389, 41.781422
95,2018-08-04 23:58:00,3.6,WSW,6.7,13.4,-3.7,235.0,26.67,27.432,,243.0,2.23,6.7,471.0,18.0,21.67,CSZC1,6379,-120.319389, 41.781422
96,2018-08-05 00:58:00,3.8,W,5.81,13.5,-1.48,234.0,25.0,27.432,,276.0,2.23,5.81,329.0,22.0,21.11,CSZC1,6379,-120.319389, 41.781422
97,2018-08-05 01:58:00,4.2,SW,4.47,13.2,-0.57,285.0,18.89,27.432,,233.0,1.79,4.47,81.0,28.0,18.33,CSZC1,6379,-120.319389, 41.781422
98,2018-08-05 02:58:00,4.4,SW,5.37,13.1,-1.05,250.0,17.22,27.432,,234.0,2.23,5.37,52.0,28.0,17.78,CSZC1,6379,-120.319389, 41.781422
99,2018-08-05 03:58:00,4.6,W,4.02,13.1,-1.12,248.0,15.0,27.432,,277.0,1.79,4.02,3.0,31.0,16.11,CSZC1,6379,-120.319389, 41.781422
100,2018-08-05 04:58:00,4.8,NE,6.26,13.1,-1.04,14.0,10.56,27.432,,40.0,1.34,6.26,0.0,36.0,13.89,CSZC1,6379,-120.319389, 41.781422
101,2018-08-05 05:58:00,4.9,ENE,2.68,13.0,-1.29,350.0,7.22,27.432,,70.0,0.9,2.68,0.0,38.0,12.78,CSZC1,6379,-120.319389, 41.781422
102,2018-08-05 06:58:00,5.2,SE,2.23,13.0,-1.09,29.0,5.56,27.432,,138.0,0.45,2.23,0.0,40.0,12.22,CSZC1,6379,-120.319389, 41.781422
103,2018-08-05 07:58:00,5.5,NE,1.79,13.0,-0.48,166.0,4.44,27.432,,56.0,0.45,1.79,0.0,45.0,11.11,CSZC1,6379,-120.319389, 41.781422
104,2018-08-05 08:58:00,5.7,E,1.34,13.0,-1.19,108.0,3.33,27.432,,84.0,0.9,1.34,0.0,46.0,10.0,CSZC1,6379,-120.319389, 41.781422
105,2018-08-05 09:58:00,6.2,E,2.23,12.9,-1.41,120.0,2.78,27.432,,90.0,0.9,2.23,0.0,47.0,9.44,CSZC1,6379,-120.319389, 41.781422
106,2018-08-05 10:58:00,6.5,ENE,2.23,12.9,-1.07,110.0,2.22,27.432,,66.0,1.34,2.23,0.0,50.0,8.89,CSZC1,6379,-120.319389, 41.781422
107,2018-08-05 11:58:00,7.0,ENE,1.79,13.0,-1.12,69.0,2.22,27.432,,73.0,0.9,1.79,0.0,48.0,9.44,CSZC1,6379,-120.319389, 41.781422
108,2018-08-05 12:58:00,7.6,E,2.68,12.9,-0.8,96.0,2.22,27.432,,87.0,1.34,2.68,0.0,51.0,8.89,CSZC1,6379,-120.319389, 41.781422
109,2018-08-05 13:58:00,8.2,ENE,2.68,13.0,1.23,69.0,3.33,27.432,,63.0,1.79,2.68,21.0,59.0,8.89,CSZC1,6379,-120.319389, 41.781422
110,2018-08-05 14:58:00,9.3,ENE,2.68,13.1,2.46,42.0,12.78,27.432,,66.0,1.34,2.68,126.0,48.0,13.33,CSZC1,6379,-120.319389, 41.781422
111,2018-08-05 15:58:00,8.1,ENE,3.58,13.5,3.2,90.0,24.44,27.432,,78.0,1.34,3.58,352.0,38.0,17.78,CSZC1,6379,-120.319389, 41.781422
112,2018-08-05 16:58:00,6.8,WNW,3.13,13.5,3.1,223.0,30.56,27.432,,296.0,1.34,3.13,549.0,34.0,19.44,CSZC1,6379,-120.319389, 41.781422
113,2018-08-05 17:58:00,5.4,WNW,3.58,13.6,2.33,307.0,33.89,27.432,,297.0,1.79,3.58,705.0,29.0,21.11,CSZC1,6379,-120.319389, 41.781422
114,2018-08-05 18:58:00,5.0,W,4.02,13.4,1.76,274.0,36.11,27.432,,265.0,1.79,4.02,842.0,26.0,22.22,CSZC1,6379,-120.319389, 41.781422
115,2018-08-05 19:58:00,4.5,NNW,3.58,13.3,2.17,260.0,37.22,27.432,,347.0,1.34,3.58,861.0,25.0,23.33,CSZC1,6379,-120.319389, 41.781422
116,2018-08-05 20:58:00,4.0,SSW,5.37,13.7,-0.91,219.0,35.56,27.432,,210.0,2.68,5.37,849.0,20.0,23.33,CSZC1,6379,-120.319389, 41.781422
117,2018-08-05 21:58:00,3.6,SW,5.81,13.3,-1.87,242.0,35.56,27.432,,217.0,1.79,5.81,789.0,18.0,23.89,CSZC1,6379,-120.319389, 41.781422
118,2018-08-05 22:58:00,3.5,WSW,4.92,13.5,-1.72,214.0,35.0,27.432,,248.0,2.23,4.92,701.0,17.0,25.0,CSZC1,6379,-120.319389, 41.781422
119,2018-08-05 23:58:00,3.4,WSW,4.47,13.7,-3.4,244.0,33.33,27.432,,251.0,1.34,4.47,586.0,15.0,25.0,CSZC1,6379,-120.319389, 41.781422
120,2018-08-06 00:58:00,3.4,SSW,4.92,13.3,-2.99,245.0,29.44,27.432,,198.0,1.79,4.92,434.0,16.0,24.44,CSZC1,6379,-120.319389, 41.781422
121,2018-08-06 01:58:00,3.5,,3.13,13.2,-3.45,284.0,21.11,27.432,,,0.0,3.13,172.0,19.0,21.11,CSZC1,6379,-120.319389, 41.781422
122,2018-08-06 02:58:00,3.6,ENE,1.34,13.1,-2.03,81.0,15.0,27.432,,57.0,0.9,1.34,54.0,27.0,17.22,CSZC1,6379,-120.319389, 41.781422
123,2018-08-06 03:58:00,3.9,ENE,0.9,13.1,-4.56,48.0,11.11,27.432,,67.0,0.45,0.9,4.0,24.0,16.11,CSZC1,6379,-120.319389, 41.781422
124,2018-08-06 04:58:00,4.2,,1.34,13.0,-5.12,223.0,8.33,27.432,,,0.0,1.34,0.0,23.0,16.11,CSZC1,6379,-120.319389, 41.781422
125,2018-08-06 05:58:00,4.5,SW,4.02,13.0,-2.02,234.0,11.67,27.432,,222.0,2.23,4.02,0.0,29.0,16.11,CSZC1,6379,-120.319389, 41.781422
126,2018-08-06 06:58:00,4.7,SW,4.47,13.0,0.7,202.0,10.0,27.432,,227.0,1.79,4.47,0.0,38.0,15.0,CSZC1,6379,-120.319389, 41.781422
127,2018-08-06 07:58:00,4.9,SW,2.68,13.0,-1.92,281.0,5.56,27.432,,234.0,0.9,2.68,0.0,35.0,13.33,CSZC1,6379,-120.319389, 41.781422
128,2018-08-06 08:58:00,5.2,SW,2.68,13.0,-1.82,224.0,7.22,27.432,,224.0,1.34,2.68,0.0,34.0,13.89,CSZC1,6379,-120.319389, 41.781422
129,2018-08-06 09:58:00,5.5,SSW,2.23,13.0,-0.09,238.0,5.0,27.432,,207.0,0.9,2.23,0.0,43.0,12.22,CSZC1,6379,-120.319389, 41.781422
130,2018-08-06 10:58:00,6.1,SSW,2.68,12.9,2.29,192.0,5.0,27.432,,211.0,1.34,2.68,0.0,51.0,12.22,CSZC1,6379,-120.319389, 41.781422
131,2018-08-06 11:58:00,6.1,W,1.79,12.9,2.59,240.0,3.89,27.432,,267.0,0.45,1.79,0.0,54.0,11.67,CSZC1,6379,-120.319389, 41.781422
132,2018-08-06 12:58:00,6.7,,0.9,12.9,2.58,208.0,3.33,27.432,,,0.0,0.9,0.0,56.0,11.11,CSZC1,6379,-120.319389, 41.781422
133,2018-08-06 13:58:00,7.6,S,0.9,13.0,2.32,225.0,4.44,27.432,,179.0,0.45,0.9,21.0,53.0,11.67,CSZC1,6379,-120.319389, 41.781422
134,2018-08-06 14:58:00,8.8,ENE,2.23,13.1,5.1,41.0,14.44,27.432,,71.0,1.34,2.23,134.0,50.0,15.56,CSZC1,6379,-120.319389, 41.781422
135,2018-08-06 15:58:00,7.4,ENE,3.13,13.6,0.34,85.0,27.22,27.432,,70.0,1.79,3.13,365.0,26.0,20.56,CSZC1,6379,-120.319389, 41.781422
136,2018-08-06 16:58:00,6.1,ENE,3.58,13.4,0.4,65.0,32.78,27.432,,59.0,1.34,3.58,550.0,22.0,23.33,CSZC1,6379,-120.319389, 41.781422
137,2018-08-06 17:58:00,4.8,ENE,4.47,13.3,-0.21,99.0,36.67,27.432,,61.0,1.79,4.47,705.0,19.0,25.0,CSZC1,6379,-120.319389, 41.781422
138,2018-08-06 18:58:00,3.9,W,4.02,13.3,3.97,76.0,40.0,27.432,,263.0,1.34,4.02,818.0,24.0,26.11,CSZC1,6379,-120.319389, 41.781422
139,2018-08-06 19:58:00,3.5,WSW,4.02,13.2,2.35,266.0,41.11,27.432,26.52,239.0,2.23,4.02,860.0,20.0,27.22,CSZC1,6379,-120.319389, 41.781422
140,2018-08-06 20:58:00,3.5,WSW,4.92,13.2,2.1,246.0,40.56,27.432,26.57,244.0,2.23,4.92,854.0,19.0,27.78,CSZC1,6379,-120.319389, 41.781422
141,2018-08-06 21:58:00,3.2,WSW,4.92,13.2,0.18,184.0,40.56,27.432,26.9,241.0,1.79,4.92,816.0,16.0,28.33,CSZC1,6379,-120.319389, 41.781422
142,2018-08-06 22:58:00,3.1,NW,5.81,13.3,-1.18,312.0,38.33,27.432,27.28,320.0,1.79,5.81,701.0,14.0,28.89,CSZC1,6379,-120.319389, 41.781422
143,2018-08-06 23:58:00,3.0,WSW,4.92,13.2,-1.74,242.0,37.22,27.432,27.7,241.0,1.34,4.92,579.0,13.0,29.44,CSZC1,6379,-120.319389, 41.781422
144,2018-08-07 00:58:00,3.0,E,4.47,13.3,-1.63,266.0,32.78,27.432,26.87,88.0,0.9,4.47,394.0,14.0,28.33,CSZC1,6379,-120.319389, 41.781422
145,2018-08-07 01:58:00,3.1,NNW,3.13,13.2,-1.63,231.0,27.22,27.432,,336.0,0.45,3.13,218.0,16.0,26.11,CSZC1,6379,-120.319389, 41.781422
146,2018-08-07 02:58:00,3.3,NE,1.79,13.1,-2.98,22.0,17.78,27.432,,41.0,0.9,1.79,48.0,19.0,21.67,CSZC1,6379,-120.319389, 41.781422
147,2018-08-07 03:58:00,3.6,NE,1.34,13.1,-4.84,74.0,13.33,27.432,,56.0,0.9,1.34,3.0,19.0,19.44,CSZC1,6379,-120.319389, 41.781422
148,2018-08-07 04:58:00,4.0,ENE,2.23,13.0,-3.97,59.0,12.22,27.432,,73.0,0.9,2.23,0.0,21.0,18.89,CSZC1,6379,-120.319389, 41.781422
149,2018-08-07 05:58:00,4.1,W,4.02,13.0,-3.97,55.0,13.89,27.432,,276.0,0.9,4.02,0.0,21.0,18.89,CSZC1,6379,-120.319389, 41.781422
150,2018-08-07 06:58:00,4.1,SSW,2.23,13.0,-4.76,320.0,10.0,27.432,,201.0,0.45,2.23,0.0,22.0,17.22,CSZC1,6379,-120.319389, 41.781422
151,2018-08-07 07:58:00,4.5,SE,1.34,13.0,-3.07,86.0,8.89,27.432,,139.0,0.45,1.34,0.0,25.0,17.22,CSZC1,6379,-120.319389, 41.781422
152,2018-08-07 08:58:00,4.6,SW,1.79,13.0,0.15,274.0,8.33,27.432,,236.0,0.9,1.79,0.0,34.0,16.11,CSZC1,6379,-120.319389, 41.781422
153,2018-08-07 09:58:00,4.8,E,0.9,13.0,-0.83,194.0,6.11,27.432,,95.0,0.45,0.9,0.0,34.0,15.0,CSZC1,6379,-120.319389, 41.781422
154,2018-08-07 10:58:00,5.1,ENE,1.79,13.0,-2.99,70.0,6.11,27.432,,62.0,1.34,1.79,0.0,29.0,15.0,CSZC1,6379,-120.319389, 41.781422
155,2018-08-07 11:58:00,5.4,E,2.68,13.0,-4.97,34.0,6.67,27.432,,80.0,0.9,2.68,0.0,25.0,15.0,CSZC1,6379,-120.319389, 41.781422
156,2018-08-07 12:58:00,5.8,ENE,3.58,12.9,-5.5,88.0,6.11,27.432,,64.0,2.23,3.58,0.0,24.0,15.0,CSZC1,6379,-120.319389, 41.781422
157,2018-08-07 13:58:00,6.4,ENE,4.02,13.0,-3.49,57.0,9.44,27.432,,70.0,2.23,4.02,24.0,26.0,16.11,CSZC1,6379,-120.319389, 41.781422
158,2018-08-07 14:58:00,6.6,ENE,4.02,13.1,-1.07,84.0,17.78,27.432,,74.0,1.79,4.02,121.0,27.0,18.33,CSZC1,6379,-120.319389, 41.781422
159,2018-08-07 15:58:00,6.0,E,5.37,13.4,0.18,70.0,26.11,27.432,,80.0,2.23,5.37,302.0,24.0,21.67,CSZC1,6379,-120.319389, 41.781422
160,2018-08-07 16:58:00,5.1,E,4.92,13.3,1.42,104.0,34.44,27.432,,92.0,1.34,4.92,513.0,20.0,26.11,CSZC1,6379,-120.319389, 41.781422
161,2018-08-07 17:58:00,4.1,SE,5.81,13.3,-2.62,185.0,38.89,27.432,26.86,141.0,1.79,5.81,682.0,13.0,28.33,CSZC1,6379,-120.319389, 41.781422
162,2018-08-07 18:58:00,3.3,SSE,5.37,13.2,-3.95,88.0,41.67,27.432,27.52,148.0,1.79,5.37,804.0,11.0,29.44,CSZC1,6379,-120.319389, 41.781422
163,2018-08-07 19:58:00,3.0,S,6.26,13.2,-3.08,349.0,44.44,27.432,28.38,174.0,1.79,6.26,870.0,11.0,30.56,CSZC1,6379,-120.319389, 41.781422
164,2018-08-07 20:58:00,2.5,N,4.02,13.2,-3.04,146.0,45.0,27.432,29.6,1.0,1.34,4.02,886.0,10.0,32.22,CSZC1,6379,-120.319389, 41.781422
165,2018-08-07 21:58:00,2.6,WNW,5.81,13.2,0.48,334.0,45.0,27.432,29.95,282.0,1.79,5.81,836.0,13.0,32.22,CSZC1,6379,-120.319389, 41.781422
166,2018-08-07 22:58:00,2.5,WSW,4.47,13.1,-1.04,230.0,42.22,27.432,29.37,250.0,1.79,4.47,743.0,12.0,31.67,CSZC1,6379,-120.319389, 41.781422
167,2018-08-07 23:58:00,2.5,NNE,5.81,13.2,-1.04,231.0,39.44,27.432,29.37,18.0,1.34,5.81,593.0,12.0,31.67,CSZC1,6379,-120.319389, 41.781422
168,2018-08-08 00:58:00,2.6,N,4.02,13.4,-1.48,351.0,35.0,27.432,28.91,2.0,0.9,4.02,413.0,12.0,31.11,CSZC1,6379,-120.319389, 41.781422
169,2018-08-08 01:58:00,2.3,NE,2.23,13.2,-1.14,54.0,29.44,27.432,26.49,43.0,0.9,2.23,227.0,15.0,27.78,CSZC1,6379,-120.319389, 41.781422
170,2018-08-08 02:58:00,2.9,ENE,1.79,13.1,-1.87,91.0,20.0,27.432,,59.0,0.45,1.79,49.0,18.0,23.89,CSZC1,6379,-120.319389, 41.781422
171,2018-08-08 03:58:00,3.2,ENE,0.9,13.0,-3.25,69.0,15.56,27.432,,74.0,0.9,0.9,2.0,18.0,22.22,CSZC1,6379,-120.319389, 41.781422
172,2018-08-08 04:58:00,3.5,NE,1.34,13.0,-4.46,63.0,13.33,27.432,,55.0,0.9,1.34,0.0,17.0,21.67,CSZC1,6379,-120.319389, 41.781422
173,2018-08-08 05:58:00,3.7,SW,1.34,13.0,-4.46,235.0,12.22,27.432,,216.0,0.9,1.34,0.0,17.0,21.67,CSZC1,6379,-120.319389, 41.781422
174,2018-08-08 06:58:00,3.9,SSW,1.79,13.0,-3.69,186.0,11.11,27.432,,209.0,0.45,1.79,0.0,20.0,20.0,CSZC1,6379,-120.319389, 41.781422
175,2018-08-08 07:58:00,4.1,W,1.34,13.0,-1.82,237.0,10.0,27.432,,263.0,0.9,1.34,0.0,23.0,20.0,CSZC1,6379,-120.319389, 41.781422
176,2018-08-08 08:58:00,4.3,W,1.34,13.0,-2.19,226.0,8.89,27.432,,278.0,0.9,1.34,0.0,24.0,18.89,CSZC1,6379,-120.319389, 41.781422
177,2018-08-08 09:58:00,4.5,SW,1.79,13.0,-1.58,198.0,9.44,27.432,,233.0,0.9,1.79,0.0,26.0,18.33,CSZC1,6379,-120.319389, 41.781422
178,2018-08-08 10:58:00,4.8,WNW,1.79,13.0,-1.58,198.0,8.33,27.432,,282.0,0.45,1.79,0.0,26.0,18.33,CSZC1,6379,-120.319389, 41.781422
179,2018-08-08 11:58:00,5.1,SSE,1.34,13.0,-3.23,111.0,8.33,27.432,,168.0,0.45,1.34,0.0,23.0,18.33,CSZC1,6379,-120.319389, 41.781422
180,2018-08-08 12:58:00,5.3,SSE,1.34,12.9,-2.11,177.0,8.33,27.432,,156.0,0.45,1.34,0.0,25.0,18.33,CSZC1,6379,-120.319389, 41.781422
181,2018-08-08 13:58:00,5.8,E,1.34,13.0,-2.66,81.0,9.44,27.432,,94.0,0.9,1.34,20.0,24.0,18.33,CSZC1,6379,-120.319389, 41.781422
182,2018-08-08 14:58:00,6.6,ENE,1.79,13.1,-0.4,63.0,18.33,27.432,,58.0,1.34,1.79,128.0,23.0,21.67,CSZC1,6379,-120.319389, 41.781422
183,2018-08-08 15:58:00,5.4,ENE,2.68,13.5,0.25,65.0,31.67,27.432,,57.0,1.34,2.68,346.0,19.0,25.56,CSZC1,6379,-120.319389, 41.781422
184,2018-08-08 16:58:00,4.6,NE,3.13,13.3,2.1,44.0,36.67,27.432,26.57,37.0,1.79,3.13,522.0,19.0,27.78,CSZC1,6379,-120.319389, 41.781422
185,2018-08-08 17:58:00,3.8,WSW,3.13,13.2,6.03,57.0,41.67,27.432,28.31,242.0,1.34,3.13,676.0,22.0,30.0,CSZC1,6379,-120.319389, 41.781422
186,2018-08-08 18:58:00,3.4,WSW,3.58,13.2,7.4,225.0,43.33,27.432,27.98,244.0,1.79,3.58,806.0,25.0,29.44,CSZC1,6379,-120.319389, 41.781422
187,2018-08-08 19:58:00,3.1,W,3.58,13.2,5.6,265.0,44.44,27.432,29.17,259.0,2.23,3.58,860.0,20.0,31.11,CSZC1,6379,-120.319389, 41.781422
188,2018-08-08 20:58:00,2.7,SW,4.02,13.1,2.39,243.0,46.67,27.432,30.95,219.0,1.79,4.02,877.0,14.0,33.33,CSZC1,6379,-120.319389, 41.781422
189,2018-08-08 21:58:00,2.6,WNW,4.92,13.1,1.37,195.0,45.56,27.432,30.92,295.0,1.79,4.92,831.0,13.0,33.33,CSZC1,6379,-120.319389, 41.781422
190,2018-08-08 22:58:00,2.4,W,5.81,13.1,-0.47,242.0,43.33,27.432,31.11,259.0,2.23,5.81,727.0,11.0,33.89,CSZC1,6379,-120.319389, 41.781422
191,2018-08-08 23:58:00,2.4,SW,4.92,13.2,-0.91,249.0,41.67,27.432,30.64,219.0,1.79,4.92,586.0,11.0,33.33,CSZC1,6379,-120.319389, 41.781422
192,2018-08-09 00:58:00,2.5,WSW,4.02,13.2,-1.34,229.0,36.67,27.432,30.17,246.0,0.9,4.02,407.0,11.0,32.78,CSZC1,6379,-120.319389, 41.781422
193,2018-08-09 01:58:00,2.3,SW,4.02,13.1,-0.84,240.0,31.11,27.432,28.57,232.0,1.34,4.02,221.0,13.0,30.56,CSZC1,6379,-120.319389, 41.781422
194,2018-08-09 02:58:00,2.8,SW,5.37,13.1,2.9,253.0,23.33,27.432,,232.0,2.23,5.37,48.0,23.0,25.56,CSZC1,6379,-120.319389, 41.781422
195,2018-08-09 03:58:00,3.1,SW,4.92,13.0,1.01,224.0,20.0,27.432,,232.0,2.68,4.92,2.0,23.0,23.33,CSZC1,6379,-120.319389, 41.781422
196,2018-08-09 04:58:00,3.4,SW,4.92,13.0,0.75,267.0,18.33,27.432,,230.0,2.68,4.92,0.0,25.0,21.67,CSZC1,6379,-120.319389, 41.781422
197,2018-08-09 05:58:00,3.7,SW,4.47,13.0,-0.76,213.0,16.67,27.432,,229.0,2.23,4.47,0.0,24.0,20.56,CSZC1,6379,-120.319389, 41.781422
198,2018-08-09 06:58:00,3.9,SW,3.58,13.0,-2.57,227.0,15.56,27.432,,223.0,1.79,3.58,0.0,21.0,20.56,CSZC1,6379,-120.319389, 41.781422
199,2018-08-09 07:58:00,4.0,SW,4.47,13.0,-1.16,254.0,15.56,27.432,,233.0,2.23,4.47,0.0,25.0,19.44,CSZC1,6379,-120.319389, 41.781422
200,2018-08-09 08:58:00,4.2,SW,4.02,13.0,1.27,223.0,13.89,27.432,,233.0,1.79,4.02,0.0,32.0,18.33,CSZC1,6379,-120.319389, 41.781422
201,2018-08-09 09:58:00,4.4,WSW,3.58,13.0,3.06,239.0,11.67,27.432,,257.0,1.34,3.58,0.0,39.0,17.22,CSZC1,6379,-120.319389, 41.781422
202,2018-08-09 10:58:00,4.8,WSW,2.68,13.0,4.61,220.0,9.44,27.432,,254.0,0.9,2.68,0.0,45.0,16.67,CSZC1,6379,-120.319389, 41.781422
203,2018-08-09 11:58:00,5.1,SE,2.23,13.0,5.02,198.0,8.89,27.432,,145.0,0.45,2.23,0.0,48.0,16.11,CSZC1,6379,-120.319389, 41.781422
204,2018-08-09 12:58:00,5.5,E,1.34,13.0,5.11,75.0,7.78,27.432,,88.0,0.45,1.34,0.0,45.0,17.22,CSZC1,6379,-120.319389, 41.781422
205,2018-08-09 13:58:00,6.2,NE,1.34,13.0,3.42,232.0,10.0,27.432,,55.0,0.9,1.34,20.0,40.0,17.22,CSZC1,6379,-120.319389, 41.781422
206,2018-08-09 14:58:00,7.1,NE,2.23,13.1,6.64,54.0,18.33,27.432,,51.0,1.34,2.23,127.0,42.0,20.0,CSZC1,6379,-120.319389, 41.781422
207,2018-08-09 15:58:00,6.3,ENE,3.58,13.5,7.14,73.0,30.56,27.432,,69.0,2.23,3.58,339.0,32.0,25.0,CSZC1,6379,-120.319389, 41.781422
208,2018-08-09 16:58:00,5.3,ENE,4.47,13.4,7.1,79.0,36.67,27.432,26.81,70.0,1.34,4.47,527.0,27.0,27.78,CSZC1,6379,-120.319389, 41.781422
209,2018-08-09 17:58:00,4.2,WSW,3.58,13.2,7.4,40.0,41.11,27.432,27.98,255.0,1.34,3.58,679.0,25.0,29.44,CSZC1,6379,-120.319389, 41.781422
210,2018-08-09 18:58:00,3.7,WSW,3.58,13.2,9.07,247.0,43.33,27.432,28.13,238.0,1.79,3.58,797.0,28.0,29.44,CSZC1,6379,-120.319389, 41.781422
211,2018-08-09 19:58:00,3.3,WSW,4.47,13.2,8.24,267.0,45.0,27.432,29.38,251.0,1.79,4.47,856.0,24.0,31.11,CSZC1,6379,-120.319389, 41.781422
212,2018-08-09 20:58:00,3.1,NW,4.47,13.2,6.71,251.0,46.11,27.432,31.2,313.0,1.34,4.47,868.0,19.0,33.33,CSZC1,6379,-120.319389, 41.781422
213,2018-08-09 21:58:00,2.7,SW,4.92,13.1,4.72,239.0,45.56,27.432,31.56,235.0,2.23,4.92,819.0,16.0,33.89,CSZC1,6379,-120.319389, 41.781422
214,2018-08-09 22:58:00,2.6,WSW,4.92,13.1,2.7,224.0,45.0,27.432,32.45,255.0,1.79,4.92,723.0,13.0,35.0,CSZC1,6379,-120.319389, 41.781422
215,2018-08-09 23:58:00,2.6,SW,5.81,13.1,0.27,235.0,40.0,27.432,30.77,232.0,2.23,5.81,524.0,12.0,33.33,CSZC1,6379,-120.319389, 41.781422
216,2018-08-10 00:58:00,2.6,W,4.02,13.3,0.27,258.0,36.67,27.432,30.77,264.0,1.79,4.02,373.0,12.0,33.33,CSZC1,6379,-120.319389, 41.781422
217,2018-08-10 01:58:00,2.7,SW,4.02,13.1,1.09,217.0,28.33,27.432,27.72,220.0,0.9,4.02,141.0,16.0,29.44,CSZC1,6379,-120.319389, 41.781422
218,2018-08-10 02:58:00,2.9,SW,4.47,13.1,0.43,244.0,23.33,27.432,25.86,226.0,1.34,4.47,41.0,18.0,26.67,CSZC1,6379,-120.319389, 41.781422
219,2018-08-10 03:58:00,3.3,SW,4.92,13.1,-0.21,230.0,21.11,27.432,,228.0,2.68,4.92,2.0,19.0,25.0,CSZC1,6379,-120.319389, 41.781422
220,2018-08-10 04:58:00,3.6,SW,4.92,13.0,-3.09,282.0,18.89,27.432,,230.0,2.23,4.92,0.0,17.0,23.33,CSZC1,6379,-120.319389, 41.781422
221,2018-08-10 05:58:00,3.6,WSW,4.92,13.0,-6.54,189.0,17.22,27.432,,243.0,1.79,4.92,0.0,14.0,22.22,CSZC1,6379,-120.319389, 41.781422
222,2018-08-10 06:58:00,3.7,SW,4.92,13.0,-4.92,230.0,17.78,27.432,,223.0,2.23,4.92,0.0,17.0,21.11,CSZC1,6379,-120.319389, 41.781422
223,2018-08-10 07:58:00,3.8,SW,5.37,13.0,-3.69,217.0,16.67,27.432,,228.0,2.68,5.37,0.0,20.0,20.0,CSZC1,6379,-120.319389, 41.781422
224,2018-08-10 08:58:00,3.9,WSW,5.37,13.0,-1.72,234.0,15.56,27.432,,238.0,3.13,5.37,0.0,24.0,19.44,CSZC1,6379,-120.319389, 41.781422
225,2018-08-10 09:58:00,4.1,SW,4.47,13.0,-1.58,243.0,14.44,27.432,,235.0,2.23,4.47,0.0,26.0,18.33,CSZC1,6379,-120.319389, 41.781422
226,2018-08-10 10:58:00,4.2,SW,4.92,13.0,-2.06,217.0,13.89,27.432,,233.0,2.68,4.92,0.0,26.0,17.78,CSZC1,6379,-120.319389, 41.781422
227,2018-08-10 11:58:00,4.5,SW,4.02,13.0,-0.59,218.0,12.22,27.432,,224.0,1.79,4.02,0.0,30.0,17.22,CSZC1,6379,-120.319389, 41.781422
228,2018-08-10 12:58:00,4.7,SW,4.47,13.0,-1.06,264.0,12.78,27.432,,235.0,2.23,4.47,0.0,29.0,17.22,CSZC1,6379,-120.319389, 41.781422
229,2018-08-10 13:58:00,4.9,SW,4.02,13.0,-1.06,246.0,13.89,27.432,,234.0,2.23,4.02,22.0,29.0,17.22,CSZC1,6379,-120.319389, 41.781422
230,2018-08-10 14:58:00,5.2,SW,3.58,13.0,-0.57,212.0,18.33,27.432,,225.0,1.79,3.58,108.0,28.0,18.33,CSZC1,6379,-120.319389, 41.781422
231,2018-08-10 15:58:00,4.9,SSW,2.68,13.4,-0.29,229.0,27.78,27.432,,207.0,1.34,2.68,312.0,24.0,21.11,CSZC1,6379,-120.319389, 41.781422
232,2018-08-10 16:58:00,4.2,WSW,3.58,13.3,1.13,223.0,31.67,27.432,,239.0,1.79,3.58,474.0,24.0,22.78,CSZC1,6379,-120.319389, 41.781422
233,2018-08-10 17:58:00,4.1,SW,4.47,13.4,2.55,232.0,35.0,27.432,,234.0,2.23,4.47,615.0,24.0,24.44,CSZC1,6379,-120.319389, 41.781422
234,2018-08-10 18:58:00,3.6,WSW,5.37,13.3,2.1,229.0,38.33,27.432,,239.0,2.68,5.37,780.0,21.0,26.11,CSZC1,6379,-120.319389, 41.781422
235,2018-08-10 19:58:00,3.1,SW,6.26,13.4,3.02,254.0,41.67,27.432,27.35,229.0,2.23,6.26,818.0,19.0,28.89,CSZC1,6379,-120.319389, 41.781422
236,2018-08-10 20:58:00,2.7,WSW,5.81,13.2,0.61,251.0,42.78,27.432,29.03,237.0,2.68,5.81,827.0,14.0,31.11,CSZC1,6379,-120.319389, 41.781422
237,2018-08-10 21:58:00,2.7,WSW,8.05,13.2,0.16,235.0,41.11,27.432,28.58,242.0,3.13,8.05,794.0,14.0,30.56,CSZC1,6379,-120.319389, 41.781422
238,2018-08-10 22:58:00,2.5,SW,8.05,13.1,-2.65,242.0,40.0,27.432,28.81,236.0,3.58,8.05,699.0,11.0,31.11,CSZC1,6379,-120.319389, 41.781422
239,2018-08-10 23:58:00,2.2,SW,9.39,13.2,-5.7,262.0,37.78,27.432,28.2,232.0,4.47,9.39,606.0,9.0,30.56,CSZC1,6379,-120.319389, 41.781422
240,2018-08-11 00:58:00,2.3,WSW,8.49,13.3,-1.74,258.0,32.78,27.432,27.7,239.0,3.13,8.49,397.0,13.0,29.44,CSZC1,6379,-120.319389, 41.781422
241,2018-08-11 01:58:00,2.3,SW,6.7,13.2,-0.73,246.0,27.78,27.432,26.42,236.0,2.68,6.7,213.0,16.0,27.22,CSZC1,6379,-120.319389, 41.781422
242,2018-08-11 02:58:00,2.8,WSW,6.26,13.1,-0.68,233.0,22.22,27.432,,250.0,1.79,6.26,40.0,19.0,24.44,CSZC1,6379,-120.319389, 41.781422
243,2018-08-11 03:58:00,3.1,SW,3.58,13.0,-1.48,223.0,16.11,27.432,,226.0,0.9,3.58,2.0,22.0,21.11,CSZC1,6379,-120.319389, 41.781422
244,2018-08-11 04:58:00,3.4,SW,3.13,13.0,-2.11,205.0,15.0,27.432,,225.0,1.79,3.13,0.0,21.0,21.11,CSZC1,6379,-120.319389, 41.781422
245,2018-08-11 05:58:00,3.6,SW,4.02,13.0,-0.76,234.0,16.67,27.432,,220.0,2.23,4.02,0.0,24.0,20.56,CSZC1,6379,-120.319389, 41.781422
246,2018-08-11 06:58:00,3.8,SW,4.92,13.0,-0.11,226.0,16.11,27.432,,235.0,2.23,4.92,0.0,27.0,19.44,CSZC1,6379,-120.319389, 41.781422
247,2018-08-11 07:58:00,4.0,WSW,3.13,13.0,-0.1,252.0,12.22,27.432,,243.0,1.79,3.13,0.0,30.0,17.78,CSZC1,6379,-120.319389, 41.781422
248,2018-08-11 08:58:00,4.3,WSW,2.68,13.0,-0.59,223.0,10.56,27.432,,253.0,0.9,2.68,0.0,30.0,17.22,CSZC1,6379,-120.319389, 41.781422
249,2018-08-11 09:58:00,4.5,SW,1.79,13.0,-0.63,227.0,8.89,27.432,,233.0,1.34,1.79,0.0,31.0,16.67,CSZC1,6379,-120.319389, 41.781422
250,2018-08-11 10:58:00,4.8,SW,2.23,13.0,-2.03,231.0,10.0,27.432,,224.0,1.34,2.23,0.0,27.0,17.22,CSZC1,6379,-120.319389, 41.781422
251,2018-08-11 11:58:00,5.2,SW,2.23,12.9,-1.55,195.0,10.56,27.432,,229.0,1.34,2.23,0.0,27.0,17.78,CSZC1,6379,-120.319389, 41.781422
252,2018-08-11 12:58:00,5.3,WSW,2.68,12.9,-1.54,230.0,11.11,27.432,,237.0,1.34,2.68,0.0,28.0,17.22,CSZC1,6379,-120.319389, 41.781422
253,2018-08-11 13:58:00,5.7,SW,3.58,13.0,-0.59,230.0,11.67,27.432,,215.0,1.34,3.58,17.0,30.0,17.22,CSZC1,6379,-120.319389, 41.781422
254,2018-08-11 14:58:00,5.7,SW,3.13,13.0,-0.59,238.0,13.89,27.432,,233.0,1.79,3.13,68.0,30.0,17.22,CSZC1,6379,-120.319389, 41.781422
255,2018-08-11 15:58:00,5.5,SW,2.68,13.3,1.84,220.0,26.11,27.432,,228.0,1.79,2.68,278.0,28.0,21.11,CSZC1,6379,-120.319389, 41.781422
256,2018-08-11 16:58:00,5.0,WSW,4.92,13.5,1.7,248.0,31.11,27.432,,238.0,2.23,4.92,429.0,25.0,22.78,CSZC1,6379,-120.319389, 41.781422
257,2018-08-11 17:58:00,4.3,SW,7.6,13.5,1.33,211.0,35.0,27.432,,230.0,3.13,7.6,627.0,22.0,24.44,CSZC1,6379,-120.319389, 41.781422
258,2018-08-11 18:58:00,3.7,SW,8.05,13.2,0.71,233.0,37.78,27.432,,233.0,3.58,8.05,762.0,19.0,26.11,CSZC1,6379,-120.319389, 41.781422
259,2018-08-11 19:58:00,3.2,WSW,8.49,13.2,0.56,231.0,39.44,27.432,26.53,242.0,4.02,8.49,844.0,17.0,27.78,CSZC1,6379,-120.319389, 41.781422
260,2018-08-11 20:58:00,2.8,WSW,10.28,13.3,0.2,239.0,40.56,27.432,27.71,244.0,3.58,10.28,846.0,15.0,29.44,CSZC1,6379,-120.319389, 41.781422
261,2018-08-11 21:58:00,2.7,WSW,9.84,13.3,-1.18,243.0,39.44,27.432,27.28,238.0,4.47,9.84,801.0,14.0,28.89,CSZC1,6379,-120.319389, 41.781422
262,2018-08-11 22:58:00,2.6,WSW,12.52,13.2,-2.17,277.0,37.78,27.432,27.28,241.0,4.92,12.52,715.0,13.0,28.89,CSZC1,6379,-120.319389, 41.781422
263,2018-08-11 23:58:00,2.7,WSW,11.62,13.2,-6.06,238.0,35.0,27.432,26.63,243.0,4.47,11.62,598.0,10.0,28.33,CSZC1,6379,-120.319389, 41.781422
264,2018-08-12 00:58:00,2.7,WSW,9.84,13.5,-6.92,240.0,30.56,27.432,26.26,244.0,4.47,9.84,436.0,10.0,27.22,CSZC1,6379,-120.319389, 41.781422
265,2018-08-12 01:58:00,2.7,WSW,8.05,13.1,-3.9,235.0,23.89,27.432,,240.0,2.68,8.05,216.0,16.0,23.33,CSZC1,6379,-120.319389, 41.781422
266,2018-08-12 02:58:00,3.0,WSW,4.47,13.1,-3.69,215.0,17.78,27.432,,242.0,2.23,4.47,34.0,20.0,20.0,CSZC1,6379,-120.319389, 41.781422
267,2018-08-12 03:58:00,3.1,WSW,4.92,13.1,-4.91,247.0,13.89,27.432,,250.0,0.9,4.92,1.0,21.0,17.78,CSZC1,6379,-120.319389, 41.781422
268,2018-08-12 04:58:00,3.4,SW,3.58,13.0,-3.54,171.0,11.11,27.432,,227.0,1.34,3.58,0.0,25.0,16.67,CSZC1,6379,-120.319389, 41.781422
269,2018-08-12 05:58:00,3.6,SW,3.13,13.0,-2.5,222.0,10.56,27.432,,231.0,1.79,3.13,0.0,27.0,16.67,CSZC1,6379,-120.319389, 41.781422
270,2018-08-12 06:58:00,3.9,WSW,2.68,13.0,-2.15,215.0,8.33,27.432,,254.0,1.34,2.68,0.0,32.0,14.44,CSZC1,6379,-120.319389, 41.781422
271,2018-08-12 07:58:00,4.0,ENE,1.79,13.0,-1.65,216.0,6.11,27.432,,78.0,1.34,1.79,0.0,37.0,12.78,CSZC1,6379,-120.319389, 41.781422
272,2018-08-12 08:58:00,4.2,S,1.79,13.0,-1.59,78.0,5.56,27.432,,184.0,0.45,1.79,0.0,40.0,11.67,CSZC1,6379,-120.319389, 41.781422
273,2018-08-12 09:58:00,4.5,SW,1.34,13.0,-1.29,300.0,5.0,27.432,,221.0,0.9,1.34,0.0,38.0,12.78,CSZC1,6379,-120.319389, 41.781422
274,2018-08-12 10:58:00,4.7,ENE,1.79,12.9,-1.09,230.0,4.44,27.432,,75.0,0.45,1.79,0.0,40.0,12.22,CSZC1,6379,-120.319389, 41.781422
275,2018-08-12 11:58:00,5.0,ENE,1.79,13.0,-0.92,66.0,3.33,27.432,,67.0,1.34,1.79,0.0,42.0,11.67,CSZC1,6379,-120.319389, 41.781422
276,2018-08-12 12:58:00,5.4,ENE,2.23,12.9,0.64,63.0,3.33,27.432,,61.0,1.34,2.23,0.0,47.0,11.67,CSZC1,6379,-120.319389, 41.781422
277,2018-08-12 13:58:00,5.8,ENE,2.23,12.9,1.8,75.0,5.56,27.432,,68.0,1.34,2.23,14.0,53.0,11.11,CSZC1,6379,-120.319389, 41.781422
278,2018-08-12 14:58:00,6.7,ENE,3.13,13.1,3.08,52.0,14.44,27.432,,68.0,1.79,3.13,125.0,45.0,15.0,CSZC1,6379,-120.319389, 41.781422
279,2018-08-12 15:58:00,6.2,E,4.02,13.5,4.57,44.0,25.56,27.432,,81.0,1.79,4.02,344.0,39.0,18.89,CSZC1,6379,-120.319389, 41.781422
280,2018-08-12 16:58:00,5.4,E,4.92,14.1,4.74,60.0,32.78,27.432,,80.0,1.34,4.92,536.0,31.0,22.78,CSZC1,6379,-120.319389, 41.781422
281,2018-08-12 17:58:00,4.4,NE,4.02,13.3,4.21,98.0,37.22,27.432,,41.0,1.79,4.02,694.0,27.0,24.44,CSZC1,6379,-120.319389, 41.781422
282,2018-08-12 18:58:00,3.6,SW,4.92,13.3,2.9,275.0,40.0,27.432,,227.0,2.23,4.92,824.0,23.0,25.56,CSZC1,6379,-120.319389, 41.781422
283,2018-08-12 19:58:00,3.2,SW,5.37,13.3,-2.5,253.0,41.67,27.432,,223.0,2.68,5.37,895.0,15.0,26.11,CSZC1,6379,-120.319389, 41.781422
284,2018-08-12 20:58:00,2.8,WSW,4.92,13.2,0.56,245.0,42.22,27.432,26.53,254.0,1.79,4.92,897.0,17.0,27.78,CSZC1,6379,-120.319389, 41.781422
285,2018-08-12 21:58:00,2.7,SW,6.26,13.3,-1.18,213.0,40.56,27.432,27.28,234.0,3.13,6.26,852.0,14.0,28.89,CSZC1,6379,-120.319389, 41.781422
286,2018-08-12 22:58:00,2.6,WSW,7.6,13.3,-3.24,234.0,39.44,27.432,27.19,253.0,2.23,7.6,753.0,12.0,28.89,CSZC1,6379,-120.319389, 41.781422
287,2018-08-12 23:58:00,2.6,WSW,6.7,13.4,-4.82,264.0,36.67,27.432,26.7,241.0,3.58,6.7,616.0,11.0,28.33,CSZC1,6379,-120.319389, 41.781422
288,2018-08-13 00:58:00,2.7,SW,7.6,13.3,-4.82,243.0,32.22,27.432,26.7,235.0,2.68,7.6,451.0,11.0,28.33,CSZC1,6379,-120.319389, 41.781422
289,2018-08-13 01:58:00,2.7,WSW,5.37,13.2,-4.39,242.0,26.11,27.432,,239.0,2.23,5.37,264.0,13.0,26.11,CSZC1,6379,-120.319389, 41.781422
290,2018-08-13 02:58:00,2.9,WSW,5.81,13.1,-6.98,262.0,18.89,27.432,,243.0,1.79,5.81,34.0,14.0,21.67,CSZC1,6379,-120.319389, 41.781422
291,2018-08-13 03:58:00,3.0,SW,4.47,13.0,-9.26,279.0,15.0,27.432,,227.0,1.79,4.47,1.0,13.0,20.0,CSZC1,6379,-120.319389, 41.781422
292,2018-08-13 04:58:00,3.2,SW,4.02,13.0,-5.76,194.0,13.33,27.432,,226.0,1.79,4.02,0.0,19.0,18.33,CSZC1,6379,-120.319389, 41.781422
293,2018-08-13 05:58:00,3.3,SW,4.92,13.0,-5.55,238.0,14.44,27.432,,229.0,2.68,4.92,0.0,20.0,17.78,CSZC1,6379,-120.319389, 41.781422
294,2018-08-13 06:58:00,3.4,S,4.92,13.0,-4.64,233.0,11.67,27.432,,181.0,0.9,4.92,0.0,23.0,16.67,CSZC1,6379,-120.319389, 41.781422
295,2018-08-13 07:58:00,3.6,SW,2.68,13.0,-5.03,249.0,7.78,27.432,,232.0,1.34,2.68,0.0,24.0,15.56,CSZC1,6379,-120.319389, 41.781422
296,2018-08-13 08:58:00,3.8,SW,3.13,13.0,-5.5,209.0,8.89,27.432,,223.0,1.34,3.13,0.0,24.0,15.0,CSZC1,6379,-120.319389, 41.781422
297,2018-08-13 09:58:00,4.0,SW,3.13,13.0,-5.45,236.0,8.33,27.432,,229.0,1.79,3.13,0.0,25.0,14.44,CSZC1,6379,-120.319389, 41.781422
298,2018-08-13 10:58:00,4.1,SW,2.68,12.9,-5.89,234.0,6.67,27.432,,215.0,0.9,2.68,0.0,26.0,13.33,CSZC1,6379,-120.319389, 41.781422
299,2018-08-13 11:58:00,4.3,ENE,1.79,12.9,-4.92,220.0,5.0,27.432,,58.0,0.9,1.79,0.0,29.0,12.78,CSZC1,6379,-120.319389, 41.781422
300,2018-08-13 12:58:00,4.7,SE,1.34,12.9,-0.93,106.0,4.44,27.432,,141.0,0.45,1.34,0.0,39.0,12.78,CSZC1,6379,-120.319389, 41.781422
301,2018-08-13 13:58:00,4.8,SW,0.9,12.9,-3.62,199.0,5.0,27.432,,216.0,0.9,0.9,17.0,32.0,12.78,CSZC1,6379,-120.319389, 41.781422
302,2018-08-13 14:58:00,5.7,E,0.9,13.1,-0.63,203.0,12.78,27.432,,98.0,0.45,0.9,113.0,31.0,16.67,CSZC1,6379,-120.319389, 41.781422
303,2018-08-13 15:58:00,5.2,SSW,2.23,13.5,0.86,232.0,26.67,27.432,,213.0,1.34,2.23,318.0,27.0,20.56,CSZC1,6379,-120.319389, 41.781422
304,2018-08-13 16:58:00,4.6,S,2.23,13.5,2.29,255.0,31.67,27.432,,183.0,0.9,2.23,495.0,27.0,22.22,CSZC1,6379,-120.319389, 41.781422
305,2018-08-13 17:58:00,3.9,SW,3.58,13.3,3.2,239.0,36.11,27.432,,225.0,1.34,3.58,668.0,26.0,23.89,CSZC1,6379,-120.319389, 41.781422
306,2018-08-13 18:58:00,3.5,SW,4.02,13.3,0.25,233.0,39.44,27.432,,223.0,2.23,4.02,802.0,19.0,25.56,CSZC1,6379,-120.319389, 41.781422
307,2018-08-13 19:58:00,3.0,SW,4.47,13.6,-4.99,217.0,41.11,27.432,25.71,235.0,2.23,4.47,887.0,12.0,26.67,CSZC1,6379,-120.319389, 41.781422
308,2018-08-13 20:58:00,2.6,SW,5.81,13.2,-1.63,198.0,41.67,27.432,26.87,225.0,2.68,5.81,891.0,14.0,28.33,CSZC1,6379,-120.319389, 41.781422
309,2018-08-13 21:58:00,2.4,SW,8.05,13.2,-5.62,242.0,41.11,27.432,27.03,236.0,3.13,8.05,848.0,10.0,28.89,CSZC1,6379,-120.319389, 41.781422
310,2018-08-13 22:58:00,2.4,SW,8.94,13.2,-6.98,203.0,38.89,27.432,26.96,233.0,4.02,8.94,759.0,9.0,28.89,CSZC1,6379,-120.319389, 41.781422
311,2018-08-13 23:58:00,2.1,SW,8.49,13.2,-5.62,221.0,36.67,27.432,27.03,223.0,3.13,8.49,611.0,10.0,28.89,CSZC1,6379,-120.319389, 41.781422
312,2018-08-14 00:58:00,2.3,SW,7.6,13.3,-9.31,237.0,31.67,27.432,26.1,236.0,3.13,7.6,446.0,8.0,27.78,CSZC1,6379,-120.319389, 41.781422
313,2018-08-14 01:58:00,2.2,SW,6.7,13.1,-5.44,239.0,25.0,27.432,,232.0,2.23,6.7,260.0,12.0,26.11,CSZC1,6379,-120.319389, 41.781422
314,2018-08-14 02:58:00,2.3,WSW,5.81,13.1,-8.51,240.0,18.89,27.432,,246.0,1.79,5.81,38.0,12.0,22.22,CSZC1,6379,-120.319389, 41.781422
315,2018-08-14 03:58:00,2.4,SW,4.02,13.1,-8.78,264.0,13.89,27.432,,223.0,1.79,4.02,2.0,14.0,19.44,CSZC1,6379,-120.319389, 41.781422
316,2018-08-14 04:58:00,3.0,SW,3.13,13.0,-8.8,242.0,12.22,27.432,,215.0,1.34,3.13,0.0,15.0,18.33,CSZC1,6379,-120.319389, 41.781422
317,2018-08-14 05:58:00,3.1,SW,3.58,13.0,-9.24,225.0,12.78,27.432,,225.0,1.79,3.58,0.0,15.0,17.78,CSZC1,6379,-120.319389, 41.781422
318,2018-08-14 06:58:00,3.3,SW,3.58,13.0,-9.7,234.0,11.67,27.432,,222.0,1.79,3.58,0.0,15.0,17.22,CSZC1,6379,-120.319389, 41.781422
319,2018-08-14 07:58:00,3.4,SW,4.47,13.0,-8.88,231.0,12.22,27.432,,224.0,2.23,4.47,0.0,16.0,17.22,CSZC1,6379,-120.319389, 41.781422
320,2018-08-14 08:58:00,3.5,SW,4.92,13.0,-7.6,221.0,12.22,27.432,,228.0,2.68,4.92,0.0,19.0,16.11,CSZC1,6379,-120.319389, 41.781422
321,2018-08-14 09:58:00,3.6,SW,5.81,13.0,-5.59,221.0,11.67,27.432,,230.0,2.68,5.81,0.0,23.0,15.56,CSZC1,6379,-120.319389, 41.781422
322,2018-08-14 10:58:00,3.7,SW,4.47,13.0,-4.45,220.0,10.0,27.432,,231.0,1.79,4.47,0.0,26.0,15.0,CSZC1,6379,-120.319389, 41.781422
323,2018-08-14 11:58:00,3.8,SW,3.58,12.9,-3.95,229.0,8.33,27.432,,229.0,1.79,3.58,0.0,28.0,14.44,CSZC1,6379,-120.319389, 41.781422
324,2018-08-14 12:58:00,4.0,,2.23,12.9,-4.11,215.0,3.89,27.432,,,0.0,2.23,0.0,32.0,12.22,CSZC1,6379,-120.319389, 41.781422
325,2018-08-14 13:58:00,4.2,,0.9,12.9,-3.62,70.0,4.44,27.432,,,0.0,0.9,14.0,32.0,12.78,CSZC1,6379,-120.319389, 41.781422
326,2018-08-14 14:58:00,5.1,WSW,1.34,13.1,-1.54,229.0,13.33,27.432,,238.0,0.45,1.34,115.0,29.0,16.67,CSZC1,6379,-120.319389, 41.781422
327,2018-08-14 15:58:00,4.7,SSW,1.79,13.5,-0.87,235.0,27.22,27.432,,204.0,0.9,1.79,316.0,23.0,21.11,CSZC1,6379,-120.319389, 41.781422
328,2018-08-14 16:58:00,4.2,SSW,2.68,13.4,-1.17,220.0,32.22,27.432,,210.0,1.34,2.68,497.0,21.0,22.22,CSZC1,6379,-120.319389, 41.781422
329,2018-08-14 17:58:00,3.4,WSW,3.13,13.3,0.49,228.0,37.78,27.432,,253.0,1.79,3.13,667.0,20.0,25.0,CSZC1,6379,-120.319389, 41.781422
330,2018-08-14 18:58:00,3.1,WSW,4.02,13.7,0.71,241.0,39.44,27.432,,238.0,2.23,4.02,797.0,19.0,26.11,CSZC1,6379,-120.319389, 41.781422
331,2018-08-14 19:58:00,2.6,S,4.92,13.2,-4.56,231.0,41.11,27.432,26.31,189.0,2.23,4.92,863.0,12.0,27.22,CSZC1,6379,-120.319389, 41.781422
332,2018-08-14 20:58:00,2.5,SSW,5.37,13.2,-3.24,239.0,41.67,27.432,27.19,208.0,2.68,5.37,868.0,12.0,28.89,CSZC1,6379,-120.319389, 41.781422
333,2018-08-14 21:58:00,2.3,WSW,6.26,13.2,-3.52,222.0,42.22,27.432,27.95,258.0,1.79,6.26,826.0,11.0,30.0,CSZC1,6379,-120.319389, 41.781422
334,2018-08-14 22:58:00,2.2,WSW,6.26,13.2,-1.29,222.0,40.0,27.432,28.13,245.0,3.13,6.26,732.0,13.0,30.0,CSZC1,6379,-120.319389, 41.781422
335,2018-08-14 23:58:00,2.1,WSW,6.26,13.2,-2.36,227.0,38.33,27.432,28.04,243.0,2.23,6.26,582.0,12.0,30.0,CSZC1,6379,-120.319389, 41.781422
336,2018-08-15 00:58:00,2.5,WSW,5.81,13.5,-2.17,246.0,32.78,27.432,27.28,249.0,2.23,5.81,405.0,13.0,28.89,CSZC1,6379,-120.319389, 41.781422
337,2018-08-15 01:58:00,2.7,WSW,4.47,13.2,-1.6,241.0,26.11,27.432,26.39,242.0,1.79,4.47,229.0,15.0,27.22,CSZC1,6379,-120.319389, 41.781422
338,2018-08-15 02:58:00,2.9,SW,4.47,13.1,-0.91,226.0,20.0,27.432,,219.0,0.9,4.47,34.0,20.0,23.33,CSZC1,6379,-120.319389, 41.781422
339,2018-08-15 03:58:00,3.2,SW,3.58,13.1,-2.29,244.0,16.67,27.432,,233.0,0.9,3.58,1.0,20.0,21.67,CSZC1,6379,-120.319389, 41.781422
340,2018-08-15 04:58:00,3.4,SW,3.58,13.0,-1.82,274.0,15.0,27.432,,228.0,1.34,3.58,0.0,23.0,20.0,CSZC1,6379,-120.319389, 41.781422
341,2018-08-15 05:58:00,3.6,SW,3.13,13.0,-2.42,227.0,16.11,27.432,,228.0,1.79,3.13,0.0,22.0,20.0,CSZC1,6379,-120.319389, 41.781422
342,2018-08-15 06:58:00,3.8,SW,4.92,13.0,-2.89,217.0,15.56,27.432,,228.0,2.68,4.92,0.0,22.0,19.44,CSZC1,6379,-120.319389, 41.781422
343,2018-08-15 07:58:00,3.9,SW,4.92,13.0,-4.44,221.0,15.0,27.432,,225.0,2.23,4.92,0.0,21.0,18.33,CSZC1,6379,-120.319389, 41.781422
344,2018-08-15 08:58:00,4.1,SW,4.02,13.0,-4.44,238.0,14.44,27.432,,232.0,1.79,4.02,0.0,21.0,18.33,CSZC1,6379,-120.319389, 41.781422
345,2018-08-15 09:58:00,4.2,WSW,4.02,13.0,-4.29,239.0,14.44,27.432,,244.0,1.79,4.02,0.0,22.0,17.78,CSZC1,6379,-120.319389, 41.781422
346,2018-08-15 10:58:00,4.3,WSW,2.68,13.0,-3.61,241.0,13.33,27.432,,243.0,0.45,2.68,0.0,24.0,17.22,CSZC1,6379,-120.319389, 41.781422
347,2018-08-15 11:58:00,4.5,NW,2.23,13.0,-3.61,241.0,12.78,27.432,,321.0,0.45,2.23,0.0,24.0,17.22,CSZC1,6379,-120.319389, 41.781422
348,2018-08-15 12:58:00,4.6,WNW,0.9,13.0,-3.54,318.0,11.11,27.432,,296.0,0.45,0.9,0.0,25.0,16.67,CSZC1,6379,-120.319389, 41.781422
349,2018-08-15 13:58:00,4.8,,0.9,13.0,-2.5,231.0,12.78,27.432,,,0.0,0.9,7.0,27.0,16.67,CSZC1,6379,-120.319389, 41.781422
350,2018-08-15 14:58:00,5.2,SW,1.79,13.1,-1.05,228.0,17.22,27.432,,216.0,0.9,1.79,76.0,28.0,17.78,CSZC1,6379,-120.319389, 41.781422
351,2018-08-15 15:58:00,5.0,WSW,3.13,13.3,-1.24,236.0,24.44,27.432,,237.0,1.79,3.13,211.0,24.0,20.0,CSZC1,6379,-120.319389, 41.781422
352,2018-08-15 16:58:00,4.9,NNE,3.13,13.3,1.84,215.0,22.78,27.432,,13.0,0.9,3.13,185.0,30.0,20.0,CSZC1,6379,-120.319389, 41.781422
353,2018-08-15 17:58:00,4.7,E,3.58,13.4,1.36,284.0,24.44,27.432,,86.0,0.9,3.58,257.0,28.0,20.56,CSZC1,6379,-120.319389, 41.781422
354,2018-08-15 18:58:00,4.7,NNE,1.79,13.3,3.27,125.0,22.78,27.432,,21.0,0.45,1.79,155.0,31.0,21.11,CSZC1,6379,-120.319389, 41.781422
355,2018-08-15 19:58:00,5.2,ENE,6.26,13.5,5.69,98.0,21.11,27.432,,65.0,3.13,6.26,125.0,38.0,20.56,CSZC1,6379,-120.319389, 41.781422
356,2018-08-15 20:58:00,5.1,E,6.26,13.5,5.24,88.0,28.89,27.432,,83.0,2.23,6.26,343.0,30.0,23.89,CSZC1,6379,-120.319389, 41.781422
357,2018-08-15 21:58:00,4.7,E,5.37,13.3,4.79,117.0,37.78,27.432,26.68,83.0,2.23,5.37,622.0,23.0,27.78,CSZC1,6379,-120.319389, 41.781422
358,2018-08-15 22:58:00,3.6,E,5.81,13.3,4.16,112.0,37.78,27.432,26.65,90.0,2.23,5.81,748.0,22.0,27.78,CSZC1,6379,-120.319389, 41.781422
359,2018-08-15 23:58:00,3.4,ENE,6.26,13.2,3.03,72.0,36.11,27.432,26.55,78.0,1.79,6.26,585.0,21.0,27.22,CSZC1,6379,-120.319389, 41.781422
360,2018-08-16 00:58:00,3.8,ENE,4.47,13.3,3.97,39.0,29.44,27.432,,76.0,1.34,4.47,276.0,24.0,26.11,CSZC1,6379,-120.319389, 41.781422
361,2018-08-16 01:58:00,3.9,ENE,2.68,13.1,4.26,51.0,21.67,27.432,,70.0,0.45,2.68,127.0,29.0,23.33,CSZC1,6379,-120.319389, 41.781422
362,2018-08-16 02:58:00,4.3,E,1.34,13.1,3.18,97.0,15.56,27.432,,85.0,0.9,1.34,17.0,33.0,20.0,CSZC1,6379,-120.319389, 41.781422
363,2018-08-16 03:58:00,4.7,ENE,1.34,13.0,2.2,67.0,12.78,27.432,,76.0,0.9,1.34,1.0,33.0,18.89,CSZC1,6379,-120.319389, 41.781422
364,2018-08-16 04:58:00,5.3,SSW,3.58,13.0,2.2,197.0,13.89,27.432,,210.0,1.79,3.58,0.0,33.0,18.89,CSZC1,6379,-120.319389, 41.781422
365,2018-08-16 05:58:00,5.6,SW,4.47,13.0,0.4,237.0,14.44,27.432,,230.0,1.79,4.47,0.0,29.0,18.89,CSZC1,6379,-120.319389, 41.781422
366,2018-08-16 06:58:00,5.8,SW,3.58,13.0,-2.06,236.0,13.33,27.432,,217.0,1.79,3.58,0.0,26.0,17.78,CSZC1,6379,-120.319389, 41.781422
367,2018-08-16 07:58:00,5.8,SW,4.02,13.0,-3.61,235.0,13.33,27.432,,222.0,2.23,4.02,0.0,24.0,17.22,CSZC1,6379,-120.319389, 41.781422
368,2018-08-16 08:58:00,5.7,WSW,4.02,12.9,-4.64,249.0,11.67,27.432,,239.0,1.79,4.02,0.0,23.0,16.67,CSZC1,6379,-120.319389, 41.781422
369,2018-08-16 09:58:00,5.6,SSW,3.13,13.0,-3.95,204.0,8.33,27.432,,200.0,0.45,3.13,0.0,27.0,15.0,CSZC1,6379,-120.319389, 41.781422
370,2018-08-16 10:58:00,5.9,SW,0.9,12.9,-3.48,306.0,6.67,27.432,,220.0,0.45,0.9,0.0,29.0,14.44,CSZC1,6379,-120.319389, 41.781422
371,2018-08-16 11:58:00,6.1,WSW,0.9,12.9,-3.02,270.0,6.11,27.432,,257.0,0.45,0.9,0.0,30.0,14.44,CSZC1,6379,-120.319389, 41.781422
372,2018-08-16 12:58:00,6.3,WSW,0.9,12.9,-2.72,231.0,5.56,27.432,,249.0,0.45,0.9,0.0,33.0,13.33,CSZC1,6379,-120.319389, 41.781422
373,2018-08-16 13:58:00,6.9,NW,0.9,13.0,0.2,349.0,6.67,27.432,,321.0,0.45,0.9,14.0,38.0,14.44,CSZC1,6379,-120.319389, 41.781422
374,2018-08-16 14:58:00,7.6,NW,0.9,13.1,0.29,281.0,14.44,27.432,,307.0,0.45,0.9,104.0,32.0,17.22,CSZC1,6379,-120.319389, 41.781422
375,2018-08-16 15:58:00,6.3,WSW,1.79,13.5,1.84,263.0,28.89,27.432,,256.0,1.34,1.79,322.0,28.0,21.11,CSZC1,6379,-120.319389, 41.781422
376,2018-08-16 16:58:00,5.0,SW,3.13,13.4,2.17,242.0,35.0,27.432,,219.0,1.79,3.13,527.0,25.0,23.33,CSZC1,6379,-120.319389, 41.781422
377,2018-08-16 17:58:00,4.3,SW,6.26,13.3,3.12,213.0,37.22,27.432,,229.0,2.68,6.26,686.0,25.0,24.44,CSZC1,6379,-120.319389, 41.781422
378,2018-08-16 18:58:00,3.9,SW,6.26,13.2,3.68,231.0,40.56,27.432,26.57,220.0,2.68,6.26,814.0,22.0,27.22,CSZC1,6379,-120.319389, 41.781422
379,2018-08-16 19:58:00,3.3,SW,8.49,13.3,3.03,225.0,41.11,27.432,26.55,222.0,3.58,8.49,879.0,21.0,27.22,CSZC1,6379,-120.319389, 41.781422
380,2018-08-16 20:58:00,3.2,SW,7.15,13.2,3.74,260.0,42.22,27.432,27.38,216.0,2.68,7.15,884.0,20.0,28.89,CSZC1,6379,-120.319389, 41.781422
381,2018-08-16 21:58:00,3.1,SW,7.6,13.2,3.48,211.0,41.67,27.432,27.77,235.0,2.68,7.6,809.0,19.0,29.44,CSZC1,6379,-120.319389, 41.781422
382,2018-08-16 22:58:00,2.9,SW,7.15,13.2,3.5,267.0,36.11,27.432,26.62,236.0,2.23,7.15,587.0,21.0,27.78,CSZC1,6379,-120.319389, 41.781422
383,2018-08-16 23:58:00,3.4,WSW,4.92,13.4,3.5,273.0,28.33,27.432,,245.0,1.79,4.92,177.0,24.0,25.56,CSZC1,6379,-120.319389, 41.781422
384,2018-08-17 00:58:00,3.5,WSW,8.49,13.5,3.85,202.0,30.56,27.432,25.99,241.0,3.13,8.49,368.0,23.0,26.67,CSZC1,6379,-120.319389, 41.781422
385,2018-08-17 01:58:00,3.7,WSW,8.05,13.2,-0.07,244.0,23.33,27.432,,241.0,3.13,8.05,176.0,22.0,22.78,CSZC1,6379,-120.319389, 41.781422
386,2018-08-17 02:58:00,3.9,WSW,7.15,13.1,-10.48,240.0,19.44,27.432,,241.0,3.58,7.15,23.0,11.0,21.11,CSZC1,6379,-120.319389, 41.781422
387,2018-08-17 03:58:00,3.9,SW,6.26,13.0,-8.34,241.0,16.11,27.432,,232.0,2.23,6.26,1.0,15.0,18.89,CSZC1,6379,-120.319389, 41.781422
388,2018-08-17 04:58:00,4.0,SW,4.92,13.0,-5.76,267.0,15.56,27.432,,234.0,2.68,4.92,0.0,19.0,18.33,CSZC1,6379,-120.319389, 41.781422
389,2018-08-17 05:58:00,4.0,SW,6.26,13.0,-5.38,216.0,14.44,27.432,,232.0,2.23,6.26,0.0,21.0,17.22,CSZC1,6379,-120.319389, 41.781422
390,2018-08-17 06:58:00,4.1,SW,4.92,13.0,-4.64,235.0,13.33,27.432,,231.0,1.79,4.92,0.0,23.0,16.67,CSZC1,6379,-120.319389, 41.781422
391,2018-08-17 07:58:00,4.3,SW,3.58,13.0,-3.49,255.0,13.33,27.432,,228.0,1.79,3.58,0.0,26.0,16.11,CSZC1,6379,-120.319389, 41.781422
392,2018-08-17 08:58:00,4.3,SW,2.68,13.0,-0.05,235.0,11.11,27.432,,223.0,0.9,2.68,0.0,36.0,15.0,CSZC1,6379,-120.319389, 41.781422
393,2018-08-17 09:58:00,4.6,SW,2.68,13.0,0.42,205.0,10.0,27.432,,222.0,1.34,2.68,0.0,40.0,13.89,CSZC1,6379,-120.319389, 41.781422
394,2018-08-17 10:58:00,5.0,SW,2.23,13.0,1.86,218.0,7.78,27.432,,217.0,1.34,2.23,0.0,46.0,13.33,CSZC1,6379,-120.319389, 41.781422
395,2018-08-17 11:58:00,5.3,SW,2.68,13.0,4.15,198.0,7.22,27.432,,217.0,1.34,2.68,0.0,56.0,12.78,CSZC1,6379,-120.319389, 41.781422
396,2018-08-17 12:58:00,5.6,SW,1.79,13.0,5.37,238.0,4.44,27.432,,227.0,0.45,1.79,0.0,68.0,11.11,CSZC1,6379,-120.319389, 41.781422
397,2018-08-17 13:58:00,6.4,SW,1.34,13.0,5.25,211.0,5.0,27.432,,230.0,0.45,1.34,12.0,65.0,11.67,CSZC1,6379,-120.319389, 41.781422
398,2018-08-17 14:58:00,7.5,SW,1.34,13.0,6.23,232.0,11.67,27.432,,221.0,0.45,1.34,88.0,56.0,15.0,CSZC1,6379,-120.319389, 41.781422
399,2018-08-17 15:58:00,7.2,SW,2.68,13.5,6.31,212.0,24.44,27.432,,220.0,1.34,2.68,281.0,44.0,18.89,CSZC1,6379,-120.319389, 41.781422
400,2018-08-17 16:58:00,6.4,SW,4.02,14.1,5.69,234.0,28.89,27.432,,233.0,1.79,4.02,453.0,38.0,20.56,CSZC1,6379,-120.319389, 41.781422
401,2018-08-17 17:58:00,5.6,SW,4.02,13.6,5.14,221.0,32.78,27.432,,234.0,1.79,4.02,607.0,33.0,22.22,CSZC1,6379,-120.319389, 41.781422
402,2018-08-17 18:58:00,4.9,SW,4.47,13.3,2.08,178.0,36.11,27.432,,234.0,1.79,4.47,744.0,24.0,23.89,CSZC1,6379,-120.319389, 41.781422
403,2018-08-17 19:58:00,4.1,WSW,5.81,13.3,-0.49,278.0,38.33,27.432,,250.0,2.23,5.81,814.0,18.0,25.56,CSZC1,6379,-120.319389, 41.781422
404,2018-08-17 20:58:00,3.5,WSW,7.15,13.2,-2.04,171.0,38.33,27.432,25.78,238.0,3.13,7.15,826.0,15.0,26.67,CSZC1,6379,-120.319389, 41.781422
405,2018-08-17 21:58:00,3.4,WSW,6.7,13.5,-1.17,265.0,36.11,27.432,25.81,241.0,2.68,6.7,733.0,16.0,26.67,CSZC1,6379,-120.319389, 41.781422
406,2018-08-17 22:58:00,3.3,SW,5.37,13.2,-2.04,225.0,34.44,27.432,25.78,230.0,1.79,5.37,577.0,15.0,26.67,CSZC1,6379,-120.319389, 41.781422
407,2018-08-17 23:58:00,3.1,WSW,5.81,13.4,-2.96,236.0,32.22,27.432,25.76,255.0,1.79,5.81,468.0,14.0,26.67,CSZC1,6379,-120.319389, 41.781422
408,2018-08-18 00:58:00,3.3,W,3.58,13.5,-2.5,337.0,28.89,27.432,,276.0,1.34,3.58,341.0,15.0,26.11,CSZC1,6379,-120.319389, 41.781422
409,2018-08-18 01:58:00,3.4,NE,3.58,13.2,-3.9,316.0,21.67,27.432,,40.0,0.9,3.58,159.0,16.0,23.33,CSZC1,6379,-120.319389, 41.781422
410,2018-08-18 02:58:00,3.5,NE,3.13,13.1,-3.97,63.0,15.56,27.432,,42.0,1.34,3.13,31.0,21.0,18.89,CSZC1,6379,-120.319389, 41.781422
411,2018-08-18 03:58:00,3.7,ENE,3.13,13.1,-3.7,38.0,12.22,27.432,,62.0,0.9,3.13,0.0,23.0,17.78,CSZC1,6379,-120.319389, 41.781422
412,2018-08-18 04:58:00,3.9,E,2.23,13.0,-3.7,31.0,10.56,27.432,,83.0,0.9,2.23,0.0,23.0,17.78,CSZC1,6379,-120.319389, 41.781422
413,2018-08-18 05:58:00,4.1,NE,3.58,13.0,-2.5,25.0,11.11,27.432,,48.0,0.9,3.58,0.0,27.0,16.67,CSZC1,6379,-120.319389, 41.781422
414,2018-08-18 06:58:00,4.3,SSW,1.79,13.0,-2.99,79.0,8.33,27.432,,202.0,0.45,1.79,0.0,29.0,15.0,CSZC1,6379,-120.319389, 41.781422
415,2018-08-18 07:58:00,4.4,S,2.68,13.0,-3.49,23.0,8.33,27.432,,169.0,0.45,2.68,0.0,26.0,16.11,CSZC1,6379,-120.319389, 41.781422
416,2018-08-18 08:58:00,4.7,WSW,1.79,13.0,-3.48,187.0,6.67,27.432,,244.0,0.45,1.79,0.0,29.0,14.44,CSZC1,6379,-120.319389, 41.781422
417,2018-08-18 09:58:00,4.9,W,1.79,13.0,-1.92,187.0,5.0,27.432,,261.0,0.45,1.79,0.0,35.0,13.33,CSZC1,6379,-120.319389, 41.781422
418,2018-08-18 10:58:00,5.2,SSW,0.9,12.9,-2.31,80.0,3.89,27.432,,194.0,0.45,0.9,0.0,34.0,13.33,CSZC1,6379,-120.319389, 41.781422
419,2018-08-18 11:58:00,5.5,,0.9,12.9,-2.31,227.0,4.44,27.432,,,0.0,0.9,0.0,34.0,13.33,CSZC1,6379,-120.319389, 41.781422
420,2018-08-18 12:58:00,5.7,SSE,1.34,12.9,-2.72,212.0,4.44,27.432,,151.0,0.45,1.34,0.0,33.0,13.33,CSZC1,6379,-120.319389, 41.781422
421,2018-08-18 13:58:00,6.1,,1.34,12.9,-1.92,187.0,5.0,27.432,,,0.0,1.34,14.0,35.0,13.33,CSZC1,6379,-120.319389, 41.781422
422,2018-08-18 14:58:00,6.9,ENE,0.9,13.0,-0.1,101.0,12.78,27.432,,71.0,0.45,0.9,111.0,30.0,17.78,CSZC1,6379,-120.319389, 41.781422
423,2018-08-18 15:58:00,6.2,S,0.9,13.5,-0.4,229.0,27.78,27.432,,186.0,0.45,0.9,309.0,23.0,21.67,CSZC1,6379,-120.319389, 41.781422
424,2018-08-18 16:58:00,4.8,WSW,2.68,13.4,0.54,217.0,32.78,27.432,,253.0,1.34,2.68,493.0,23.0,22.78,CSZC1,6379,-120.319389, 41.781422
425,2018-08-18 17:58:00,4.4,SW,3.13,13.4,0.02,226.0,36.11,27.432,,235.0,1.79,3.13,637.0,20.0,24.44,CSZC1,6379,-120.319389, 41.781422
426,2018-08-18 18:58:00,3.9,WSW,4.02,13.3,-0.21,268.0,37.78,27.432,,253.0,1.79,4.02,761.0,19.0,25.0,CSZC1,6379,-120.319389, 41.781422
427,2018-08-18 19:58:00,3.5,SSW,5.37,13.4,-1.17,187.0,40.56,27.432,25.81,209.0,2.23,5.37,834.0,16.0,26.67,CSZC1,6379,-120.319389, 41.781422
428,2018-08-18 20:58:00,3.0,WSW,5.37,13.2,-2.07,233.0,40.56,27.432,26.48,237.0,2.23,5.37,850.0,14.0,27.78,CSZC1,6379,-120.319389, 41.781422
429,2018-08-18 21:58:00,2.8,SW,5.81,13.4,-4.82,223.0,40.0,27.432,26.7,219.0,2.68,5.81,777.0,11.0,28.33,CSZC1,6379,-120.319389, 41.781422
430,2018-08-18 22:58:00,2.9,SW,5.81,13.3,-4.82,336.0,38.33,27.432,26.7,226.0,1.34,5.81,681.0,11.0,28.33,CSZC1,6379,-120.319389, 41.781422
431,2018-08-18 23:58:00,2.8,WSW,5.37,13.3,-5.44,225.0,30.56,27.432,,239.0,2.23,5.37,412.0,12.0,26.11,CSZC1,6379,-120.319389, 41.781422
432,2018-08-19 00:58:00,3.0,SW,4.47,13.3,-5.72,237.0,25.0,27.432,,234.0,1.34,4.47,176.0,13.0,24.44,CSZC1,6379,-120.319389, 41.781422
433,2018-08-19 01:58:00,3.0,SW,2.68,13.1,-6.09,254.0,20.56,27.432,,217.0,0.9,2.68,95.0,14.0,22.78,CSZC1,6379,-120.319389, 41.781422
434,2018-08-19 02:58:00,3.2,SSW,1.79,13.1,-5.54,180.0,15.0,27.432,,203.0,0.45,1.79,35.0,18.0,19.44,CSZC1,6379,-120.319389, 41.781422
435,2018-08-19 03:58:00,3.5,SW,3.13,13.1,-5.54,235.0,12.78,27.432,,230.0,1.79,3.13,0.0,18.0,19.44,CSZC1,6379,-120.319389, 41.781422
436,2018-08-19 04:58:00,3.6,WSW,4.02,13.0,-1.07,238.0,11.11,27.432,,244.0,0.9,4.02,0.0,27.0,18.33,CSZC1,6379,-120.319389, 41.781422
437,2018-08-19 05:58:00,3.9,SSW,2.23,13.0,0.35,210.0,10.0,27.432,,198.0,1.34,2.23,0.0,31.0,17.78,CSZC1,6379,-120.319389, 41.781422
438,2018-08-19 06:58:00,4.3,SW,3.58,13.0,1.27,184.0,12.78,27.432,,218.0,1.79,3.58,0.0,32.0,18.33,CSZC1,6379,-120.319389, 41.781422
439,2018-08-19 07:58:00,4.6,SW,4.47,13.0,1.22,239.0,12.78,27.432,,231.0,1.79,4.47,0.0,33.0,17.78,CSZC1,6379,-120.319389, 41.781422
440,2018-08-19 08:58:00,4.6,WNW,3.58,13.0,0.83,227.0,8.89,27.432,,300.0,0.9,3.58,0.0,37.0,15.56,CSZC1,6379,-120.319389, 41.781422
441,2018-08-19 09:58:00,5.0,NW,1.34,13.0,1.42,309.0,6.67,27.432,,322.0,0.45,1.34,0.0,40.0,15.0,CSZC1,6379,-120.319389, 41.781422
442,2018-08-19 10:58:00,5.3,ENE,1.34,13.0,1.06,70.0,6.11,27.432,,75.0,1.34,1.34,0.0,39.0,15.0,CSZC1,6379,-120.319389, 41.781422
443,2018-08-19 11:58:00,5.7,NW,1.34,12.9,1.1,79.0,5.0,27.432,,317.0,0.45,1.34,0.0,42.0,13.89,CSZC1,6379,-120.319389, 41.781422
444,2018-08-19 12:58:00,6.0,,0.45,12.9,0.59,273.0,3.89,27.432,,,0.0,0.45,0.0,42.0,13.33,CSZC1,6379,-120.319389, 41.781422
445,2018-08-19 13:58:00,6.5,,0.9,13.0,0.56,354.0,5.56,27.432,,,0.0,0.9,12.0,39.0,14.44,CSZC1,6379,-120.319389, 41.781422
446,2018-08-19 14:58:00,7.2,W,0.9,13.0,1.93,234.0,12.78,27.432,,263.0,0.45,0.9,98.0,36.0,17.22,CSZC1,6379,-120.319389, 41.781422
447,2018-08-19 15:58:00,6.9,SW,1.79,13.4,1.36,244.0,25.56,27.432,,233.0,0.9,1.79,271.0,29.0,20.0,CSZC1,6379,-120.319389, 41.781422
448,2018-08-19 16:58:00,5.5,WSW,3.13,13.4,0.18,272.0,31.11,27.432,,238.0,1.79,3.13,453.0,24.0,21.67,CSZC1,6379,-120.319389, 41.781422
449,2018-08-19 17:58:00,4.8,SW,4.02,13.4,1.6,214.0,35.56,27.432,,224.0,1.79,4.02,618.0,24.0,23.33,CSZC1,6379,-120.319389, 41.781422
