,date_time,fuel_moisture_set_1,wind_cardinal_direction_set_1d,wind_gust_set_1,volt_set_1,peak_wind_direction_set_1,air_temp_low_24_hour_set_1,air_temp_high_24_hour_set_1,dew_point_temperature_set_1d,fuel_temp_set_1,precip_accum_set_1,heat_index_set_1d,wind_direction_set_1,wind_speed_set_1,peak_wind_speed_set_1,solar_radiation_set_1,relative_humidity_set_1,air_temp_set_1,_meta_station_id,_meta_elevation,_meta_longitude,_meta_latitude
0,2018-08-01 00:45:00,2.2,WSW,4.92,13.3,173.0,36.67,40.56,4.22,40.0,766.064,35.52,242.0,0.9,4.92,558.0,12.0,38.33,EELC1,1500,-123.082500,39.825278
1,2018-08-01 01:45:00,2.5,SSW,4.47,13.1,214.0,,,4.7,35.56,766.064,32.57,207.0,1.34,4.47,362.0,15.0,35.0,EELC1,1500,-123.082500,39.825278
2,2018-08-01 02:45:00,2.8,SSW,5.37,13.0,186.0,,,4.56,30.56,766.064,29.59,196.0,0.9,5.37,108.0,18.0,31.67,EELC1,1500,-123.082500,39.825278
3,2018-08-01 03:45:00,3.1,SSW,1.79,13.0,193.0,,,5.11,24.44,766.064,,195.0,0.9,1.79,14.0,26.0,26.11,EELC1,1500,-123.082500,39.825278
4,2018-08-01 04:45:00,3.5,S,2.23,13.0,145.0,,,4.74,20.56,766.064,,170.0,0.45,2.23,0.0,31.0,22.78,EELC1,1500,-123.082500,39.825278
5,2018-08-01 05:45:00,3.8,SE,1.79,12.9,155.0,,,5.4,18.89,766.064,,135.0,0.45,1.79,0.0,36.0,21.11,EELC1,1500,-123.082500,39.825278
6,2018-08-01 06:45:00,4.2,ESE,3.58,12.9,146.0,,,4.58,18.89,766.064,,103.0,1.79,3.58,0.0,34.0,21.11,EELC1,1500,-123.082500,39.825278
7,2018-08-01 07:45:00,4.6,ESE,4.02,12.9,143.0,,,4.31,17.78,766.064,,106.0,0.9,4.02,0.0,37.0,19.44,EELC1,1500,-123.082500,39.825278
8,2018-08-01 08:45:00,5.0,SE,3.13,12.8,147.0,,,3.69,16.67,766.064,,129.0,0.9,3.13,0.0,38.0,18.33,EELC1,1500,-123.082500,39.825278
9,2018-08-01 09:45:00,5.3,ESE,3.13,12.8,137.0,,,3.62,14.44,766.064,,115.0,0.45,3.13,0.0,42.0,16.67,EELC1,1500,-123.082500,39.825278
10,2018-08-01 10:45:00,5.6,WNW,3.13,12.8,156.0,,,4.41,14.44,766.064,,297.0,0.45,3.13,0.0,46.0,16.11,EELC1,1500,-123.082500,39.825278
11,2018-08-01 11:45:00,5.9,,1.34,12.8,278.0,,,4.39,11.67,766.064,,,0.0,1.34,0.0,53.0,13.89,EELC1,1500,-123.082500,39.825278
12,2018-08-01 12:45:00,6.3,,0.9,12.8,281.0,,,4.66,11.11,766.064,,,0.0,0.9,0.0,56.0,13.33,EELC1,1500,-123.082500,39.825278
13,2018-08-01 13:45:00,6.8,,0.45,12.8,176.0,,,4.56,10.0,766.064,,,0.0,0.45,5.0,62.0,11.67,EELC1,1500,-123.082500,39.825278
14,2018-08-01 14:45:00,7.4,,0.9,12.8,256.0,,,5.14,11.11,766.064,,,0.0,0.9,39.0,60.0,12.78,EELC1,1500,-123.082500,39.825278
15,2018-08-01 15:45:00,7.8,SSE,0.9,13.2,316.0,,,5.23,17.22,766.064,,151.0,0.45,0.9,159.0,47.0,16.67,EELC1,1500,-123.082500,39.825278
16,2018-08-01 16:45:00,7.7,E,1.79,13.7,110.0,,,5.57,25.0,766.064,,98.0,0.9,1.79,380.0,34.0,22.22,EELC1,1500,-123.082500,39.825278
17,2018-08-01 17:45:00,6.8,NW,2.68,13.5,279.0,,,6.61,32.22,766.064,26.45,304.0,0.9,2.68,566.0,27.0,27.22,EELC1,1500,-123.082500,39.825278
18,2018-08-01 18:45:00,5.5,NW,3.58,13.2,279.0,,,5.33,38.33,766.064,29.63,306.0,1.34,3.58,765.0,19.0,31.67,EELC1,1500,-123.082500,39.825278
19,2018-08-01 19:45:00,4.4,NW,4.02,13.1,339.0,,,1.59,42.22,766.064,32.26,315.0,1.34,4.02,922.0,12.0,35.0,EELC1,1500,-123.082500,39.825278
20,2018-08-01 20:45:00,3.4,NW,4.47,13.1,201.0,,,-3.93,45.0,766.064,33.44,313.0,1.34,4.47,999.0,7.0,37.22,EELC1,1500,-123.082500,39.825278
21,2018-08-01 21:45:00,2.7,W,5.81,13.1,323.0,,,-7.02,45.56,766.064,34.58,277.0,1.34,5.81,977.0,5.0,38.89,EELC1,1500,-123.082500,39.825278
22,2018-08-01 22:45:00,2.4,NW,4.47,13.1,191.0,,,2.12,43.89,766.064,35.6,317.0,1.34,4.47,877.0,10.0,38.89,EELC1,1500,-123.082500,39.825278
23,2018-08-01 23:45:00,2.5,NW,5.81,13.6,321.0,,,0.68,42.22,766.064,35.37,308.0,0.9,5.81,744.0,9.0,38.89,EELC1,1500,-123.082500,39.825278
24,2018-08-02 00:45:00,2.4,W,4.92,13.3,327.0,36.11,39.44,4.47,38.89,766.064,34.62,261.0,0.9,4.92,575.0,13.0,37.22,EELC1,1500,-123.082500,39.825278
25,2018-08-02 01:45:00,2.6,WSW,4.47,13.1,285.0,,,7.18,34.44,766.064,31.76,258.0,1.34,4.47,365.0,19.0,33.89,EELC1,1500,-123.082500,39.825278
26,2018-08-02 02:45:00,3.0,SSW,3.58,13.0,165.0,,,6.67,28.89,766.064,28.35,200.0,1.34,3.58,108.0,23.0,30.0,EELC1,1500,-123.082500,39.825278
27,2018-08-02 03:45:00,3.3,S,2.23,13.0,190.0,,,7.64,23.33,766.064,,178.0,0.45,2.23,14.0,32.0,25.56,EELC1,1500,-123.082500,39.825278
28,2018-08-02 04:45:00,3.8,,1.79,13.0,187.0,,,6.3,19.44,766.064,,,0.0,1.79,0.0,37.0,21.67,EELC1,1500,-123.082500,39.825278
29,2018-08-02 05:45:00,4.3,,1.79,12.9,156.0,,,6.13,17.22,766.064,,,0.0,1.79,0.0,42.0,19.44,EELC1,1500,-123.082500,39.825278
30,2018-08-02 06:45:00,4.8,,1.34,12.9,157.0,,,6.12,15.56,766.064,,,0.0,1.34,0.0,45.0,18.33,EELC1,1500,-123.082500,39.825278
31,2018-08-02 07:45:00,5.3,,1.79,12.9,166.0,,,6.56,15.56,766.064,,,0.0,1.79,0.0,48.0,17.78,EELC1,1500,-123.082500,39.825278
32,2018-08-02 08:45:00,5.8,ESE,5.37,12.9,129.0,,,5.12,17.22,766.064,,120.0,1.34,5.37,0.0,42.0,18.33,EELC1,1500,-123.082500,39.825278
33,2018-08-02 09:45:00,6.2,SSE,3.58,12.8,150.0,,,5.23,14.44,766.064,,147.0,1.34,3.58,0.0,47.0,16.67,EELC1,1500,-123.082500,39.825278
34,2018-08-02 10:45:00,6.5,ESE,3.58,12.8,150.0,,,4.72,13.89,766.064,,115.0,1.34,3.58,0.0,47.0,16.11,EELC1,1500,-123.082500,39.825278
35,2018-08-02 11:45:00,6.8,,4.47,12.8,148.0,,,4.93,12.22,766.064,,,0.0,4.47,0.0,55.0,13.89,EELC1,1500,-123.082500,39.825278
36,2018-08-02 12:45:00,7.2,ENE,2.68,12.8,148.0,,,4.39,12.22,766.064,,67.0,0.45,2.68,0.0,53.0,13.89,EELC1,1500,-123.082500,39.825278
37,2018-08-02 13:45:00,7.6,,0.9,12.8,62.0,,,5.02,10.0,766.064,,,0.0,0.9,5.0,64.0,11.67,EELC1,1500,-123.082500,39.825278
38,2018-08-02 14:45:00,8.1,W,3.13,12.8,159.0,,,4.63,13.33,766.064,,279.0,0.9,3.13,46.0,52.0,14.44,EELC1,1500,-123.082500,39.825278
39,2018-08-02 15:45:00,8.2,NE,1.79,13.6,289.0,,,4.81,22.22,766.064,,41.0,0.45,1.79,272.0,37.0,20.0,EELC1,1500,-123.082500,39.825278
40,2018-08-02 16:45:00,7.5,WNW,2.23,13.4,324.0,,,3.2,28.89,766.064,,297.0,0.9,2.23,469.0,26.0,23.89,EELC1,1500,-123.082500,39.825278
41,2018-08-02 17:45:00,6.4,NW,3.13,13.3,348.0,,,8.14,33.89,766.064,26.89,317.0,1.34,3.13,668.0,29.0,27.78,EELC1,1500,-123.082500,39.825278
42,2018-08-02 18:45:00,5.1,NW,4.47,13.2,328.0,,,6.5,37.78,766.064,28.78,318.0,1.79,4.47,820.0,22.0,30.56,EELC1,1500,-123.082500,39.825278
43,2018-08-02 19:45:00,4.5,NW,5.37,13.5,344.0,,,5.93,41.11,766.064,31.13,316.0,1.79,5.37,930.0,18.0,33.33,EELC1,1500,-123.082500,39.825278
44,2018-08-02 20:45:00,3.7,NW,4.92,13.1,318.0,,,1.27,43.33,766.064,33.12,311.0,1.34,4.92,998.0,11.0,36.11,EELC1,1500,-123.082500,39.825278
45,2018-08-02 21:45:00,3.1,NW,4.47,13.1,322.0,,,-0.6,43.89,766.064,33.79,312.0,1.34,4.47,978.0,9.0,37.22,EELC1,1500,-123.082500,39.825278
46,2018-08-02 22:45:00,2.7,NW,5.81,13.1,292.0,,,-2.17,42.78,766.064,33.61,322.0,1.79,5.81,892.0,8.0,37.22,EELC1,1500,-123.082500,39.825278
47,2018-08-02 23:45:00,2.6,NW,4.92,13.1,307.0,,,-0.6,40.56,766.064,33.79,312.0,1.34,4.92,755.0,9.0,37.22,EELC1,1500,-123.082500,39.825278
48,2018-08-03 00:45:00,2.6,W,4.47,13.3,283.0,33.89,38.33,4.7,37.22,766.064,32.57,267.0,1.34,4.47,571.0,15.0,35.0,EELC1,1500,-123.082500,39.825278
49,2018-08-03 01:45:00,2.8,SW,3.58,13.1,272.0,,,8.56,32.78,766.064,30.38,233.0,0.9,3.58,358.0,23.0,32.22,EELC1,1500,-123.082500,39.825278
50,2018-08-03 02:45:00,3.3,NNW,3.58,13.0,291.0,,,9.11,27.78,766.064,27.73,348.0,1.34,3.58,108.0,29.0,28.89,EELC1,1500,-123.082500,39.825278
51,2018-08-03 03:45:00,3.8,W,3.58,13.0,276.0,,,8.78,22.78,766.064,,270.0,0.9,3.58,11.0,37.0,24.44,EELC1,1500,-123.082500,39.825278
52,2018-08-03 04:45:00,4.3,S,2.68,12.9,312.0,,,8.49,18.89,766.064,,185.0,0.9,2.68,0.0,46.0,20.56,EELC1,1500,-123.082500,39.825278
53,2018-08-03 05:45:00,4.9,SSE,2.23,12.9,179.0,,,8.24,16.11,766.064,,167.0,0.45,2.23,0.0,52.0,18.33,EELC1,1500,-123.082500,39.825278
54,2018-08-03 06:45:00,5.5,,1.34,12.9,172.0,,,8.31,14.44,766.064,,,0.0,1.34,0.0,58.0,16.67,EELC1,1500,-123.082500,39.825278
55,2018-08-03 07:45:00,6.2,,1.34,12.8,166.0,,,7.24,12.78,766.064,,,0.0,1.34,0.0,60.0,15.0,EELC1,1500,-123.082500,39.825278
56,2018-08-03 08:45:00,6.8,,1.34,12.8,146.0,,,6.67,11.11,766.064,,,0.0,1.34,0.0,62.0,13.89,EELC1,1500,-123.082500,39.825278
57,2018-08-03 09:45:00,7.4,SSE,1.34,12.8,155.0,,,5.77,10.0,766.064,,160.0,0.45,1.34,0.0,65.0,12.22,EELC1,1500,-123.082500,39.825278
58,2018-08-03 10:45:00,7.9,,1.34,12.8,153.0,,,5.69,9.44,766.064,,,0.0,1.34,0.0,67.0,11.67,EELC1,1500,-123.082500,39.825278
59,2018-08-03 11:45:00,8.4,SSE,1.79,12.7,183.0,,,5.15,8.89,766.064,,162.0,0.45,1.79,0.0,67.0,11.11,EELC1,1500,-123.082500,39.825278
60,2018-08-03 12:45:00,8.9,,1.34,12.7,153.0,,,4.31,7.78,766.064,,,0.0,1.34,0.0,68.0,10.0,EELC1,1500,-123.082500,39.825278
61,2018-08-03 13:45:00,9.4,,1.34,12.7,191.0,,,4.52,7.78,766.064,,,0.0,1.34,5.0,69.0,10.0,EELC1,1500,-123.082500,39.825278
62,2018-08-03 14:45:00,10.1,SSE,1.34,12.7,175.0,,,4.19,9.44,766.064,,161.0,0.45,1.34,32.0,65.0,10.56,EELC1,1500,-123.082500,39.825278
63,2018-08-03 15:45:00,9.9,,0.9,13.7,342.0,,,4.31,21.11,766.064,,,0.0,0.9,287.0,37.0,19.44,EELC1,1500,-123.082500,39.825278
64,2018-08-03 16:45:00,8.7,NNW,1.79,13.4,293.0,,,4.26,27.78,766.064,,336.0,0.9,1.79,502.0,29.0,23.33,EELC1,1500,-123.082500,39.825278
65,2018-08-03 17:45:00,7.0,WNW,2.68,13.3,326.0,,,6.07,33.89,766.064,26.41,300.0,1.34,2.68,683.0,26.0,27.22,EELC1,1500,-123.082500,39.825278
66,2018-08-03 18:45:00,5.8,NW,3.58,13.3,305.0,,,7.15,38.33,766.064,28.83,316.0,1.34,3.58,828.0,23.0,30.56,EELC1,1500,-123.082500,39.825278
67,2018-08-03 19:45:00,4.6,NW,5.81,13.1,305.0,,,5.48,40.56,766.064,30.61,321.0,1.79,5.81,928.0,18.0,32.78,EELC1,1500,-123.082500,39.825278
68,2018-08-03 20:45:00,4.0,NW,5.37,13.1,313.0,,,-0.46,42.78,766.064,32.43,309.0,1.79,5.37,983.0,10.0,35.56,EELC1,1500,-123.082500,39.825278
69,2018-08-03 21:45:00,3.3,W,5.81,13.8,196.0,,,-3.93,43.33,766.064,33.44,273.0,1.79,5.81,964.0,7.0,37.22,EELC1,1500,-123.082500,39.825278
70,2018-08-03 22:45:00,2.8,NW,4.92,13.1,281.0,,,-2.17,42.78,766.064,33.61,320.0,1.34,4.92,887.0,8.0,37.22,EELC1,1500,-123.082500,39.825278
71,2018-08-03 23:45:00,2.7,NW,5.37,13.6,318.0,,,0.84,38.89,766.064,32.6,310.0,1.79,5.37,748.0,11.0,35.56,EELC1,1500,-123.082500,39.825278
72,2018-08-04 00:45:00,2.8,SW,5.81,13.3,332.0,33.89,37.78,5.16,36.11,766.064,32.09,225.0,1.34,5.81,554.0,16.0,34.44,EELC1,1500,-123.082500,39.825278
73,2018-08-04 01:45:00,3.0,WSW,4.92,13.1,254.0,,,4.21,32.78,766.064,30.05,241.0,1.34,4.92,360.0,17.0,32.22,EELC1,1500,-123.082500,39.825278
74,2018-08-04 02:45:00,3.2,SSW,4.47,13.0,304.0,,,5.09,27.22,766.064,27.43,209.0,0.9,4.47,107.0,22.0,28.89,EELC1,1500,-123.082500,39.825278
75,2018-08-04 03:45:00,3.5,NE,3.13,13.0,283.0,,,6.21,22.78,766.064,,34.0,0.45,3.13,11.0,29.0,25.56,EELC1,1500,-123.082500,39.825278
76,2018-08-04 04:45:00,3.9,SSE,1.34,12.9,159.0,,,6.19,18.89,766.064,,153.0,0.9,1.34,0.0,38.0,21.11,EELC1,1500,-123.082500,39.825278
77,2018-08-04 05:45:00,4.3,,1.79,13.0,166.0,,,5.46,16.11,766.064,,,0.0,1.79,0.0,43.0,18.33,EELC1,1500,-123.082500,39.825278
78,2018-08-04 06:45:00,4.9,,3.13,12.9,129.0,,,6.04,14.44,766.064,,,0.0,3.13,0.0,48.0,17.22,EELC1,1500,-123.082500,39.825278
79,2018-08-04 07:45:00,5.4,SE,4.92,12.9,161.0,,,4.06,16.67,766.064,,132.0,3.13,4.92,0.0,39.0,18.33,EELC1,1500,-123.082500,39.825278
80,2018-08-04 08:45:00,5.8,SE,5.37,12.9,146.0,,,3.28,15.0,766.064,,135.0,1.79,5.37,0.0,41.0,16.67,EELC1,1500,-123.082500,39.825278
81,2018-08-04 09:45:00,5.9,SE,4.47,12.8,105.0,,,4.0,13.33,766.064,,128.0,0.45,4.47,0.0,48.0,15.0,EELC1,1500,-123.082500,39.825278
82,2018-08-04 10:45:00,6.4,ENE,4.47,12.8,132.0,,,4.63,12.22,766.064,,58.0,0.45,4.47,0.0,52.0,14.44,EELC1,1500,-123.082500,39.825278
83,2018-08-04 11:45:00,6.9,SE,5.37,12.8,146.0,,,2.98,12.22,766.064,,125.0,1.79,5.37,0.0,48.0,13.89,EELC1,1500,-123.082500,39.825278
84,2018-08-04 12:45:00,7.0,SSE,5.37,12.8,156.0,,,3.09,11.11,766.064,,151.0,1.34,5.37,0.0,52.0,12.78,EELC1,1500,-123.082500,39.825278
85,2018-08-04 13:45:00,7.2,,4.47,12.8,158.0,,,3.08,9.44,766.064,,,0.0,4.47,5.0,58.0,11.11,EELC1,1500,-123.082500,39.825278
86,2018-08-04 14:45:00,7.9,ESE,3.58,12.8,147.0,,,2.16,12.22,766.064,,103.0,0.9,3.58,40.0,47.0,13.33,EELC1,1500,-123.082500,39.825278
87,2018-08-04 15:45:00,7.9,,3.13,13.7,146.0,,,3.03,21.67,766.064,,,0.0,3.13,281.0,35.0,18.89,EELC1,1500,-123.082500,39.825278
88,2018-08-04 16:45:00,7.1,WNW,2.68,13.6,289.0,,,3.77,27.78,766.064,,296.0,0.9,2.68,482.0,28.0,23.33,EELC1,1500,-123.082500,39.825278
89,2018-08-04 17:45:00,6.3,WNW,3.13,13.6,287.0,,,5.59,32.78,766.064,26.07,289.0,0.9,3.13,660.0,26.0,26.67,EELC1,1500,-123.082500,39.825278
90,2018-08-04 18:45:00,5.3,NW,4.92,13.3,319.0,,,6.2,36.67,766.064,27.89,320.0,1.79,4.92,800.0,23.0,29.44,EELC1,1500,-123.082500,39.825278
91,2018-08-04 19:45:00,4.5,SW,5.37,13.2,297.0,,,2.01,39.44,766.064,29.51,218.0,1.34,5.37,917.0,15.0,31.67,EELC1,1500,-123.082500,39.825278
92,2018-08-04 20:45:00,3.7,SSW,5.37,13.1,282.0,,,-1.34,40.0,766.064,30.17,209.0,1.79,5.37,979.0,11.0,32.78,EELC1,1500,-123.082500,39.825278
93,2018-08-04 21:45:00,3.4,W,5.81,13.2,295.0,,,2.39,39.44,766.064,30.95,268.0,1.79,5.81,954.0,14.0,33.33,EELC1,1500,-123.082500,39.825278
94,2018-08-04 22:45:00,3.2,NW,4.92,13.1,319.0,,,5.48,38.33,766.064,30.61,310.0,1.79,4.92,870.0,18.0,32.78,EELC1,1500,-123.082500,39.825278
95,2018-08-04 23:45:00,3.3,WSW,6.26,13.1,326.0,,,6.25,36.67,766.064,30.66,249.0,1.34,6.26,736.0,19.0,32.78,EELC1,1500,-123.082500,39.825278
96,2018-08-05 00:45:00,3.3,W,5.37,13.3,325.0,32.22,33.33,5.02,33.89,766.064,30.09,272.0,1.34,5.37,573.0,18.0,32.22,EELC1,1500,-123.082500,39.825278
97,2018-08-05 01:45:00,3.4,SSW,4.92,13.1,192.0,,,5.14,31.11,766.064,28.7,208.0,1.34,4.92,382.0,20.0,30.56,EELC1,1500,-123.082500,39.825278
98,2018-08-05 02:45:00,3.7,SSW,4.02,13.0,227.0,,,4.31,26.11,766.064,26.6,201.0,1.79,4.02,109.0,23.0,27.22,EELC1,1500,-123.082500,39.825278
99,2018-08-05 03:45:00,3.9,SSW,4.92,13.0,273.0,,,4.21,22.78,766.064,,207.0,0.9,4.92,7.0,27.0,24.44,EELC1,1500,-123.082500,39.825278
100,2018-08-05 04:45:00,4.2,,2.23,12.9,243.0,,,5.0,18.33,766.064,,,0.0,2.23,0.0,35.0,21.11,EELC1,1500,-123.082500,39.825278
101,2018-08-05 05:45:00,4.6,SSE,1.34,12.9,155.0,,,4.96,15.0,766.064,,153.0,0.45,1.34,0.0,43.0,17.78,EELC1,1500,-123.082500,39.825278
102,2018-08-05 06:45:00,5.2,E,3.58,12.9,150.0,,,4.63,15.56,766.064,,98.0,1.34,3.58,0.0,42.0,17.78,EELC1,1500,-123.082500,39.825278
103,2018-08-05 07:45:00,5.5,ESE,4.02,12.9,137.0,,,4.41,14.44,766.064,,105.0,0.9,4.02,0.0,46.0,16.11,EELC1,1500,-123.082500,39.825278
104,2018-08-05 08:45:00,6.0,ESE,3.58,12.8,134.0,,,4.21,13.89,766.064,,113.0,1.79,3.58,0.0,47.0,15.56,EELC1,1500,-123.082500,39.825278
105,2018-08-05 09:45:00,6.3,ESE,1.79,12.8,98.0,,,4.4,11.11,766.064,,106.0,0.45,1.79,0.0,55.0,13.33,EELC1,1500,-123.082500,39.825278
106,2018-08-05 10:45:00,6.9,ESE,4.47,12.8,130.0,,,3.84,12.78,766.064,,108.0,1.79,4.47,0.0,51.0,13.89,EELC1,1500,-123.082500,39.825278
107,2018-08-05 11:45:00,7.2,SE,5.37,12.8,138.0,,,4.14,11.67,766.064,,129.0,1.34,5.37,0.0,54.0,13.33,EELC1,1500,-123.082500,39.825278
108,2018-08-05 12:45:00,7.4,S,4.02,12.8,143.0,,,3.89,11.11,766.064,,170.0,1.34,4.02,0.0,55.0,12.78,EELC1,1500,-123.082500,39.825278
109,2018-08-05 13:45:00,7.9,,1.34,12.8,205.0,,,3.97,8.89,766.064,,,0.0,1.34,5.0,64.0,10.56,EELC1,1500,-123.082500,39.825278
110,2018-08-05 14:45:00,8.4,,5.37,12.8,157.0,,,4.4,12.22,766.064,,,0.0,5.37,53.0,55.0,13.33,EELC1,1500,-123.082500,39.825278
111,2018-08-05 15:45:00,8.5,NW,2.68,13.5,135.0,,,4.92,18.89,766.064,,307.0,0.9,2.68,241.0,46.0,16.67,EELC1,1500,-123.082500,39.825278
112,2018-08-05 16:45:00,8.1,WNW,1.79,13.4,311.0,,,4.21,25.56,766.064,,301.0,0.45,1.79,410.0,32.0,21.67,EELC1,1500,-123.082500,39.825278
113,2018-08-05 17:45:00,7.2,NW,2.68,13.3,330.0,,,5.23,29.44,766.064,,312.0,0.9,2.68,560.0,29.0,24.44,EELC1,1500,-123.082500,39.825278
114,2018-08-05 18:45:00,6.3,W,3.58,13.3,314.0,,,6.07,33.33,766.064,26.41,274.0,1.34,3.58,672.0,26.0,27.22,EELC1,1500,-123.082500,39.825278
115,2018-08-05 19:45:00,5.3,NW,4.02,13.2,326.0,,,4.41,37.78,766.064,28.67,313.0,1.34,4.02,826.0,19.0,30.56,EELC1,1500,-123.082500,39.825278
116,2018-08-05 20:45:00,4.4,W,4.47,13.1,280.0,,,3.35,41.11,766.064,30.98,260.0,1.79,4.47,872.0,15.0,33.33,EELC1,1500,-123.082500,39.825278
117,2018-08-05 21:45:00,3.7,SSW,4.47,13.2,174.0,,,2.91,36.11,766.064,30.48,200.0,1.34,4.47,644.0,15.0,32.78,EELC1,1500,-123.082500,39.825278
118,2018-08-05 22:45:00,3.7,NW,5.37,13.1,324.0,,,4.26,38.33,766.064,31.02,326.0,1.79,5.37,667.0,16.0,33.33,EELC1,1500,-123.082500,39.825278
119,2018-08-05 23:45:00,3.4,NW,4.92,13.1,324.0,,,2.84,37.78,766.064,31.46,306.0,1.34,4.92,742.0,14.0,33.89,EELC1,1500,-123.082500,39.825278
120,2018-08-06 00:45:00,3.3,SW,4.47,13.3,186.0,31.11,34.44,1.37,35.56,766.064,30.92,214.0,1.34,4.47,559.0,13.0,33.33,EELC1,1500,-123.082500,39.825278
121,2018-08-06 01:45:00,3.3,WSW,5.37,13.1,285.0,,,3.35,32.22,766.064,30.01,242.0,0.9,5.37,362.0,16.0,32.22,EELC1,1500,-123.082500,39.825278
122,2018-08-06 02:45:00,3.5,SSW,4.47,13.0,282.0,,,5.25,27.22,766.064,27.06,198.0,0.9,4.47,102.0,23.0,28.33,EELC1,1500,-123.082500,39.825278
123,2018-08-06 03:45:00,3.8,NE,3.58,13.0,188.0,,,4.64,22.78,766.064,,40.0,0.45,3.58,9.0,26.0,25.56,EELC1,1500,-123.082500,39.825278
124,2018-08-06 04:45:00,4.1,,2.68,13.0,76.0,,,4.51,18.33,766.064,,,0.0,2.68,0.0,35.0,20.56,EELC1,1500,-123.082500,39.825278
125,2018-08-06 05:45:00,4.6,ESE,1.79,12.9,137.0,,,4.57,16.11,766.064,,116.0,0.9,1.79,0.0,39.0,18.89,EELC1,1500,-123.082500,39.825278
126,2018-08-06 06:45:00,5.0,,4.02,12.9,151.0,,,4.28,15.56,766.064,,,0.0,4.02,0.0,41.0,17.78,EELC1,1500,-123.082500,39.825278
127,2018-08-06 07:45:00,5.4,SE,5.37,12.9,143.0,,,4.28,16.67,766.064,,134.0,2.68,5.37,0.0,41.0,17.78,EELC1,1500,-123.082500,39.825278
128,2018-08-06 08:45:00,5.9,SE,6.26,12.9,153.0,,,3.95,15.56,766.064,,141.0,4.02,6.26,0.0,43.0,16.67,EELC1,1500,-123.082500,39.825278
129,2018-08-06 09:45:00,6.1,SSE,5.81,12.8,146.0,,,3.59,14.44,766.064,,157.0,2.68,5.81,0.0,45.0,15.56,EELC1,1500,-123.082500,39.825278
130,2018-08-06 10:45:00,6.6,SE,5.37,12.8,156.0,,,3.39,13.33,766.064,,139.0,3.13,5.37,0.0,46.0,15.0,EELC1,1500,-123.082500,39.825278
131,2018-08-06 11:45:00,6.8,SSE,4.92,12.8,144.0,,,3.56,12.78,766.064,,159.0,2.68,4.92,0.0,50.0,13.89,EELC1,1500,-123.082500,39.825278
132,2018-08-06 12:45:00,7.0,SE,5.81,12.8,152.0,,,3.36,10.56,766.064,,132.0,0.45,5.81,0.0,55.0,12.22,EELC1,1500,-123.082500,39.825278
133,2018-08-06 13:45:00,7.4,N,2.68,12.8,140.0,,,2.85,10.0,766.064,,359.0,0.45,2.68,4.0,55.0,11.67,EELC1,1500,-123.082500,39.825278
134,2018-08-06 14:45:00,8.0,SE,4.47,12.8,135.0,,,3.04,11.67,766.064,,127.0,0.9,4.47,23.0,50.0,13.33,EELC1,1500,-123.082500,39.825278
135,2018-08-06 15:45:00,8.0,WNW,4.47,13.9,145.0,,,4.01,22.78,766.064,,285.0,0.9,4.47,288.0,35.0,20.0,EELC1,1500,-123.082500,39.825278
136,2018-08-06 16:45:00,7.2,NW,2.23,13.3,312.0,,,2.08,28.89,766.064,,304.0,0.9,2.23,506.0,24.0,23.89,EELC1,1500,-123.082500,39.825278
137,2018-08-06 17:45:00,5.9,NW,3.58,13.3,305.0,,,4.92,33.89,766.064,26.62,319.0,1.34,3.58,687.0,24.0,27.22,EELC1,1500,-123.082500,39.825278
138,2018-08-06 18:45:00,5.2,NW,4.02,13.2,328.0,,,4.41,37.78,766.064,28.67,322.0,1.79,4.02,832.0,19.0,30.56,EELC1,1500,-123.082500,39.825278
139,2018-08-06 19:45:00,4.2,NW,5.37,13.2,308.0,,,2.39,41.11,766.064,30.95,313.0,1.34,5.37,931.0,14.0,33.33,EELC1,1500,-123.082500,39.825278
140,2018-08-06 20:45:00,3.5,W,4.47,13.1,289.0,,,1.27,43.89,766.064,33.12,260.0,1.34,4.47,981.0,11.0,36.11,EELC1,1500,-123.082500,39.825278
141,2018-08-06 21:45:00,3.0,WSW,6.26,13.1,192.0,,,-5.92,43.89,766.064,33.28,246.0,1.34,6.26,959.0,6.0,37.22,EELC1,1500,-123.082500,39.825278
142,2018-08-06 22:45:00,2.6,W,6.26,13.1,325.0,,,-5.92,42.22,766.064,33.28,277.0,1.34,6.26,877.0,6.0,37.22,EELC1,1500,-123.082500,39.825278
143,2018-08-06 23:45:00,2.5,WSW,4.92,13.5,275.0,,,-2.17,40.56,766.064,33.61,245.0,1.34,4.92,738.0,8.0,37.22,EELC1,1500,-123.082500,39.825278
144,2018-08-07 00:45:00,2.4,SW,5.37,13.3,179.0,34.44,37.78,-1.02,38.33,766.064,33.28,214.0,1.34,5.37,562.0,9.0,36.67,EELC1,1500,-123.082500,39.825278
145,2018-08-07 01:45:00,2.5,SSW,4.92,13.1,325.0,,,-0.04,35.0,766.064,31.59,207.0,0.9,4.92,367.0,11.0,34.44,EELC1,1500,-123.082500,39.825278
146,2018-08-07 02:45:00,2.7,SSW,3.58,13.0,292.0,,,3.3,30.0,766.064,29.08,211.0,1.34,3.58,102.0,17.0,31.11,EELC1,1500,-123.082500,39.825278
147,2018-08-07 03:45:00,2.9,WSW,4.92,13.0,287.0,,,2.55,26.11,766.064,26.95,238.0,0.9,4.92,8.0,19.0,28.33,EELC1,1500,-123.082500,39.825278
148,2018-08-07 04:45:00,3.2,SSW,3.13,12.9,45.0,,,3.2,21.11,766.064,,197.0,0.45,3.13,0.0,26.0,23.89,EELC1,1500,-123.082500,39.825278
149,2018-08-07 05:45:00,3.5,,1.34,12.9,144.0,,,3.24,17.78,766.064,,,0.0,1.34,0.0,32.0,20.56,EELC1,1500,-123.082500,39.825278
150,2018-08-07 06:45:00,3.8,E,4.02,12.9,129.0,,,3.18,17.78,766.064,,83.0,0.45,4.02,0.0,33.0,20.0,EELC1,1500,-123.082500,39.825278
151,2018-08-07 07:45:00,4.3,ESE,4.02,12.9,139.0,,,2.92,16.67,766.064,,102.0,1.34,4.02,0.0,36.0,18.33,EELC1,1500,-123.082500,39.825278
152,2018-08-07 08:45:00,4.5,E,4.02,12.9,142.0,,,3.2,15.56,766.064,,81.0,0.45,4.02,0.0,38.0,17.78,EELC1,1500,-123.082500,39.825278
153,2018-08-07 09:45:00,4.9,SE,4.02,12.8,161.0,,,2.93,14.44,766.064,,132.0,1.34,4.02,0.0,40.0,16.67,EELC1,1500,-123.082500,39.825278
154,2018-08-07 10:45:00,5.3,SE,4.47,12.8,132.0,,,3.27,13.33,766.064,,130.0,0.45,4.47,0.0,44.0,15.56,EELC1,1500,-123.082500,39.825278
155,2018-08-07 11:45:00,5.5,NNE,4.02,12.8,122.0,,,3.39,12.78,766.064,,28.0,0.45,4.02,0.0,46.0,15.0,EELC1,1500,-123.082500,39.825278
156,2018-08-07 12:45:00,6.0,SSE,3.13,12.8,146.0,,,2.98,12.22,766.064,,154.0,0.45,3.13,0.0,48.0,13.89,EELC1,1500,-123.082500,39.825278
157,2018-08-07 13:45:00,6.3,SSE,4.47,12.8,153.0,,,2.68,12.78,766.064,,159.0,1.34,4.47,4.0,47.0,13.89,EELC1,1500,-123.082500,39.825278
158,2018-08-07 14:45:00,6.6,,2.23,12.8,150.0,,,3.87,12.22,766.064,,,0.0,2.23,47.0,53.0,13.33,EELC1,1500,-123.082500,39.825278
159,2018-08-07 15:45:00,7.0,,0.9,13.1,276.0,,,4.45,17.78,766.064,,,0.0,0.9,155.0,43.0,17.22,EELC1,1500,-123.082500,39.825278
160,2018-08-07 16:45:00,7.1,,1.34,14.0,318.0,,,4.91,22.78,766.064,,,0.0,1.34,289.0,36.0,20.56,EELC1,1500,-123.082500,39.825278
161,2018-08-07 17:45:00,6.6,NNW,1.34,13.3,328.0,,,2.28,29.44,766.064,,327.0,0.45,1.34,470.0,22.0,25.56,EELC1,1500,-123.082500,39.825278
162,2018-08-07 18:45:00,5.6,WSW,1.79,13.3,148.0,,,3.48,35.0,766.064,27.77,252.0,0.9,1.79,640.0,19.0,29.44,EELC1,1500,-123.082500,39.825278
163,2018-08-07 19:45:00,4.7,WNW,3.13,13.2,292.0,,,4.21,38.89,766.064,30.05,292.0,1.34,3.13,752.0,17.0,32.22,EELC1,1500,-123.082500,39.825278
164,2018-08-07 20:45:00,3.9,NW,4.02,13.1,312.0,,,3.28,40.0,766.064,31.97,314.0,2.23,4.02,786.0,14.0,34.44,EELC1,1500,-123.082500,39.825278
165,2018-08-07 21:45:00,3.5,NNW,3.58,13.1,302.0,,,2.91,41.67,766.064,33.86,334.0,0.9,3.58,793.0,12.0,36.67,EELC1,1500,-123.082500,39.825278
166,2018-08-07 22:45:00,3.1,W,3.58,13.2,338.0,,,-0.6,41.11,766.064,33.79,281.0,0.9,3.58,695.0,9.0,37.22,EELC1,1500,-123.082500,39.825278
167,2018-08-07 23:45:00,2.9,WNW,4.92,13.4,194.0,,,-0.03,37.78,766.064,32.93,291.0,0.9,4.92,512.0,10.0,36.11,EELC1,1500,-123.082500,39.825278
168,2018-08-08 00:45:00,3.0,NW,3.13,13.3,301.0,33.33,37.78,5.93,33.89,766.064,31.13,311.0,0.9,3.13,297.0,18.0,33.33,EELC1,1500,-123.082500,39.825278
169,2018-08-08 01:45:00,3.3,NNW,4.47,13.1,288.0,,,8.84,30.56,766.064,29.44,327.0,1.34,4.47,167.0,25.0,31.11,EELC1,1500,-123.082500,39.825278
170,2018-08-08 02:45:00,3.8,N,4.02,13.0,325.0,,,10.08,27.22,766.064,27.44,353.0,0.9,4.02,64.0,32.0,28.33,EELC1,1500,-123.082500,39.825278
171,2018-08-08 03:45:00,4.3,S,2.68,13.0,32.0,,,9.07,22.22,766.064,,169.0,1.34,2.68,8.0,39.0,23.89,EELC1,1500,-123.082500,39.825278
172,2018-08-08 04:45:00,5.0,ESE,3.58,13.0,126.0,,,9.35,20.0,766.064,,108.0,0.9,3.58,0.0,44.0,22.22,EELC1,1500,-123.082500,39.825278
173,2018-08-08 05:45:00,5.6,SE,4.02,12.9,158.0,,,7.29,19.44,766.064,,145.0,1.34,4.02,0.0,41.0,21.11,EELC1,1500,-123.082500,39.825278
174,2018-08-08 06:45:00,6.0,ESE,4.92,12.9,130.0,,,4.91,19.44,766.064,,118.0,2.68,4.92,0.0,36.0,20.56,EELC1,1500,-123.082500,39.825278
175,2018-08-08 07:45:00,6.3,SE,4.47,12.9,141.0,,,4.69,17.78,766.064,,125.0,2.68,4.47,0.0,38.0,19.44,EELC1,1500,-123.082500,39.825278
176,2018-08-08 08:45:00,6.6,ESE,6.26,12.8,132.0,,,4.31,17.78,766.064,,119.0,3.13,6.26,0.0,37.0,19.44,EELC1,1500,-123.082500,39.825278
177,2018-08-08 09:45:00,6.6,ESE,6.26,12.9,143.0,,,5.11,16.11,766.064,,122.0,0.9,6.26,0.0,45.0,17.22,EELC1,1500,-123.082500,39.825278
178,2018-08-08 10:45:00,6.8,,3.13,12.8,137.0,,,4.81,13.33,766.064,,,0.0,3.13,0.0,49.0,15.56,EELC1,1500,-123.082500,39.825278
179,2018-08-08 11:45:00,7.2,,3.58,12.8,147.0,,,4.51,14.44,766.064,,,0.0,3.58,0.0,48.0,15.56,EELC1,1500,-123.082500,39.825278
180,2018-08-08 12:45:00,7.4,,1.79,12.8,288.0,,,5.19,11.67,766.064,,,0.0,1.79,0.0,56.0,13.89,EELC1,1500,-123.082500,39.825278
181,2018-08-08 13:45:00,7.9,,0.45,12.8,270.0,,,5.42,11.67,766.064,,,0.0,0.45,6.0,59.0,13.33,EELC1,1500,-123.082500,39.825278
182,2018-08-08 14:45:00,8.4,,0.9,12.9,284.0,,,6.21,13.89,766.064,,,0.0,0.9,60.0,58.0,14.44,EELC1,1500,-123.082500,39.825278
183,2018-08-08 15:45:00,8.5,WNW,1.79,13.1,287.0,,,6.56,18.89,766.064,,286.0,0.45,1.79,166.0,48.0,17.78,EELC1,1500,-123.082500,39.825278
184,2018-08-08 16:45:00,8.4,NW,2.23,13.7,334.0,,,7.49,22.22,766.064,,325.0,0.9,2.23,274.0,43.0,20.56,EELC1,1500,-123.082500,39.825278
185,2018-08-08 17:45:00,7.8,WNW,2.23,13.4,278.0,,,8.88,28.33,766.064,,298.0,0.45,2.23,413.0,36.0,25.0,EELC1,1500,-123.082500,39.825278
186,2018-08-08 18:45:00,6.9,NNW,4.47,13.4,313.0,,,9.1,31.11,766.064,26.64,330.0,1.34,4.47,526.0,32.0,27.22,EELC1,1500,-123.082500,39.825278
187,2018-08-08 19:45:00,6.3,NW,3.58,13.7,336.0,,,9.01,34.44,766.064,28.55,325.0,1.34,3.58,582.0,27.0,30.0,EELC1,1500,-123.082500,39.825278
188,2018-08-08 20:45:00,5.5,WNW,3.58,13.2,290.0,,,7.92,37.78,766.064,31.85,284.0,0.9,3.58,607.0,20.0,33.89,EELC1,1500,-123.082500,39.825278
189,2018-08-08 21:45:00,4.8,WSW,3.58,13.1,292.0,,,8.56,38.33,766.064,33.55,254.0,0.45,3.58,556.0,19.0,35.56,EELC1,1500,-123.082500,39.825278
190,2018-08-08 22:45:00,4.4,WNW,3.13,13.1,287.0,,,8.23,38.33,766.064,34.04,302.0,1.34,3.13,509.0,18.0,36.11,EELC1,1500,-123.082500,39.825278
191,2018-08-08 23:45:00,4.2,NE,3.58,13.6,287.0,,,8.23,37.78,766.064,34.04,52.0,0.45,3.58,432.0,18.0,36.11,EELC1,1500,-123.082500,39.825278
192,2018-08-09 00:45:00,4.0,S,2.23,13.3,313.0,31.11,36.67,8.23,36.67,766.064,34.04,187.0,0.45,2.23,319.0,18.0,36.11,EELC1,1500,-123.082500,39.825278
193,2018-08-09 01:45:00,4.0,,1.34,13.2,287.0,,,10.44,33.33,766.064,32.78,,0.0,1.34,175.0,23.0,34.44,EELC1,1500,-123.082500,39.825278
194,2018-08-09 02:45:00,4.4,,1.34,13.1,191.0,,,11.05,27.78,766.064,28.38,,0.0,1.34,71.0,32.0,29.44,EELC1,1500,-123.082500,39.825278
195,2018-08-09 03:45:00,5.1,,0.9,13.0,196.0,,,11.32,23.33,766.064,,,0.0,0.9,10.0,41.0,25.56,EELC1,1500,-123.082500,39.825278
196,2018-08-09 04:45:00,5.9,E,3.13,13.0,140.0,,,10.31,22.78,766.064,,94.0,0.9,3.13,0.0,41.0,24.44,EELC1,1500,-123.082500,39.825278
197,2018-08-09 05:45:00,6.4,ESE,3.58,12.9,144.0,,,10.36,21.67,766.064,,122.0,1.34,3.58,0.0,44.0,23.33,EELC1,1500,-123.082500,39.825278
198,2018-08-09 06:45:00,6.9,SSE,4.92,12.9,142.0,,,10.36,21.67,766.064,,147.0,3.13,4.92,0.0,44.0,23.33,EELC1,1500,-123.082500,39.825278
199,2018-08-09 07:45:00,7.5,SE,5.37,12.9,144.0,,,10.83,20.0,766.064,,142.0,3.13,5.37,0.0,52.0,21.11,EELC1,1500,-123.082500,39.825278
200,2018-08-09 08:45:00,7.8,SSE,5.81,12.9,148.0,,,10.6,19.44,766.064,,162.0,3.13,5.81,0.0,53.0,20.56,EELC1,1500,-123.082500,39.825278
201,2018-08-09 09:45:00,8.2,SE,5.37,12.9,145.0,,,9.8,18.33,766.064,,128.0,2.23,5.37,0.0,52.0,20.0,EELC1,1500,-123.082500,39.825278
202,2018-08-09 10:45:00,8.5,SSE,4.92,12.8,151.0,,,9.84,18.33,766.064,,147.0,2.68,4.92,0.0,54.0,19.44,EELC1,1500,-123.082500,39.825278
203,2018-08-09 11:45:00,8.9,SE,6.26,12.8,141.0,,,9.56,18.33,766.064,,145.0,3.58,6.26,0.0,53.0,19.44,EELC1,1500,-123.082500,39.825278
204,2018-08-09 12:45:00,9.1,SSE,5.37,12.8,141.0,,,9.54,16.11,766.064,,148.0,1.79,5.37,0.0,63.0,16.67,EELC1,1500,-123.082500,39.825278
205,2018-08-09 13:45:00,9.8,SSE,3.58,12.8,155.0,,,9.3,15.56,766.064,,156.0,2.23,3.58,4.0,62.0,16.67,EELC1,1500,-123.082500,39.825278
206,2018-08-09 14:45:00,9.9,,4.47,12.9,140.0,,,10.07,16.67,766.064,,,0.0,4.47,50.0,63.0,17.22,EELC1,1500,-123.082500,39.825278
207,2018-08-09 15:45:00,9.9,WNW,2.23,13.1,294.0,,,10.65,20.56,766.064,,299.0,0.45,2.23,153.0,57.0,19.44,EELC1,1500,-123.082500,39.825278
208,2018-08-09 16:45:00,9.7,SE,1.79,13.6,308.0,,,11.16,24.44,766.064,,136.0,0.45,1.79,275.0,48.0,22.78,EELC1,1500,-123.082500,39.825278
209,2018-08-09 17:45:00,8.6,WNW,2.23,13.4,274.0,,,11.18,30.0,766.064,26.38,298.0,0.9,2.23,400.0,38.0,26.67,EELC1,1500,-123.082500,39.825278
210,2018-08-09 18:45:00,7.5,NW,3.13,13.4,274.0,,,11.85,31.67,766.064,27.68,326.0,0.9,3.13,492.0,36.0,28.33,EELC1,1500,-123.082500,39.825278
211,2018-08-09 19:45:00,6.8,NW,4.02,13.2,328.0,,,11.56,34.44,766.064,29.37,311.0,1.34,4.02,558.0,31.0,30.56,EELC1,1500,-123.082500,39.825278
212,2018-08-09 20:45:00,6.0,WNW,3.58,13.2,328.0,,,11.96,36.11,766.064,31.47,301.0,1.34,3.58,544.0,28.0,32.78,EELC1,1500,-123.082500,39.825278
213,2018-08-09 21:45:00,5.5,NW,4.02,13.1,329.0,,,10.73,38.89,766.064,33.96,306.0,0.9,4.02,526.0,22.0,35.56,EELC1,1500,-123.082500,39.825278
214,2018-08-09 22:45:00,4.9,WNW,3.58,13.2,322.0,,,10.41,40.56,766.064,36.17,290.0,0.45,3.58,547.0,19.0,37.78,EELC1,1500,-123.082500,39.825278
215,2018-08-09 23:45:00,4.5,WNW,3.13,13.5,255.0,,,10.71,39.44,766.064,35.67,285.0,0.9,3.13,434.0,20.0,37.22,EELC1,1500,-123.082500,39.825278
216,2018-08-10 00:45:00,4.4,W,3.58,13.3,326.0,31.67,37.78,7.86,37.22,766.064,34.53,269.0,0.45,3.58,316.0,17.0,36.67,EELC1,1500,-123.082500,39.825278
217,2018-08-10 01:45:00,4.2,W,3.58,13.1,279.0,,,6.49,34.44,766.064,32.74,265.0,0.45,3.58,200.0,17.0,35.0,EELC1,1500,-123.082500,39.825278
218,2018-08-10 02:45:00,4.2,,2.68,13.0,157.0,,,6.77,30.0,766.064,29.72,,0.0,2.68,68.0,21.0,31.67,EELC1,1500,-123.082500,39.825278
219,2018-08-10 03:45:00,4.4,,1.79,13.0,26.0,,,6.69,23.33,766.064,,,0.0,1.79,8.0,29.0,26.11,EELC1,1500,-123.082500,39.825278
220,2018-08-10 04:45:00,4.9,,1.34,13.0,137.0,,,7.29,20.0,766.064,,,0.0,1.34,0.0,37.0,22.78,EELC1,1500,-123.082500,39.825278
221,2018-08-10 05:45:00,5.5,E,2.23,12.9,101.0,,,7.56,20.0,766.064,,88.0,0.45,2.23,0.0,39.0,22.22,EELC1,1500,-123.082500,39.825278
222,2018-08-10 06:45:00,6.0,ESE,2.23,12.9,149.0,,,7.49,18.89,766.064,,112.0,0.9,2.23,0.0,43.0,20.56,EELC1,1500,-123.082500,39.825278
223,2018-08-10 07:45:00,6.4,ESE,4.92,12.9,149.0,,,7.15,18.89,766.064,,115.0,1.79,4.92,0.0,42.0,20.56,EELC1,1500,-123.082500,39.825278
224,2018-08-10 08:45:00,6.8,SSE,5.37,12.9,149.0,,,7.27,17.78,766.064,,161.0,2.23,5.37,0.0,47.0,18.89,EELC1,1500,-123.082500,39.825278
225,2018-08-10 09:45:00,7.3,SE,4.92,12.9,136.0,,,7.37,16.67,766.064,,139.0,1.34,4.92,0.0,49.0,18.33,EELC1,1500,-123.082500,39.825278
226,2018-08-10 10:45:00,7.5,SSE,7.15,12.8,152.0,,,6.56,16.67,766.064,,149.0,2.23,7.15,0.0,48.0,17.78,EELC1,1500,-123.082500,39.825278
227,2018-08-10 11:45:00,8.1,ESE,4.47,12.8,100.0,,,7.49,15.56,766.064,,122.0,1.79,4.47,0.0,53.0,17.22,EELC1,1500,-123.082500,39.825278
228,2018-08-10 12:45:00,8.3,SE,5.37,12.8,144.0,,,6.98,15.56,766.064,,144.0,2.68,5.37,0.0,53.0,16.67,EELC1,1500,-123.082500,39.825278
229,2018-08-10 13:45:00,8.5,SE,5.37,12.8,141.0,,,6.7,15.0,766.064,,146.0,2.68,5.37,3.0,52.0,16.67,EELC1,1500,-123.082500,39.825278
230,2018-08-10 14:45:00,9.1,SSE,6.7,12.8,148.0,,,6.98,16.11,766.064,,163.0,3.13,6.7,32.0,53.0,16.67,EELC1,1500,-123.082500,39.825278
231,2018-08-10 15:45:00,8.9,WNW,5.81,13.8,142.0,,,8.16,23.89,766.064,,290.0,0.45,5.81,246.0,42.0,21.67,EELC1,1500,-123.082500,39.825278
232,2018-08-10 16:45:00,8.0,NW,2.23,14.1,291.0,,,7.18,30.56,766.064,,323.0,0.9,2.23,459.0,30.0,26.11,EELC1,1500,-123.082500,39.825278
233,2018-08-10 17:45:00,6.7,NW,3.13,13.2,330.0,,,8.36,36.67,766.064,28.94,310.0,0.9,3.13,640.0,25.0,30.56,EELC1,1500,-123.082500,39.825278
234,2018-08-10 18:45:00,5.2,NW,4.47,13.1,331.0,,,7.18,41.11,766.064,31.76,310.0,1.34,4.47,795.0,19.0,33.89,EELC1,1500,-123.082500,39.825278
235,2018-08-10 19:45:00,4.3,NW,4.47,13.1,326.0,,,6.06,43.89,766.064,34.28,315.0,1.79,4.47,903.0,15.0,36.67,EELC1,1500,-123.082500,39.825278
236,2018-08-10 20:45:00,3.5,NW,4.47,13.1,278.0,,,0.25,45.56,766.064,34.83,318.0,1.79,4.47,940.0,9.0,38.33,EELC1,1500,-123.082500,39.825278
237,2018-08-10 21:45:00,3.0,NW,4.02,13.0,323.0,,,0.68,43.89,766.064,35.37,306.0,1.34,4.02,858.0,9.0,38.89,EELC1,1500,-123.082500,39.825278
238,2018-08-10 22:45:00,2.9,W,4.47,13.1,281.0,,,5.1,44.44,766.064,36.67,281.0,1.34,4.47,718.0,12.0,39.44,EELC1,1500,-123.082500,39.825278
239,2018-08-10 23:45:00,2.7,WSW,6.26,13.3,299.0,,,4.22,41.67,766.064,35.52,245.0,1.79,6.26,691.0,12.0,38.33,EELC1,1500,-123.082500,39.825278
240,2018-08-11 00:45:00,2.8,SW,4.92,13.2,193.0,37.22,40.0,4.47,38.89,766.064,34.62,232.0,1.79,4.92,461.0,13.0,37.22,EELC1,1500,-123.082500,39.825278
241,2018-08-11 01:45:00,3.0,SW,5.81,13.1,201.0,,,4.7,35.56,766.064,32.57,225.0,1.79,5.81,337.0,15.0,35.0,EELC1,1500,-123.082500,39.825278
242,2018-08-11 02:45:00,3.2,SSW,4.47,13.0,192.0,,,6.07,30.56,766.064,29.67,200.0,1.79,4.47,101.0,20.0,31.67,EELC1,1500,-123.082500,39.825278
243,2018-08-11 03:45:00,3.5,SSW,3.13,13.0,195.0,,,7.14,25.0,766.064,26.48,193.0,0.45,3.13,7.0,28.0,27.22,EELC1,1500,-123.082500,39.825278
244,2018-08-11 04:45:00,4.0,,1.34,12.9,187.0,,,7.88,21.11,766.064,,,0.0,1.34,0.0,36.0,23.89,EELC1,1500,-123.082500,39.825278
245,2018-08-11 05:45:00,4.5,SE,1.79,12.9,164.0,,,7.44,19.44,766.064,,139.0,0.45,1.79,0.0,40.0,21.67,EELC1,1500,-123.082500,39.825278
246,2018-08-11 06:45:00,5.1,ESE,1.79,12.9,141.0,,,7.32,18.33,766.064,,105.0,0.45,1.79,0.0,44.0,20.0,EELC1,1500,-123.082500,39.825278
247,2018-08-11 07:45:00,5.5,ESE,3.13,12.9,159.0,,,7.15,18.89,766.064,,119.0,0.45,3.13,0.0,42.0,20.56,EELC1,1500,-123.082500,39.825278
248,2018-08-11 08:45:00,6.0,,1.79,12.8,172.0,,,7.67,16.11,766.064,,,0.0,1.79,0.0,50.0,18.33,EELC1,1500,-123.082500,39.825278
249,2018-08-11 09:45:00,6.4,ESE,2.68,12.8,148.0,,,7.27,17.22,766.064,,109.0,0.45,2.68,0.0,47.0,18.89,EELC1,1500,-123.082500,39.825278
250,2018-08-11 10:45:00,6.7,SE,3.58,12.8,140.0,,,6.86,16.11,766.064,,141.0,0.45,3.58,0.0,49.0,17.78,EELC1,1500,-123.082500,39.825278
251,2018-08-11 11:45:00,7.2,,1.34,12.8,197.0,,,7.01,13.33,766.064,,,0.0,1.34,0.0,57.0,15.56,EELC1,1500,-123.082500,39.825278
252,2018-08-11 12:45:00,7.7,,0.9,12.8,133.0,,,6.9,11.67,766.064,,,0.0,0.9,0.0,63.0,13.89,EELC1,1500,-123.082500,39.825278
253,2018-08-11 13:45:00,8.2,,1.34,12.8,17.0,,,7.13,11.67,766.064,,,0.0,1.34,4.0,64.0,13.89,EELC1,1500,-123.082500,39.825278
254,2018-08-11 14:45:00,8.8,,0.0,12.8,183.0,,,7.43,13.33,766.064,,,0.0,0.0,29.0,63.0,14.44,EELC1,1500,-123.082500,39.825278
255,2018-08-11 15:45:00,8.9,N,1.79,13.7,325.0,,,7.56,24.44,766.064,,8.0,0.45,1.79,255.0,39.0,22.22,EELC1,1500,-123.082500,39.825278
256,2018-08-11 16:45:00,7.9,NW,3.58,13.3,323.0,,,8.46,29.44,766.064,,316.0,1.34,3.58,463.0,35.0,25.0,EELC1,1500,-123.082500,39.825278
257,2018-08-11 17:45:00,6.5,WNW,4.02,13.5,295.0,,,8.59,35.0,766.064,27.68,302.0,1.34,4.02,643.0,28.0,28.89,EELC1,1500,-123.082500,39.825278
258,2018-08-11 18:45:00,5.5,WNW,4.02,13.2,333.0,,,8.24,38.33,766.064,29.38,296.0,1.34,4.02,784.0,24.0,31.11,EELC1,1500,-123.082500,39.825278
259,2018-08-11 19:45:00,4.5,WSW,4.47,13.1,326.0,,,5.16,42.22,766.064,32.09,257.0,1.34,4.47,892.0,16.0,34.44,EELC1,1500,-123.082500,39.825278
260,2018-08-11 20:45:00,3.7,W,4.02,13.1,278.0,,,2.03,43.33,766.064,32.79,271.0,1.79,4.02,951.0,12.0,35.56,EELC1,1500,-123.082500,39.825278
261,2018-08-11 21:45:00,3.2,WSW,4.47,13.1,184.0,,,-5.51,43.89,766.064,33.77,247.0,1.34,4.47,935.0,6.0,37.78,EELC1,1500,-123.082500,39.825278
262,2018-08-11 22:45:00,2.7,SSW,5.37,13.1,193.0,,,-7.82,43.33,766.064,33.62,198.0,1.79,5.37,854.0,5.0,37.78,EELC1,1500,-123.082500,39.825278
263,2018-08-11 23:45:00,2.5,NW,4.92,13.5,315.0,,,-1.75,41.11,766.064,34.12,324.0,1.34,4.92,718.0,8.0,37.78,EELC1,1500,-123.082500,39.825278
264,2018-08-12 00:45:00,2.5,WNW,4.92,13.3,326.0,35.0,38.33,5.6,38.33,766.064,33.7,293.0,1.34,4.92,549.0,15.0,36.11,EELC1,1500,-123.082500,39.825278
265,2018-08-12 01:45:00,2.8,W,4.92,13.1,328.0,,,6.85,34.44,766.064,32.24,271.0,0.45,4.92,359.0,18.0,34.44,EELC1,1500,-123.082500,39.825278
266,2018-08-12 02:45:00,3.2,SSW,3.58,13.0,182.0,,,7.98,28.33,766.064,28.02,195.0,1.34,3.58,109.0,26.0,29.44,EELC1,1500,-123.082500,39.825278
267,2018-08-12 03:45:00,3.6,NNE,2.23,13.0,299.0,,,8.12,23.89,766.064,,25.0,0.45,2.23,5.0,32.0,26.11,EELC1,1500,-123.082500,39.825278
268,2018-08-12 04:45:00,4.1,,1.34,12.9,203.0,,,8.16,19.44,766.064,,,0.0,1.34,0.0,42.0,21.67,EELC1,1500,-123.082500,39.825278
269,2018-08-12 05:45:00,4.6,SSE,1.79,12.9,150.0,,,8.09,17.22,766.064,,161.0,0.9,1.79,0.0,48.0,19.44,EELC1,1500,-123.082500,39.825278
270,2018-08-12 06:45:00,5.1,,1.79,12.9,162.0,,,8.04,15.0,766.064,,,0.0,1.79,0.0,55.0,17.22,EELC1,1500,-123.082500,39.825278
271,2018-08-12 07:45:00,5.8,S,1.34,12.9,182.0,,,8.04,13.89,766.064,,171.0,0.45,1.34,0.0,59.0,16.11,EELC1,1500,-123.082500,39.825278
272,2018-08-12 08:45:00,6.5,,1.34,12.8,161.0,,,7.66,12.22,766.064,,,0.0,1.34,0.0,64.0,14.44,EELC1,1500,-123.082500,39.825278
273,2018-08-12 09:45:00,7.1,,1.34,12.8,40.0,,,7.13,11.67,766.064,,,0.0,1.34,0.0,64.0,13.89,EELC1,1500,-123.082500,39.825278
274,2018-08-12 10:45:00,7.8,,1.34,12.8,14.0,,,7.39,10.56,766.064,,,0.0,1.34,0.0,70.0,12.78,EELC1,1500,-123.082500,39.825278
275,2018-08-12 11:45:00,8.4,,0.9,12.8,181.0,,,6.54,9.44,766.064,,,0.0,0.9,0.0,71.0,11.67,EELC1,1500,-123.082500,39.825278
276,2018-08-12 12:45:00,9.0,,0.45,12.7,168.0,,,6.6,8.33,766.064,,,0.0,0.45,0.0,74.0,11.11,EELC1,1500,-123.082500,39.825278
277,2018-08-12 13:45:00,10.0,,0.9,12.7,10.0,,,6.46,8.33,766.064,,,0.0,0.9,3.0,76.0,10.56,EELC1,1500,-123.082500,39.825278
278,2018-08-12 14:45:00,10.4,,0.45,12.8,163.0,,,6.4,10.0,766.064,,,0.0,0.45,29.0,73.0,11.11,EELC1,1500,-123.082500,39.825278
279,2018-08-12 15:45:00,10.3,,1.34,13.5,289.0,,,5.94,18.89,766.064,,,0.0,1.34,219.0,46.0,17.78,EELC1,1500,-123.082500,39.825278
280,2018-08-12 16:45:00,9.5,NW,1.34,13.4,293.0,,,6.89,27.22,766.064,,325.0,0.45,1.34,438.0,36.0,22.78,EELC1,1500,-123.082500,39.825278
281,2018-08-12 17:45:00,7.8,W,1.79,13.4,251.0,,,9.1,32.78,766.064,26.64,275.0,0.45,1.79,574.0,32.0,27.22,EELC1,1500,-123.082500,39.825278
282,2018-08-12 18:45:00,6.4,WNW,2.68,14.0,278.0,,,9.97,38.33,766.064,29.59,283.0,0.9,2.68,764.0,27.0,31.11,EELC1,1500,-123.082500,39.825278
283,2018-08-12 19:45:00,5.2,W,4.92,13.1,279.0,,,5.93,40.0,766.064,31.13,270.0,1.34,4.92,840.0,18.0,33.33,EELC1,1500,-123.082500,39.825278
284,2018-08-12 20:45:00,4.3,NW,3.58,13.1,310.0,,,6.08,42.22,766.064,33.22,315.0,1.34,3.58,830.0,16.0,35.56,EELC1,1500,-123.082500,39.825278
285,2018-08-12 21:45:00,3.8,NW,4.47,13.1,325.0,,,5.07,41.67,766.064,34.17,308.0,1.79,4.47,775.0,14.0,36.67,EELC1,1500,-123.082500,39.825278
286,2018-08-12 22:45:00,3.4,W,5.81,13.1,322.0,,,1.69,43.33,766.064,35.05,280.0,1.34,5.81,790.0,10.0,38.33,EELC1,1500,-123.082500,39.825278
287,2018-08-12 23:45:00,3.1,NW,5.37,13.5,321.0,,,2.58,41.67,766.064,34.73,306.0,1.79,5.37,703.0,11.0,37.78,EELC1,1500,-123.082500,39.825278
288,2018-08-13 00:45:00,3.0,SSW,4.92,13.3,291.0,34.44,38.89,4.47,38.89,766.064,34.62,206.0,1.79,4.92,532.0,13.0,37.22,EELC1,1500,-123.082500,39.825278
289,2018-08-13 01:45:00,3.0,WSW,4.47,13.1,331.0,,,3.73,35.0,766.064,32.51,240.0,1.34,4.47,336.0,14.0,35.0,EELC1,1500,-123.082500,39.825278
290,2018-08-13 02:45:00,3.2,SSW,4.92,13.0,171.0,,,5.6,29.44,766.064,29.17,205.0,0.9,4.92,101.0,20.0,31.11,EELC1,1500,-123.082500,39.825278
291,2018-08-13 03:45:00,3.5,S,2.23,13.0,188.0,,,6.21,23.33,766.064,,179.0,0.45,2.23,7.0,29.0,25.56,EELC1,1500,-123.082500,39.825278
292,2018-08-13 04:45:00,3.9,SSE,1.34,12.9,189.0,,,5.99,20.0,766.064,,153.0,0.45,1.34,0.0,35.0,22.22,EELC1,1500,-123.082500,39.825278
293,2018-08-13 05:45:00,4.5,SSE,3.58,12.9,136.0,,,6.3,19.44,766.064,,167.0,0.45,3.58,0.0,37.0,21.67,EELC1,1500,-123.082500,39.825278
294,2018-08-13 06:45:00,4.9,E,3.58,12.9,92.0,,,7.15,18.33,766.064,,97.0,0.9,3.58,0.0,42.0,20.56,EELC1,1500,-123.082500,39.825278
295,2018-08-13 07:45:00,5.6,ESE,4.47,12.8,124.0,,,6.81,17.78,766.064,,113.0,1.34,4.47,0.0,44.0,19.44,EELC1,1500,-123.082500,39.825278
296,2018-08-13 08:45:00,5.8,SSE,4.47,12.8,138.0,,,6.31,17.22,766.064,,155.0,1.34,4.47,0.0,44.0,18.89,EELC1,1500,-123.082500,39.825278
297,2018-08-13 09:45:00,6.3,SE,3.58,12.8,136.0,,,6.64,16.11,766.064,,139.0,0.9,3.58,0.0,50.0,17.22,EELC1,1500,-123.082500,39.825278
298,2018-08-13 10:45:00,6.7,,2.68,12.8,154.0,,,7.27,13.89,766.064,,,0.0,2.68,0.0,56.0,16.11,EELC1,1500,-123.082500,39.825278
299,2018-08-13 11:45:00,7.4,E,4.47,12.8,155.0,,,6.75,13.89,766.064,,101.0,1.34,4.47,0.0,56.0,15.56,EELC1,1500,-123.082500,39.825278
300,2018-08-13 12:45:00,7.7,NNW,2.23,12.8,145.0,,,7.43,12.78,766.064,,333.0,0.45,2.23,0.0,63.0,14.44,EELC1,1500,-123.082500,39.825278
301,2018-08-13 13:45:00,8.2,,0.9,12.7,312.0,,,7.18,10.56,766.064,,,0.0,0.9,3.0,69.0,12.78,EELC1,1500,-123.082500,39.825278
302,2018-08-13 14:45:00,9.0,SSE,1.79,12.9,51.0,,,7.48,13.33,766.064,,156.0,0.9,1.79,49.0,61.0,15.0,EELC1,1500,-123.082500,39.825278
303,2018-08-13 15:45:00,9.1,WNW,2.68,13.4,287.0,,,7.45,19.44,766.064,,301.0,0.9,2.68,209.0,51.0,17.78,EELC1,1500,-123.082500,39.825278
304,2018-08-13 16:45:00,8.9,WNW,2.23,13.6,284.0,,,7.94,25.0,766.064,,299.0,0.9,2.23,359.0,40.0,22.22,EELC1,1500,-123.082500,39.825278
305,2018-08-13 17:45:00,7.8,NW,2.23,13.4,338.0,,,9.51,31.11,766.064,26.28,317.0,0.45,2.23,508.0,34.0,26.67,EELC1,1500,-123.082500,39.825278
306,2018-08-13 18:45:00,6.6,NW,3.58,13.3,314.0,,,8.53,34.44,766.064,28.07,318.0,1.34,3.58,630.0,27.0,29.44,EELC1,1500,-123.082500,39.825278
307,2018-08-13 19:45:00,5.4,WNW,3.58,13.5,325.0,,,3.81,38.89,766.064,31.5,288.0,0.9,3.58,726.0,15.0,33.89,EELC1,1500,-123.082500,39.825278
308,2018-08-13 20:45:00,4.5,SW,4.02,13.1,315.0,,,3.28,38.33,766.064,31.97,232.0,0.9,4.02,665.0,14.0,34.44,EELC1,1500,-123.082500,39.825278
309,2018-08-13 21:45:00,4.1,NNW,3.13,13.1,319.0,,,3.73,39.44,766.064,32.51,340.0,0.9,3.13,642.0,14.0,35.0,EELC1,1500,-123.082500,39.825278
310,2018-08-13 22:45:00,3.6,NW,3.58,13.1,281.0,,,1.71,40.56,766.064,33.65,323.0,1.34,3.58,677.0,11.0,36.67,EELC1,1500,-123.082500,39.825278
311,2018-08-13 23:45:00,3.3,SSW,4.92,13.6,196.0,,,0.4,40.0,766.064,33.46,200.0,1.79,4.92,615.0,10.0,36.67,EELC1,1500,-123.082500,39.825278
312,2018-08-14 00:45:00,3.1,NW,4.92,13.3,325.0,33.89,37.22,0.84,36.67,766.064,32.6,304.0,1.34,4.92,465.0,11.0,35.56,EELC1,1500,-123.082500,39.825278
313,2018-08-14 01:45:00,3.1,NW,4.92,13.1,322.0,,,-0.91,33.33,766.064,30.64,318.0,1.34,4.92,316.0,11.0,33.33,EELC1,1500,-123.082500,39.825278
314,2018-08-14 02:45:00,3.1,N,3.13,13.0,345.0,,,-2.36,28.33,766.064,28.04,2.0,1.34,3.13,110.0,12.0,30.0,EELC1,1500,-123.082500,39.825278
315,2018-08-14 03:45:00,3.2,SSE,1.79,13.0,171.0,,,-0.24,21.11,766.064,,157.0,0.9,1.79,7.0,21.0,23.33,EELC1,1500,-123.082500,39.825278
316,2018-08-14 04:45:00,3.5,,1.34,12.9,156.0,,,0.86,17.78,766.064,,,0.0,1.34,0.0,27.0,20.56,EELC1,1500,-123.082500,39.825278
317,2018-08-14 05:45:00,3.8,SSE,4.02,12.9,145.0,,,1.36,18.33,766.064,,148.0,2.23,4.02,0.0,29.0,20.0,EELC1,1500,-123.082500,39.825278
318,2018-08-14 06:45:00,4.1,SE,3.58,12.9,138.0,,,1.76,17.22,766.064,,141.0,1.34,3.58,0.0,32.0,18.89,EELC1,1500,-123.082500,39.825278
319,2018-08-14 07:45:00,4.5,SE,3.13,12.9,158.0,,,2.57,14.44,766.064,,137.0,0.9,3.13,0.0,39.0,16.67,EELC1,1500,-123.082500,39.825278
320,2018-08-14 08:45:00,4.8,SE,3.13,12.9,117.0,,,2.77,13.89,766.064,,133.0,0.45,3.13,0.0,41.0,16.11,EELC1,1500,-123.082500,39.825278
321,2018-08-14 09:45:00,5.2,SSE,4.02,12.8,133.0,,,2.42,13.89,766.064,,152.0,1.34,4.02,0.0,40.0,16.11,EELC1,1500,-123.082500,39.825278
322,2018-08-14 10:45:00,5.6,ESE,2.68,12.8,146.0,,,3.18,12.22,766.064,,105.0,0.9,2.68,0.0,47.0,14.44,EELC1,1500,-123.082500,39.825278
323,2018-08-14 11:45:00,5.9,NNE,1.79,12.8,44.0,,,2.75,11.67,766.064,,33.0,0.45,1.79,0.0,49.0,13.33,EELC1,1500,-123.082500,39.825278
324,2018-08-14 12:45:00,6.3,,1.34,12.8,323.0,,,3.87,10.0,766.064,,,0.0,1.34,0.0,57.0,12.22,EELC1,1500,-123.082500,39.825278
325,2018-08-14 13:45:00,6.8,,1.34,12.8,278.0,,,3.8,9.44,766.064,,,0.0,1.34,3.0,61.0,11.11,EELC1,1500,-123.082500,39.825278
326,2018-08-14 14:45:00,7.3,,1.34,12.8,318.0,,,4.37,11.11,766.064,,,0.0,1.34,43.0,59.0,12.22,EELC1,1500,-123.082500,39.825278
327,2018-08-14 15:45:00,7.9,,1.34,13.4,258.0,,,4.78,18.89,766.064,,,0.0,1.34,197.0,44.0,17.22,EELC1,1500,-123.082500,39.825278
328,2018-08-14 16:45:00,7.6,WNW,1.79,13.6,286.0,,,5.14,26.11,766.064,,283.0,0.45,1.79,395.0,33.0,22.22,EELC1,1500,-123.082500,39.825278
329,2018-08-14 17:45:00,6.5,NW,3.13,13.4,323.0,,,5.7,30.56,766.064,,311.0,1.34,3.13,571.0,28.0,25.56,EELC1,1500,-123.082500,39.825278
330,2018-08-14 18:45:00,5.7,NW,4.02,13.2,314.0,,,5.73,34.44,766.064,27.47,326.0,1.34,4.02,686.0,23.0,28.89,EELC1,1500,-123.082500,39.825278
331,2018-08-14 19:45:00,4.8,W,4.47,13.2,262.0,,,6.25,37.78,766.064,30.66,275.0,0.9,4.47,702.0,19.0,32.78,EELC1,1500,-123.082500,39.825278
332,2018-08-14 20:45:00,4.4,WNW,4.47,13.1,299.0,,,6.03,40.0,766.064,32.16,297.0,1.34,4.47,728.0,17.0,34.44,EELC1,1500,-123.082500,39.825278
333,2018-08-14 21:45:00,3.8,SW,4.02,13.1,293.0,,,5.16,39.44,766.064,33.13,230.0,0.9,4.02,658.0,15.0,35.56,EELC1,1500,-123.082500,39.825278
334,2018-08-14 22:45:00,3.6,W,3.13,13.7,270.0,,,4.62,39.44,766.064,33.6,266.0,0.9,3.13,563.0,14.0,36.11,EELC1,1500,-123.082500,39.825278
335,2018-08-14 23:45:00,3.3,W,3.58,13.1,313.0,,,5.07,40.0,766.064,34.17,266.0,1.34,3.58,561.0,14.0,36.67,EELC1,1500,-123.082500,39.825278
336,2018-08-15 00:45:00,3.3,NW,4.47,13.3,276.0,32.78,37.22,6.03,36.11,766.064,32.16,308.0,1.34,4.47,434.0,17.0,34.44,EELC1,1500,-123.082500,39.825278
337,2018-08-15 01:45:00,3.4,NNW,4.47,13.1,330.0,,,4.21,32.22,766.064,30.05,334.0,1.34,4.47,251.0,17.0,32.22,EELC1,1500,-123.082500,39.825278
338,2018-08-15 02:45:00,3.6,,3.13,13.1,320.0,,,3.18,28.89,766.064,28.19,,0.0,3.13,99.0,18.0,30.0,EELC1,1500,-123.082500,39.825278
339,2018-08-15 03:45:00,3.8,,1.34,13.0,197.0,,,4.16,22.78,766.064,,,0.0,1.34,9.0,26.0,25.0,EELC1,1500,-123.082500,39.825278
340,2018-08-15 04:45:00,4.1,,2.23,13.0,182.0,,,4.7,20.0,766.064,,,0.0,2.23,0.0,32.0,22.22,EELC1,1500,-123.082500,39.825278
341,2018-08-15 05:45:00,4.5,ENE,1.79,12.9,63.0,,,4.16,19.44,766.064,,74.0,0.9,1.79,0.0,33.0,21.11,EELC1,1500,-123.082500,39.825278
342,2018-08-15 06:45:00,4.9,SSE,1.34,12.9,168.0,,,5.06,17.22,766.064,,153.0,0.45,1.34,0.0,39.0,19.44,EELC1,1500,-123.082500,39.825278
343,2018-08-15 07:45:00,5.4,,1.34,12.9,172.0,,,5.3,16.11,766.064,,,0.0,1.34,0.0,44.0,17.78,EELC1,1500,-123.082500,39.825278
344,2018-08-15 08:45:00,5.8,,1.79,12.9,185.0,,,5.54,13.89,766.064,,,0.0,1.79,0.0,48.0,16.67,EELC1,1500,-123.082500,39.825278
345,2018-08-15 09:45:00,6.2,,0.9,12.8,153.0,,,5.43,13.33,766.064,,,0.0,0.9,0.0,53.0,15.0,EELC1,1500,-123.082500,39.825278
346,2018-08-15 10:45:00,6.7,,0.9,12.8,187.0,,,5.44,12.22,766.064,,,0.0,0.9,0.0,57.0,13.89,EELC1,1500,-123.082500,39.825278
347,2018-08-15 11:45:00,7.1,,0.9,12.8,204.0,,,5.9,11.11,766.064,,,0.0,0.9,0.0,61.0,13.33,EELC1,1500,-123.082500,39.825278
348,2018-08-15 12:45:00,7.7,,0.9,12.8,191.0,,,5.55,10.56,766.064,,,0.0,0.9,0.0,64.0,12.22,EELC1,1500,-123.082500,39.825278
349,2018-08-15 13:45:00,8.2,,0.9,12.7,140.0,,,6.21,10.0,766.064,,,0.0,0.9,3.0,67.0,12.22,EELC1,1500,-123.082500,39.825278
350,2018-08-15 14:45:00,8.9,,0.9,12.8,338.0,,,6.6,12.22,766.064,,,0.0,0.9,41.0,64.0,13.33,EELC1,1500,-123.082500,39.825278
351,2018-08-15 15:45:00,9.2,WNW,1.79,13.4,286.0,,,6.86,19.44,766.064,,299.0,0.9,1.79,185.0,49.0,17.78,EELC1,1500,-123.082500,39.825278
352,2018-08-15 16:45:00,8.6,NW,3.13,13.6,271.0,,,6.79,25.56,766.064,,326.0,1.34,3.13,375.0,37.0,22.22,EELC1,1500,-123.082500,39.825278
353,2018-08-15 17:45:00,7.5,NW,3.58,13.4,331.0,,,7.17,31.11,766.064,,319.0,1.34,3.58,546.0,31.0,25.56,EELC1,1500,-123.082500,39.825278
354,2018-08-15 18:45:00,6.2,WNW,3.13,13.3,337.0,,,7.4,35.0,766.064,27.98,303.0,1.34,3.13,664.0,25.0,29.44,EELC1,1500,-123.082500,39.825278
355,2018-08-15 19:45:00,5.2,W,4.92,13.1,297.0,,,7.7,38.33,766.064,30.79,266.0,0.9,4.92,724.0,21.0,32.78,EELC1,1500,-123.082500,39.825278
356,2018-08-15 20:45:00,4.6,W,4.92,13.2,283.0,,,8.38,40.0,766.064,32.43,266.0,1.34,4.92,753.0,20.0,34.44,EELC1,1500,-123.082500,39.825278
357,2018-08-15 21:45:00,4.3,NW,4.02,13.1,275.0,,,7.78,40.56,766.064,33.43,318.0,1.34,4.02,716.0,18.0,35.56,EELC1,1500,-123.082500,39.825278
358,2018-08-15 22:45:00,3.8,W,4.02,13.1,292.0,,,6.53,40.0,766.064,33.8,272.0,0.9,4.02,655.0,16.0,36.11,EELC1,1500,-123.082500,39.825278
359,2018-08-15 23:45:00,3.5,W,4.92,13.5,302.0,,,6.95,38.33,766.064,33.32,273.0,1.34,4.92,537.0,17.0,35.56,EELC1,1500,-123.082500,39.825278
360,2018-08-16 00:45:00,3.6,W,4.02,13.3,289.0,32.78,36.11,7.45,35.0,766.064,31.27,279.0,1.34,4.02,388.0,20.0,33.33,EELC1,1500,-123.082500,39.825278
361,2018-08-16 01:45:00,3.8,NNW,5.81,13.1,321.0,,,4.87,31.67,766.064,29.14,331.0,2.23,5.81,278.0,19.0,31.11,EELC1,1500,-123.082500,39.825278
362,2018-08-16 02:45:00,3.9,N,4.02,13.0,336.0,,,3.74,27.22,766.064,27.38,350.0,0.9,4.02,92.0,20.0,28.89,EELC1,1500,-123.082500,39.825278
363,2018-08-16 03:45:00,4.1,S,1.34,13.0,203.0,,,4.75,21.67,766.064,,173.0,0.45,1.34,6.0,30.0,23.33,EELC1,1500,-123.082500,39.825278
364,2018-08-16 04:45:00,4.5,,1.34,12.9,153.0,,,5.31,18.33,766.064,,,0.0,1.34,0.0,37.0,20.56,EELC1,1500,-123.082500,39.825278
365,2018-08-16 05:45:00,5.1,SSE,1.34,12.9,200.0,,,5.43,17.22,766.064,,155.0,0.45,1.34,0.0,40.0,19.44,EELC1,1500,-123.082500,39.825278
366,2018-08-16 06:45:00,5.4,SSE,1.79,12.9,165.0,,,5.63,16.67,766.064,,148.0,0.45,1.79,0.0,42.0,18.89,EELC1,1500,-123.082500,39.825278
367,2018-08-16 07:45:00,5.8,,1.34,12.9,195.0,,,5.43,15.0,766.064,,,0.0,1.34,0.0,46.0,17.22,EELC1,1500,-123.082500,39.825278
368,2018-08-16 08:45:00,6.3,,0.9,12.9,177.0,,,5.96,12.78,766.064,,,0.0,0.9,0.0,55.0,15.0,EELC1,1500,-123.082500,39.825278
369,2018-08-16 09:45:00,6.8,,0.9,12.8,182.0,,,5.94,12.22,766.064,,,0.0,0.9,0.0,59.0,13.89,EELC1,1500,-123.082500,39.825278
370,2018-08-16 10:45:00,7.3,,1.34,12.8,185.0,,,6.14,11.11,766.064,,,0.0,1.34,0.0,62.0,13.33,EELC1,1500,-123.082500,39.825278
371,2018-08-16 11:45:00,7.9,,0.9,12.8,161.0,,,6.43,10.0,766.064,,,0.0,0.9,0.0,68.0,12.22,EELC1,1500,-123.082500,39.825278
372,2018-08-16 12:45:00,8.4,,1.34,12.8,128.0,,,6.33,9.44,766.064,,,0.0,1.34,0.0,70.0,11.67,EELC1,1500,-123.082500,39.825278
373,2018-08-16 13:45:00,9.1,WNW,2.68,12.7,34.0,,,6.43,10.56,766.064,,297.0,0.45,2.68,2.0,68.0,12.22,EELC1,1500,-123.082500,39.825278
374,2018-08-16 14:45:00,10.0,,0.9,12.8,9.0,,,6.54,10.56,766.064,,,0.0,0.9,29.0,71.0,11.67,EELC1,1500,-123.082500,39.825278
375,2018-08-16 15:45:00,10.0,,1.34,13.7,153.0,,,8.18,20.0,766.064,,,0.0,1.34,218.0,50.0,18.89,EELC1,1500,-123.082500,39.825278
376,2018-08-16 16:45:00,9.5,WNW,2.68,13.6,289.0,,,7.29,27.22,766.064,,294.0,0.9,2.68,434.0,37.0,22.78,EELC1,1500,-123.082500,39.825278
377,2018-08-16 17:45:00,7.8,NW,2.68,13.3,265.0,,,7.65,33.33,766.064,26.52,323.0,0.9,2.68,619.0,29.0,27.22,EELC1,1500,-123.082500,39.825278
378,2018-08-16 18:45:00,6.3,NW,4.47,13.3,319.0,,,6.77,38.33,766.064,29.72,311.0,1.79,4.47,793.0,21.0,31.67,EELC1,1500,-123.082500,39.825278
379,2018-08-16 19:45:00,4.8,W,4.02,13.1,330.0,,,-0.89,42.78,766.064,31.92,274.0,1.34,4.02,887.0,10.0,35.0,EELC1,1500,-123.082500,39.825278
380,2018-08-16 20:45:00,3.8,WNW,4.02,13.2,295.0,,,-1.02,43.89,766.064,33.28,297.0,1.34,4.02,934.0,9.0,36.67,EELC1,1500,-123.082500,39.825278
381,2018-08-16 21:45:00,3.1,WNW,4.92,13.1,319.0,,,-2.17,43.89,766.064,33.61,303.0,1.34,4.92,916.0,8.0,37.22,EELC1,1500,-123.082500,39.825278
382,2018-08-16 22:45:00,2.9,WNW,4.47,13.1,321.0,,,-0.17,42.22,766.064,34.31,284.0,0.9,4.47,795.0,9.0,37.78,EELC1,1500,-123.082500,39.825278
383,2018-08-16 23:45:00,2.7,WNW,3.58,13.5,319.0,,,-0.17,40.56,766.064,34.31,290.0,1.34,3.58,635.0,9.0,37.78,EELC1,1500,-123.082500,39.825278
384,2018-08-17 00:45:00,2.7,WNW,4.02,13.3,273.0,35.0,37.78,1.27,37.22,766.064,33.12,287.0,0.9,4.02,460.0,11.0,36.11,EELC1,1500,-123.082500,39.825278
385,2018-08-17 01:45:00,2.8,NW,4.02,13.1,282.0,,,1.81,33.33,766.064,31.42,304.0,0.45,4.02,235.0,13.0,33.89,EELC1,1500,-123.082500,39.825278
386,2018-08-17 02:45:00,3.0,,3.13,13.0,277.0,,,2.84,28.89,766.064,28.62,,0.0,3.13,78.0,17.0,30.56,EELC1,1500,-123.082500,39.825278
387,2018-08-17 03:45:00,3.2,SSE,2.23,13.0,8.0,,,3.97,24.44,766.064,,160.0,0.45,2.23,5.0,24.0,26.11,EELC1,1500,-123.082500,39.825278
388,2018-08-17 04:45:00,3.5,,1.79,13.0,167.0,,,4.25,22.22,766.064,,,0.0,1.79,0.0,28.0,23.89,EELC1,1500,-123.082500,39.825278
389,2018-08-17 05:45:00,3.8,,2.68,12.9,158.0,,,4.24,20.0,766.064,,,0.0,2.68,0.0,31.0,22.22,EELC1,1500,-123.082500,39.825278
390,2018-08-17 06:45:00,4.2,,1.34,12.9,156.0,,,4.01,17.78,766.064,,,0.0,1.34,0.0,35.0,20.0,EELC1,1500,-123.082500,39.825278
391,2018-08-17 07:45:00,4.7,ESE,3.58,12.9,134.0,,,4.01,17.78,766.064,,108.0,1.34,3.58,0.0,35.0,20.0,EELC1,1500,-123.082500,39.825278
392,2018-08-17 08:45:00,4.9,SSE,4.92,12.9,144.0,,,4.06,16.11,766.064,,149.0,0.45,4.92,0.0,39.0,18.33,EELC1,1500,-123.082500,39.825278
393,2018-08-17 09:45:00,5.3,ESE,3.58,12.8,152.0,,,3.42,16.11,766.064,,120.0,1.34,3.58,0.0,40.0,17.22,EELC1,1500,-123.082500,39.825278
394,2018-08-17 10:45:00,5.6,SSE,4.02,12.8,146.0,,,2.93,15.56,766.064,,147.0,2.23,4.02,0.0,40.0,16.67,EELC1,1500,-123.082500,39.825278
395,2018-08-17 11:45:00,5.8,SSE,5.81,12.8,149.0,,,2.2,15.56,766.064,,162.0,2.68,5.81,0.0,38.0,16.67,EELC1,1500,-123.082500,39.825278
396,2018-08-17 12:45:00,6.1,,1.79,12.8,304.0,,,4.14,11.11,766.064,,,0.0,1.79,0.0,54.0,13.33,EELC1,1500,-123.082500,39.825278
397,2018-08-17 13:45:00,6.6,SSE,4.02,12.8,147.0,,,2.57,12.78,766.064,,155.0,1.34,4.02,3.0,45.0,14.44,EELC1,1500,-123.082500,39.825278
398,2018-08-17 14:45:00,6.9,,2.68,12.8,286.0,,,4.66,12.22,766.064,,,0.0,2.68,46.0,56.0,13.33,EELC1,1500,-123.082500,39.825278
399,2018-08-17 15:45:00,7.4,NNW,1.34,13.2,336.0,,,4.78,17.78,766.064,,332.0,0.45,1.34,153.0,44.0,17.22,EELC1,1500,-123.082500,39.825278
400,2018-08-17 16:45:00,7.4,SSW,2.23,13.6,293.0,,,5.0,23.33,766.064,,209.0,0.45,2.23,323.0,35.0,21.11,EELC1,1500,-123.082500,39.825278
401,2018-08-17 17:45:00,6.8,W,2.68,13.3,296.0,,,5.21,28.89,766.064,,263.0,0.45,2.68,445.0,28.0,25.0,EELC1,1500,-123.082500,39.825278
402,2018-08-17 18:45:00,6.1,NW,3.13,13.2,329.0,,,5.87,33.89,766.064,27.09,317.0,1.34,3.13,606.0,24.0,28.33,EELC1,1500,-123.082500,39.825278
403,2018-08-17 19:45:00,5.0,NW,3.58,13.3,334.0,,,5.79,37.78,766.064,30.13,305.0,1.34,3.58,713.0,19.0,32.22,EELC1,1500,-123.082500,39.825278
404,2018-08-17 20:45:00,4.2,WNW,3.58,13.1,287.0,,,3.14,41.67,766.064,32.98,282.0,0.9,3.58,796.0,13.0,35.56,EELC1,1500,-123.082500,39.825278
405,2018-08-17 21:45:00,3.5,WNW,4.02,13.1,322.0,,,-0.6,42.22,766.064,33.79,286.0,0.9,4.02,782.0,9.0,37.22,EELC1,1500,-123.082500,39.825278
406,2018-08-17 22:45:00,3.0,SSW,4.47,13.1,193.0,,,-2.17,40.56,766.064,33.61,209.0,1.34,4.47,666.0,8.0,37.22,EELC1,1500,-123.082500,39.825278
407,2018-08-17 23:45:00,2.9,WNW,4.92,13.5,326.0,,,0.83,38.89,766.064,33.98,290.0,0.9,4.92,508.0,10.0,37.22,EELC1,1500,-123.082500,39.825278
408,2018-08-18 00:45:00,2.8,SW,4.02,13.3,187.0,33.33,37.78,-1.45,36.67,766.064,32.76,225.0,0.9,4.02,357.0,9.0,36.11,EELC1,1500,-123.082500,39.825278
409,2018-08-18 01:45:00,2.9,SW,3.13,13.1,294.0,,,5.16,33.33,766.064,32.09,221.0,0.45,3.13,186.0,16.0,34.44,EELC1,1500,-123.082500,39.825278
410,2018-08-18 02:45:00,3.1,,2.23,13.0,280.0,,,3.94,27.78,766.064,28.21,,0.0,2.23,60.0,19.0,30.0,EELC1,1500,-123.082500,39.825278
411,2018-08-18 03:45:00,3.5,,1.34,13.0,179.0,,,4.21,21.67,766.064,,,0.0,1.34,4.0,27.0,24.44,EELC1,1500,-123.082500,39.825278
412,2018-08-18 04:45:00,3.8,SE,1.79,13.0,78.0,,,4.24,19.44,766.064,,137.0,0.45,1.79,0.0,31.0,22.22,EELC1,1500,-123.082500,39.825278
413,2018-08-18 05:45:00,4.3,SE,4.47,12.9,142.0,,,4.65,20.0,766.064,,143.0,1.34,4.47,0.0,33.0,21.67,EELC1,1500,-123.082500,39.825278
414,2018-08-18 06:45:00,4.7,SSE,5.37,12.9,153.0,,,4.81,18.89,766.064,,162.0,3.13,5.37,0.0,37.0,20.0,EELC1,1500,-123.082500,39.825278
415,2018-08-18 07:45:00,5.1,SSE,4.92,12.9,184.0,,,5.12,17.22,766.064,,161.0,2.68,4.92,0.0,42.0,18.33,EELC1,1500,-123.082500,39.825278
416,2018-08-18 08:45:00,5.4,S,5.37,12.9,177.0,,,4.45,16.67,766.064,,170.0,3.58,5.37,0.0,43.0,17.22,EELC1,1500,-123.082500,39.825278
417,2018-08-18 09:45:00,5.9,S,5.81,12.8,150.0,,,4.78,16.11,766.064,,170.0,3.58,5.81,0.0,44.0,17.22,EELC1,1500,-123.082500,39.825278
418,2018-08-18 10:45:00,6.2,SSE,5.81,12.8,154.0,,,4.28,15.56,766.064,,155.0,2.68,5.81,0.0,44.0,16.67,EELC1,1500,-123.082500,39.825278
419,2018-08-18 11:45:00,6.4,SE,5.81,12.8,154.0,,,4.09,14.44,766.064,,127.0,1.34,5.81,0.0,45.0,16.11,EELC1,1500,-123.082500,39.825278
420,2018-08-18 12:45:00,6.7,SSW,4.02,12.8,149.0,,,4.29,13.89,766.064,,204.0,0.9,4.02,0.0,49.0,15.0,EELC1,1500,-123.082500,39.825278
421,2018-08-18 13:45:00,7.2,SE,4.02,12.8,132.0,,,4.0,13.33,766.064,,141.0,1.34,4.02,1.0,48.0,15.0,EELC1,1500,-123.082500,39.825278
422,2018-08-18 14:45:00,7.5,,2.68,12.8,285.0,,,4.93,12.78,766.064,,,0.0,2.68,35.0,55.0,13.89,EELC1,1500,-123.082500,39.825278
423,2018-08-18 15:45:00,7.8,WNW,2.68,13.0,279.0,,,4.81,16.11,766.064,,302.0,0.9,2.68,112.0,49.0,15.56,EELC1,1500,-123.082500,39.825278
424,2018-08-18 16:45:00,7.9,NW,1.79,13.5,319.0,,,5.43,21.11,766.064,,304.0,0.9,1.79,232.0,40.0,19.44,EELC1,1500,-123.082500,39.825278
425,2018-08-18 17:45:00,7.5,NNW,2.23,13.5,270.0,,,5.23,28.33,766.064,,333.0,0.45,2.23,430.0,29.0,24.44,EELC1,1500,-123.082500,39.825278
426,2018-08-18 18:45:00,6.3,NW,1.79,13.3,323.0,,,5.56,35.0,766.064,27.86,311.0,0.9,1.79,568.0,22.0,29.44,EELC1,1500,-123.082500,39.825278
427,2018-08-18 19:45:00,4.9,NW,3.58,13.4,287.0,,,5.62,41.11,766.064,32.65,304.0,1.34,3.58,746.0,16.0,35.0,EELC1,1500,-123.082500,39.825278
428,2018-08-18 20:45:00,3.9,W,4.02,13.1,342.0,,,3.79,43.89,766.064,34.96,262.0,1.34,4.02,818.0,12.0,37.78,EELC1,1500,-123.082500,39.825278
429,2018-08-18 21:45:00,3.3,W,5.37,13.1,289.0,,,3.45,44.44,766.064,35.84,281.0,0.9,5.37,816.0,11.0,38.89,EELC1,1500,-123.082500,39.825278
430,2018-08-18 22:45:00,2.9,SW,4.47,13.0,313.0,,,-0.49,43.89,766.064,35.67,216.0,0.9,4.47,728.0,8.0,39.44,EELC1,1500,-123.082500,39.825278
431,2018-08-18 23:45:00,2.7,WNW,4.47,13.5,320.0,,,-0.49,41.67,766.064,35.67,289.0,0.9,4.47,608.0,8.0,39.44,EELC1,1500,-123.082500,39.825278
432,2018-08-19 00:45:00,2.6,SW,4.92,13.3,275.0,36.11,39.44,-3.51,38.33,766.064,33.94,230.0,1.34,4.92,441.0,7.0,37.78,EELC1,1500,-123.082500,39.825278
433,2018-08-19 01:45:00,2.5,W,4.92,13.1,296.0,,,-5.17,35.0,766.064,31.96,260.0,0.9,4.92,255.0,7.0,35.56,EELC1,1500,-123.082500,39.825278
434,2018-08-19 02:45:00,2.3,,4.47,13.0,282.0,,,-1.92,27.78,766.064,28.48,,0.0,4.47,79.0,12.0,30.56,EELC1,1500,-123.082500,39.825278
435,2018-08-19 03:45:00,2.3,,1.34,13.0,212.0,,,-2.18,21.11,766.064,,,0.0,1.34,5.0,17.0,24.44,EELC1,1500,-123.082500,39.825278
436,2018-08-19 04:45:00,3.0,ESE,4.02,12.9,157.0,,,-2.63,21.11,766.064,,106.0,1.79,4.02,0.0,17.0,23.89,EELC1,1500,-123.082500,39.825278
437,2018-08-19 05:45:00,3.2,ESE,4.92,12.9,142.0,,,-1.83,20.0,766.064,,121.0,2.23,4.92,0.0,20.0,22.22,EELC1,1500,-123.082500,39.825278
438,2018-08-19 06:45:00,3.4,SSE,5.37,12.9,140.0,,,-1.24,18.89,766.064,,158.0,2.23,5.37,0.0,24.0,20.0,EELC1,1500,-123.082500,39.825278
439,2018-08-19 07:45:00,3.6,SSE,5.81,12.9,143.0,,,-1.07,17.78,766.064,,161.0,3.13,5.81,0.0,27.0,18.33,EELC1,1500,-123.082500,39.825278
440,2018-08-19 08:45:00,3.9,SSE,5.81,12.8,158.0,,,-1.05,16.67,766.064,,150.0,2.23,5.81,0.0,28.0,17.78,EELC1,1500,-123.082500,39.825278
441,2018-08-19 09:45:00,4.0,SSE,5.81,12.8,154.0,,,-1.05,16.67,766.064,,157.0,3.58,5.81,0.0,28.0,17.78,EELC1,1500,-123.082500,39.825278
442,2018-08-19 10:45:00,4.2,SE,4.92,12.8,151.0,,,-0.26,14.44,766.064,,145.0,0.45,4.92,0.0,33.0,16.11,EELC1,1500,-123.082500,39.825278
443,2018-08-19 11:45:00,4.6,SSE,5.37,12.8,145.0,,,0.23,15.0,766.064,,153.0,3.13,5.37,0.0,33.0,16.67,EELC1,1500,-123.082500,39.825278
444,2018-08-19 12:45:00,4.7,,5.81,12.8,148.0,,,0.76,12.22,766.064,,,0.0,5.81,0.0,41.0,13.89,EELC1,1500,-123.082500,39.825278
445,2018-08-19 13:45:00,5.0,WNW,2.23,12.8,272.0,,,1.24,12.22,766.064,,301.0,0.9,2.23,1.0,44.0,13.33,EELC1,1500,-123.082500,39.825278
446,2018-08-19 14:45:00,5.3,,1.34,12.8,347.0,,,1.86,12.22,766.064,,,0.0,1.34,33.0,46.0,13.33,EELC1,1500,-123.082500,39.825278
447,2018-08-19 15:45:00,5.7,,0.45,12.9,0.0,,,1.7,16.67,766.064,,,0.0,0.45,122.0,38.0,16.11,EELC1,1500,-123.082500,39.825278
448,2018-08-19 16:45:00,6.0,,0.9,13.5,308.0,,,3.24,22.78,766.064,,,0.0,0.9,263.0,32.0,20.56,EELC1,1500,-123.082500,39.825278
449,2018-08-19 17:45:00,5.6,NW,1.79,13.3,283.0,,,4.08,30.0,766.064,,306.0,0.9,1.79,489.0,25.0,25.56,EELC1,1500,-123.082500,39.825278
450,2018-08-19 18:45:00,4.9,WNW,3.13,13.3,281.0,,,3.48,35.56,766.064,27.77,303.0,0.9,3.13,636.0,19.0,29.44,EELC1,1500,-123.082500,39.825278
