,date_time,precip_accum_set_1,volt_set_1,air_temp_set_1,precip_accum_one_hour_set_1,_meta_station_id,_meta_elevation,_meta_longitude,_meta_latitude
0,2018-08-01 00:00:00,129.794,11.88,30.0,,MUDC1,3528,-123.28306,40.71694
1,2018-08-01 00:30:00,129.794,,,,MUDC1,3528,-123.28306,40.71694
2,2018-08-01 01:00:00,129.794,11.88,27.78,0.0,MUDC1,3528,-123.28306,40.71694
3,2018-08-01 01:30:00,129.794,,,,MUDC1,3528,-123.28306,40.71694
4,2018-08-01 02:00:00,129.794,11.84,24.44,,MUDC1,3528,-123.28306,40.71694
5,2018-08-01 02:30:00,129.794,,,,MUDC1,3528,-123.28306,40.71694
6,2018-08-01 03:00:00,129.794,11.54,22.78,,MUDC1,3528,-123.28306,40.71694
7,2018-08-01 03:30:00,129.794,,,,MUDC1,3528,-123.28306,40.71694
8,2018-08-01 04:00:00,129.794,11.52,20.56,0.0,MUDC1,3528,-123.28306,40.71694
9,2018-08-01 04:30:00,129.794,,,,MUDC1,3528,-123.28306,40.71694
10,2018-08-01 05:00:00,129.794,11.52,18.89,0.0,MUDC1,3528,-123.28306,40.71694
11,2018-08-01 05:30:00,129.794,,,,MUDC1,3528,-123.28306,40.71694
12,2018-08-01 06:00:00,129.794,11.5,17.22,0.0,MUDC1,3528,-123.28306,40.71694
13,2018-08-01 06:30:00,129.794,,,,MUDC1,3528,-123.28306,40.71694
14,2018-08-01 07:00:00,129.794,11.5,15.0,0.0,MUDC1,3528,-123.28306,40.71694
15,2018-08-01 07:30:00,129.794,,,,MUDC1,3528,-123.28306,40.71694
16,2018-08-01 08:00:00,129.794,11.5,15.56,,MUDC1,3528,-123.28306,40.71694
17,2018-08-01 08:30:00,129.794,,,,MUDC1,3528,-123.28306,40.71694
18,2018-08-01 09:00:00,129.794,11.5,15.0,,MUDC1,3528,-123.28306,40.71694
19,2018-08-01 09:30:00,129.794,,,,MUDC1,3528,-123.28306,40.71694
20,2018-08-01 10:00:00,129.794,11.5,13.89,0.0,MUDC1,3528,-123.28306,40.71694
21,2018-08-01 10:30:00,129.794,,,,MUDC1,3528,-123.28306,40.71694
22,2018-08-01 11:00:00,129.794,11.5,14.44,0.0,MUDC1,3528,-123.28306,40.71694
23,2018-08-01 11:30:00,129.794,,,,MUDC1,3528,-123.28306,40.71694
24,2018-08-01 12:00:00,129.794,11.48,13.33,0.0,MUDC1,3528,-123.28306,40.71694
25,2018-08-01 12:30:00,129.794,,,,MUDC1,3528,-123.28306,40.71694
26,2018-08-01 13:00:00,129.794,11.48,12.78,0.0,MUDC1,3528,-123.28306,40.71694
27,2018-08-01 13:30:00,129.794,,,,MUDC1,3528,-123.28306,40.71694
28,2018-08-01 14:00:00,129.794,11.48,12.78,0.0,MUDC1,3528,-123.28306,40.71694
29,2018-08-01 14:30:00,129.794,,,,MUDC1,3528,-123.28306,40.71694
30,2018-08-01 15:00:00,129.794,11.48,16.11,,MUDC1,3528,-123.28306,40.71694
31,2018-08-01 15:30:00,129.794,,,,MUDC1,3528,-123.28306,40.71694
32,2018-08-01 16:00:00,129.794,11.57,21.11,0.0,MUDC1,3528,-123.28306,40.71694
33,2018-08-01 16:30:00,129.794,,,,MUDC1,3528,-123.28306,40.71694
34,2018-08-01 17:00:00,129.794,12.14,22.78,0.0,MUDC1,3528,-123.28306,40.71694
35,2018-08-01 17:30:00,129.794,,,,MUDC1,3528,-123.28306,40.71694
36,2018-08-01 18:00:00,129.794,12.07,23.89,0.0,MUDC1,3528,-123.28306,40.71694
37,2018-08-01 18:30:00,129.794,,,,MUDC1,3528,-123.28306,40.71694
38,2018-08-01 19:00:00,129.794,12.01,26.11,0.0,MUDC1,3528,-123.28306,40.71694
39,2018-08-01 19:30:00,129.794,,,,MUDC1,3528,-123.28306,40.71694
40,2018-08-01 20:00:00,129.794,12.01,28.89,0.0,MUDC1,3528,-123.28306,40.71694
41,2018-08-01 20:30:00,129.794,,,,MUDC1,3528,-123.28306,40.71694
42,2018-08-01 21:00:00,129.794,11.97,31.67,0.0,MUDC1,3528,-123.28306,40.71694
43,2018-08-01 21:30:00,129.794,,,,MUDC1,3528,-123.28306,40.71694
44,2018-08-01 22:00:00,129.794,11.97,31.11,0.0,MUDC1,3528,-123.28306,40.71694
45,2018-08-01 22:30:00,129.794,,,,MUDC1,3528,-123.28306,40.71694
46,2018-08-01 23:00:00,129.794,11.97,30.56,0.0,MUDC1,3528,-123.28306,40.71694
47,2018-08-01 23:30:00,129.794,,,,MUDC1,3528,-123.28306,40.71694
48,2018-08-02 00:00:00,129.794,11.86,30.0,0.0,MUDC1,3528,-123.28306,40.71694
49,2018-08-02 00:30:00,129.794,,,,MUDC1,3528,-123.28306,40.71694
50,2018-08-02 01:00:00,129.794,11.88,28.33,,MUDC1,3528,-123.28306,40.71694
51,2018-08-02 01:30:00,129.794,,,,MUDC1,3528,-123.28306,40.71694
52,2018-08-02 02:00:00,129.794,11.75,26.11,0.0,MUDC1,3528,-123.28306,40.71694
53,2018-08-02 02:30:00,129.794,,,,MUDC1,3528,-123.28306,40.71694
54,2018-08-02 03:00:00,129.794,11.54,22.78,,MUDC1,3528,-123.28306,40.71694
55,2018-08-02 03:30:00,129.794,,,,MUDC1,3528,-123.28306,40.71694
56,2018-08-02 04:00:00,129.794,11.5,20.56,0.0,MUDC1,3528,-123.28306,40.71694
57,2018-08-02 04:30:00,129.794,,,,MUDC1,3528,-123.28306,40.71694
58,2018-08-02 05:00:00,129.794,11.5,18.33,0.0,MUDC1,3528,-123.28306,40.71694
59,2018-08-02 05:30:00,129.794,,,,MUDC1,3528,-123.28306,40.71694
60,2018-08-02 06:00:00,129.794,11.5,16.67,0.0,MUDC1,3528,-123.28306,40.71694
61,2018-08-02 06:30:00,129.794,,,,MUDC1,3528,-123.28306,40.71694
62,2018-08-02 07:00:00,129.794,11.48,14.44,0.0,MUDC1,3528,-123.28306,40.71694
63,2018-08-02 07:30:00,129.794,,,,MUDC1,3528,-123.28306,40.71694
64,2018-08-02 08:00:00,129.794,11.48,15.0,,MUDC1,3528,-123.28306,40.71694
65,2018-08-02 08:30:00,129.794,,,,MUDC1,3528,-123.28306,40.71694
66,2018-08-02 09:00:00,129.794,11.48,13.89,0.0,MUDC1,3528,-123.28306,40.71694
67,2018-08-02 09:30:00,129.794,,,,MUDC1,3528,-123.28306,40.71694
68,2018-08-02 10:00:00,129.794,11.48,13.33,0.0,MUDC1,3528,-123.28306,40.71694
69,2018-08-02 10:30:00,129.794,,,,MUDC1,3528,-123.28306,40.71694
70,2018-08-02 11:00:00,129.794,11.48,12.22,0.0,MUDC1,3528,-123.28306,40.71694
71,2018-08-02 11:30:00,129.794,,,,MUDC1,3528,-123.28306,40.71694
72,2018-08-02 12:00:00,129.794,11.48,12.78,0.0,MUDC1,3528,-123.28306,40.71694
73,2018-08-02 12:30:00,129.794,,,,MUDC1,3528,-123.28306,40.71694
74,2018-08-02 13:00:00,129.794,11.48,11.11,0.0,MUDC1,3528,-123.28306,40.71694
75,2018-08-02 13:30:00,129.794,,,,MUDC1,3528,-123.28306,40.71694
76,2018-08-02 14:00:00,129.794,11.48,11.67,0.0,MUDC1,3528,-123.28306,40.71694
77,2018-08-02 14:30:00,129.794,,,,MUDC1,3528,-123.28306,40.71694
78,2018-08-02 15:00:00,129.794,11.46,16.11,0.0,MUDC1,3528,-123.28306,40.71694
79,2018-08-02 15:30:00,129.794,,,,MUDC1,3528,-123.28306,40.71694
80,2018-08-02 16:00:00,129.794,11.56,18.89,0.0,MUDC1,3528,-123.28306,40.71694
81,2018-08-02 16:30:00,129.794,,,,MUDC1,3528,-123.28306,40.71694
82,2018-08-02 17:00:00,129.794,12.11,21.11,0.0,MUDC1,3528,-123.28306,40.71694
83,2018-08-02 17:30:00,129.794,,,,MUDC1,3528,-123.28306,40.71694
84,2018-08-02 18:00:00,129.794,11.93,21.67,0.0,MUDC1,3528,-123.28306,40.71694
85,2018-08-02 18:30:00,129.794,,,,MUDC1,3528,-123.28306,40.71694
86,2018-08-02 19:00:00,129.794,11.89,24.44,0.0,MUDC1,3528,-123.28306,40.71694
87,2018-08-02 19:30:00,129.794,,,,MUDC1,3528,-123.28306,40.71694
88,2018-08-02 20:00:00,129.794,12.01,27.78,,MUDC1,3528,-123.28306,40.71694
89,2018-08-02 20:30:00,129.794,,,,MUDC1,3528,-123.28306,40.71694
90,2018-08-02 21:00:00,129.794,11.96,29.44,0.0,MUDC1,3528,-123.28306,40.71694
91,2018-08-02 21:30:00,129.794,,,,MUDC1,3528,-123.28306,40.71694
92,2018-08-02 22:00:00,129.794,12.0,30.56,0.0,MUDC1,3528,-123.28306,40.71694
93,2018-08-02 22:30:00,129.794,,,,MUDC1,3528,-123.28306,40.71694
94,2018-08-02 23:00:00,129.794,11.97,29.44,0.0,MUDC1,3528,-123.28306,40.71694
95,2018-08-02 23:30:00,129.794,,,,MUDC1,3528,-123.28306,40.71694
96,2018-08-03 00:00:00,129.794,11.88,26.67,0.0,MUDC1,3528,-123.28306,40.71694
97,2018-08-03 00:30:00,129.794,,,,MUDC1,3528,-123.28306,40.71694
98,2018-08-03 01:00:00,129.794,11.88,25.56,0.0,MUDC1,3528,-123.28306,40.71694
99,2018-08-03 01:30:00,129.794,,,,MUDC1,3528,-123.28306,40.71694
100,2018-08-03 02:00:00,129.794,11.56,22.22,,MUDC1,3528,-123.28306,40.71694
101,2018-08-03 02:30:00,129.794,,,,MUDC1,3528,-123.28306,40.71694
102,2018-08-03 03:00:00,129.794,11.52,18.89,,MUDC1,3528,-123.28306,40.71694
103,2018-08-03 03:30:00,129.794,,,,MUDC1,3528,-123.28306,40.71694
104,2018-08-03 04:00:00,129.794,11.5,17.22,0.0,MUDC1,3528,-123.28306,40.71694
105,2018-08-03 04:30:00,129.794,,,,MUDC1,3528,-123.28306,40.71694
106,2018-08-03 05:00:00,129.794,11.5,15.0,,MUDC1,3528,-123.28306,40.71694
107,2018-08-03 05:30:00,129.794,,,,MUDC1,3528,-123.28306,40.71694
108,2018-08-03 06:00:00,129.794,11.5,13.33,0.0,MUDC1,3528,-123.28306,40.71694
109,2018-08-03 06:30:00,129.794,,,,MUDC1,3528,-123.28306,40.71694
110,2018-08-03 07:00:00,129.794,11.5,12.78,,MUDC1,3528,-123.28306,40.71694
111,2018-08-03 07:30:00,129.794,,,,MUDC1,3528,-123.28306,40.71694
112,2018-08-03 08:00:00,129.794,11.5,11.67,,MUDC1,3528,-123.28306,40.71694
113,2018-08-03 08:30:00,129.794,,,,MUDC1,3528,-123.28306,40.71694
114,2018-08-03 09:00:00,129.794,11.5,11.67,0.0,MUDC1,3528,-123.28306,40.71694
115,2018-08-03 09:30:00,129.794,,,,MUDC1,3528,-123.28306,40.71694
116,2018-08-03 10:00:00,129.794,11.48,12.22,,MUDC1,3528,-123.28306,40.71694
117,2018-08-03 10:30:00,129.794,,,,MUDC1,3528,-123.28306,40.71694
118,2018-08-03 11:00:00,129.794,11.48,11.67,0.0,MUDC1,3528,-123.28306,40.71694
119,2018-08-03 11:30:00,129.794,,,,MUDC1,3528,-123.28306,40.71694
120,2018-08-03 12:00:00,129.794,11.48,10.0,0.0,MUDC1,3528,-123.28306,40.71694
121,2018-08-03 12:30:00,129.794,,,,MUDC1,3528,-123.28306,40.71694
122,2018-08-03 13:00:00,129.794,11.48,10.0,0.0,MUDC1,3528,-123.28306,40.71694
123,2018-08-03 13:30:00,129.794,,,,MUDC1,3528,-123.28306,40.71694
124,2018-08-03 14:00:00,129.794,11.48,11.11,,MUDC1,3528,-123.28306,40.71694
125,2018-08-03 14:30:00,129.794,,,,MUDC1,3528,-123.28306,40.71694
126,2018-08-03 15:00:00,129.794,11.48,16.11,,MUDC1,3528,-123.28306,40.71694
127,2018-08-03 15:30:00,129.794,,,,MUDC1,3528,-123.28306,40.71694
128,2018-08-03 16:00:00,129.794,11.56,18.33,0.0,MUDC1,3528,-123.28306,40.71694
129,2018-08-03 16:30:00,129.794,,,,MUDC1,3528,-123.28306,40.71694
130,2018-08-03 17:00:00,129.794,12.01,20.0,0.0,MUDC1,3528,-123.28306,40.71694
131,2018-08-03 17:30:00,129.794,,,,MUDC1,3528,-123.28306,40.71694
132,2018-08-03 18:00:00,129.794,11.89,22.78,0.0,MUDC1,3528,-123.28306,40.71694
133,2018-08-03 18:30:00,129.794,,,,MUDC1,3528,-123.28306,40.71694
134,2018-08-03 19:00:00,129.794,11.82,23.89,,MUDC1,3528,-123.28306,40.71694
135,2018-08-03 19:30:00,129.794,,,,MUDC1,3528,-123.28306,40.71694
136,2018-08-03 20:00:00,129.794,12.04,27.22,0.0,MUDC1,3528,-123.28306,40.71694
137,2018-08-03 20:30:00,129.794,,,,MUDC1,3528,-123.28306,40.71694
138,2018-08-03 21:00:00,129.794,11.97,29.44,,MUDC1,3528,-123.28306,40.71694
139,2018-08-03 21:30:00,129.794,,,,MUDC1,3528,-123.28306,40.71694
140,2018-08-03 22:00:00,129.794,12.0,29.44,0.0,MUDC1,3528,-123.28306,40.71694
141,2018-08-03 22:30:00,129.794,,,,MUDC1,3528,-123.28306,40.71694
142,2018-08-03 23:00:00,129.794,11.96,26.67,0.0,MUDC1,3528,-123.28306,40.71694
143,2018-08-03 23:30:00,129.794,,,,MUDC1,3528,-123.28306,40.71694
144,2018-08-04 00:00:00,129.794,11.92,26.11,0.0,MUDC1,3528,-123.28306,40.71694
145,2018-08-04 00:30:00,129.794,,,,MUDC1,3528,-123.28306,40.71694
146,2018-08-04 01:00:00,129.794,11.92,23.89,0.0,MUDC1,3528,-123.28306,40.71694
147,2018-08-04 01:30:00,129.794,,,,MUDC1,3528,-123.28306,40.71694
148,2018-08-04 02:00:00,129.794,11.6,22.78,,MUDC1,3528,-123.28306,40.71694
149,2018-08-04 02:30:00,129.794,,,,MUDC1,3528,-123.28306,40.71694
150,2018-08-04 03:00:00,129.794,11.54,18.89,,MUDC1,3528,-123.28306,40.71694
151,2018-08-04 03:30:00,129.794,,,,MUDC1,3528,-123.28306,40.71694
152,2018-08-04 04:00:00,129.794,11.5,17.22,0.0,MUDC1,3528,-123.28306,40.71694
153,2018-08-04 04:30:00,129.794,,,,MUDC1,3528,-123.28306,40.71694
154,2018-08-04 05:00:00,129.794,11.5,15.56,0.0,MUDC1,3528,-123.28306,40.71694
155,2018-08-04 05:30:00,129.794,,,,MUDC1,3528,-123.28306,40.71694
156,2018-08-04 06:00:00,129.794,11.48,15.0,,MUDC1,3528,-123.28306,40.71694
157,2018-08-04 06:30:00,129.794,,,,MUDC1,3528,-123.28306,40.71694
158,2018-08-04 07:00:00,129.794,11.48,13.89,,MUDC1,3528,-123.28306,40.71694
159,2018-08-04 07:30:00,129.794,,,,MUDC1,3528,-123.28306,40.71694
160,2018-08-04 08:00:00,129.794,11.5,12.78,0.0,MUDC1,3528,-123.28306,40.71694
161,2018-08-04 08:30:00,129.794,,,,MUDC1,3528,-123.28306,40.71694
162,2018-08-04 09:00:00,129.794,11.5,13.89,0.0,MUDC1,3528,-123.28306,40.71694
163,2018-08-04 09:30:00,129.794,,,,MUDC1,3528,-123.28306,40.71694
164,2018-08-04 10:00:00,129.794,11.48,13.33,,MUDC1,3528,-123.28306,40.71694
165,2018-08-04 10:30:00,129.794,,,,MUDC1,3528,-123.28306,40.71694
166,2018-08-04 11:00:00,129.794,11.48,11.11,,MUDC1,3528,-123.28306,40.71694
167,2018-08-04 11:30:00,129.794,,,,MUDC1,3528,-123.28306,40.71694
168,2018-08-04 12:00:00,129.794,11.48,11.11,0.0,MUDC1,3528,-123.28306,40.71694
169,2018-08-04 12:30:00,129.794,,,,MUDC1,3528,-123.28306,40.71694
170,2018-08-04 13:00:00,129.794,11.46,11.11,0.0,MUDC1,3528,-123.28306,40.71694
171,2018-08-04 13:30:00,129.794,,,,MUDC1,3528,-123.28306,40.71694
172,2018-08-04 14:00:00,129.794,11.46,11.67,0.0,MUDC1,3528,-123.28306,40.71694
173,2018-08-04 14:30:00,129.794,,,,MUDC1,3528,-123.28306,40.71694
174,2018-08-04 15:00:00,129.794,11.46,12.78,0.0,MUDC1,3528,-123.28306,40.71694
175,2018-08-04 15:30:00,129.794,,,,MUDC1,3528,-123.28306,40.71694
176,2018-08-04 16:00:00,129.794,11.54,17.78,,MUDC1,3528,-123.28306,40.71694
177,2018-08-04 16:30:00,129.794,,,,MUDC1,3528,-123.28306,40.71694
178,2018-08-04 17:00:00,129.794,11.97,20.0,,MUDC1,3528,-123.28306,40.71694
179,2018-08-04 17:30:00,129.794,,,,MUDC1,3528,-123.28306,40.71694
180,2018-08-04 18:00:00,129.794,11.86,22.22,0.0,MUDC1,3528,-123.28306,40.71694
181,2018-08-04 18:30:00,129.794,,,,MUDC1,3528,-123.28306,40.71694
182,2018-08-04 19:00:00,129.794,11.84,24.44,0.0,MUDC1,3528,-123.28306,40.71694
183,2018-08-04 19:30:00,129.794,,,,MUDC1,3528,-123.28306,40.71694
184,2018-08-04 20:00:00,129.794,12.04,26.67,0.0,MUDC1,3528,-123.28306,40.71694
185,2018-08-04 20:30:00,129.794,,,,MUDC1,3528,-123.28306,40.71694
186,2018-08-04 21:00:00,129.794,11.97,26.11,0.0,MUDC1,3528,-123.28306,40.71694
187,2018-08-04 21:30:00,129.794,,,,MUDC1,3528,-123.28306,40.71694
188,2018-08-04 22:00:00,129.794,12.01,26.67,,MUDC1,3528,-123.28306,40.71694
189,2018-08-04 22:30:00,129.794,,,,MUDC1,3528,-123.28306,40.71694
190,2018-08-04 23:00:00,129.794,11.97,25.0,0.0,MUDC1,3528,-123.28306,40.71694
191,2018-08-04 23:30:00,129.794,,,,MUDC1,3528,-123.28306,40.71694
192,2018-08-05 00:00:00,129.794,11.92,24.44,0.0,MUDC1,3528,-123.28306,40.71694
193,2018-08-05 00:30:00,129.794,,,,MUDC1,3528,-123.28306,40.71694
194,2018-08-05 01:00:00,129.794,11.93,22.78,0.0,MUDC1,3528,-123.28306,40.71694
195,2018-08-05 01:30:00,129.794,,,,MUDC1,3528,-123.28306,40.71694
196,2018-08-05 02:00:00,129.794,11.56,20.56,0.0,MUDC1,3528,-123.28306,40.71694
197,2018-08-05 02:30:00,129.794,,,,MUDC1,3528,-123.28306,40.71694
198,2018-08-05 03:00:00,129.794,11.52,17.78,0.0,MUDC1,3528,-123.28306,40.71694
199,2018-08-05 03:30:00,129.794,,,,MUDC1,3528,-123.28306,40.71694
200,2018-08-05 04:00:00,129.794,11.52,16.67,0.0,MUDC1,3528,-123.28306,40.71694
201,2018-08-05 04:30:00,129.794,,,,MUDC1,3528,-123.28306,40.71694
202,2018-08-05 05:00:00,129.794,11.5,15.56,0.0,MUDC1,3528,-123.28306,40.71694
203,2018-08-05 05:30:00,129.794,,,,MUDC1,3528,-123.28306,40.71694
204,2018-08-05 06:00:00,129.794,11.5,13.89,,MUDC1,3528,-123.28306,40.71694
205,2018-08-05 06:30:00,129.794,,,,MUDC1,3528,-123.28306,40.71694
206,2018-08-05 07:00:00,129.794,11.5,13.89,0.0,MUDC1,3528,-123.28306,40.71694
207,2018-08-05 07:30:00,129.794,,,,MUDC1,3528,-123.28306,40.71694
208,2018-08-05 08:00:00,129.794,11.48,12.78,,MUDC1,3528,-123.28306,40.71694
209,2018-08-05 08:30:00,129.794,,,,MUDC1,3528,-123.28306,40.71694
210,2018-08-05 09:00:00,129.794,11.5,11.67,,MUDC1,3528,-123.28306,40.71694
211,2018-08-05 09:30:00,129.794,,,,MUDC1,3528,-123.28306,40.71694
212,2018-08-05 10:00:00,129.794,11.48,11.11,0.0,MUDC1,3528,-123.28306,40.71694
213,2018-08-05 10:30:00,129.794,,,,MUDC1,3528,-123.28306,40.71694
214,2018-08-05 11:00:00,129.794,11.48,11.11,0.0,MUDC1,3528,-123.28306,40.71694
215,2018-08-05 11:30:00,129.794,,,,MUDC1,3528,-123.28306,40.71694
216,2018-08-05 12:00:00,129.794,11.46,11.11,0.0,MUDC1,3528,-123.28306,40.71694
217,2018-08-05 12:30:00,129.794,,,,MUDC1,3528,-123.28306,40.71694
218,2018-08-05 13:00:00,129.794,11.48,10.0,,MUDC1,3528,-123.28306,40.71694
219,2018-08-05 13:30:00,129.794,,,,MUDC1,3528,-123.28306,40.71694
220,2018-08-05 14:00:00,129.794,11.46,10.0,0.0,MUDC1,3528,-123.28306,40.71694
221,2018-08-05 14:30:00,129.794,,,,MUDC1,3528,-123.28306,40.71694
222,2018-08-05 15:00:00,129.794,11.48,12.78,0.0,MUDC1,3528,-123.28306,40.71694
223,2018-08-05 15:30:00,129.794,,,,MUDC1,3528,-123.28306,40.71694
224,2018-08-05 16:00:00,129.794,11.54,17.22,0.0,MUDC1,3528,-123.28306,40.71694
225,2018-08-05 16:30:00,129.794,,,,MUDC1,3528,-123.28306,40.71694
226,2018-08-05 17:00:00,129.794,11.88,17.78,,MUDC1,3528,-123.28306,40.71694
227,2018-08-05 17:30:00,129.794,,,,MUDC1,3528,-123.28306,40.71694
228,2018-08-05 18:00:00,129.794,12.18,20.0,0.0,MUDC1,3528,-123.28306,40.71694
229,2018-08-05 18:30:00,129.794,,,,MUDC1,3528,-123.28306,40.71694
230,2018-08-05 19:00:00,129.794,12.07,22.22,0.0,MUDC1,3528,-123.28306,40.71694
231,2018-08-05 19:30:00,129.794,,,,MUDC1,3528,-123.28306,40.71694
232,2018-08-05 20:00:00,129.794,12.06,25.0,,MUDC1,3528,-123.28306,40.71694
233,2018-08-05 20:30:00,129.794,,,,MUDC1,3528,-123.28306,40.71694
234,2018-08-05 21:00:00,129.794,12.04,28.33,0.0,MUDC1,3528,-123.28306,40.71694
235,2018-08-05 21:30:00,129.794,,,,MUDC1,3528,-123.28306,40.71694
236,2018-08-05 22:00:00,129.794,11.97,25.56,0.0,MUDC1,3528,-123.28306,40.71694
237,2018-08-05 22:30:00,129.794,,,,MUDC1,3528,-123.28306,40.71694
238,2018-08-05 23:00:00,129.794,12.01,26.11,0.0,MUDC1,3528,-123.28306,40.71694
239,2018-08-05 23:30:00,129.794,,,,MUDC1,3528,-123.28306,40.71694
240,2018-08-06 00:00:00,129.794,11.93,25.0,0.0,MUDC1,3528,-123.28306,40.71694
241,2018-08-06 00:30:00,129.794,,,,MUDC1,3528,-123.28306,40.71694
242,2018-08-06 01:00:00,129.794,11.93,23.89,,MUDC1,3528,-123.28306,40.71694
243,2018-08-06 01:30:00,129.794,,,,MUDC1,3528,-123.28306,40.71694
244,2018-08-06 02:00:00,129.794,11.64,22.78,0.0,MUDC1,3528,-123.28306,40.71694
245,2018-08-06 02:30:00,129.794,,,,MUDC1,3528,-123.28306,40.71694
246,2018-08-06 03:00:00,129.794,11.54,18.89,0.0,MUDC1,3528,-123.28306,40.71694
247,2018-08-06 03:30:00,129.794,,,,MUDC1,3528,-123.28306,40.71694
248,2018-08-06 04:00:00,129.794,11.52,17.22,,MUDC1,3528,-123.28306,40.71694
249,2018-08-06 04:30:00,129.794,,,,MUDC1,3528,-123.28306,40.71694
250,2018-08-06 05:00:00,129.794,11.5,15.56,0.0,MUDC1,3528,-123.28306,40.71694
251,2018-08-06 05:30:00,129.794,,,,MUDC1,3528,-123.28306,40.71694
252,2018-08-06 06:00:00,129.794,11.5,15.0,0.0,MUDC1,3528,-123.28306,40.71694
253,2018-08-06 06:30:00,129.794,,,,MUDC1,3528,-123.28306,40.71694
254,2018-08-06 07:00:00,129.794,11.48,14.44,0.0,MUDC1,3528,-123.28306,40.71694
255,2018-08-06 07:30:00,129.794,,,,MUDC1,3528,-123.28306,40.71694
256,2018-08-06 08:00:00,129.794,11.48,13.89,,MUDC1,3528,-123.28306,40.71694
257,2018-08-06 08:30:00,129.794,,,,MUDC1,3528,-123.28306,40.71694
258,2018-08-06 09:00:00,129.794,11.48,13.33,0.0,MUDC1,3528,-123.28306,40.71694
259,2018-08-06 09:30:00,129.794,,,,MUDC1,3528,-123.28306,40.71694
260,2018-08-06 10:00:00,129.794,11.48,12.78,0.0,MUDC1,3528,-123.28306,40.71694
261,2018-08-06 10:30:00,129.794,,,,MUDC1,3528,-123.28306,40.71694
262,2018-08-06 11:00:00,129.794,11.48,12.22,0.0,MUDC1,3528,-123.28306,40.71694
263,2018-08-06 11:30:00,129.794,,,,MUDC1,3528,-123.28306,40.71694
264,2018-08-06 12:00:00,129.794,11.48,11.67,0.0,MUDC1,3528,-123.28306,40.71694
265,2018-08-06 12:30:00,129.794,,,,MUDC1,3528,-123.28306,40.71694
266,2018-08-06 13:00:00,129.794,11.46,11.11,,MUDC1,3528,-123.28306,40.71694
267,2018-08-06 13:30:00,129.794,,,,MUDC1,3528,-123.28306,40.71694
268,2018-08-06 14:00:00,129.794,11.48,10.0,0.0,MUDC1,3528,-123.28306,40.71694
269,2018-08-06 14:30:00,129.794,,,,MUDC1,3528,-123.28306,40.71694
270,2018-08-06 15:00:00,129.794,11.48,13.89,,MUDC1,3528,-123.28306,40.71694
271,2018-08-06 15:30:00,129.794,,,,MUDC1,3528,-123.28306,40.71694
272,2018-08-06 16:00:00,129.794,11.56,18.89,0.0,MUDC1,3528,-123.28306,40.71694
273,2018-08-06 16:30:00,129.794,,,,MUDC1,3528,-123.28306,40.71694
274,2018-08-06 17:00:00,129.794,11.89,20.56,0.0,MUDC1,3528,-123.28306,40.71694
275,2018-08-06 17:30:00,129.794,,,,MUDC1,3528,-123.28306,40.71694
276,2018-08-06 18:00:00,129.794,11.88,22.78,0.0,MUDC1,3528,-123.28306,40.71694
277,2018-08-06 18:30:00,129.794,,,,MUDC1,3528,-123.28306,40.71694
278,2018-08-06 19:00:00,129.794,11.82,26.11,0.0,MUDC1,3528,-123.28306,40.71694
279,2018-08-06 19:30:00,129.794,,,,MUDC1,3528,-123.28306,40.71694
280,2018-08-06 20:00:00,129.794,12.06,28.33,0.0,MUDC1,3528,-123.28306,40.71694
281,2018-08-06 20:30:00,129.794,,,,MUDC1,3528,-123.28306,40.71694
282,2018-08-06 21:00:00,129.794,11.97,31.11,0.0,MUDC1,3528,-123.28306,40.71694
283,2018-08-06 21:30:00,129.794,,,,MUDC1,3528,-123.28306,40.71694
284,2018-08-06 22:00:00,129.794,12.01,32.22,0.0,MUDC1,3528,-123.28306,40.71694
285,2018-08-06 22:30:00,129.794,,,,MUDC1,3528,-123.28306,40.71694
286,2018-08-06 23:00:00,129.794,11.93,30.0,0.0,MUDC1,3528,-123.28306,40.71694
287,2018-08-06 23:30:00,129.794,,,,MUDC1,3528,-123.28306,40.71694
288,2018-08-07 00:00:00,129.794,11.88,28.33,,MUDC1,3528,-123.28306,40.71694
289,2018-08-07 00:30:00,129.794,,,,MUDC1,3528,-123.28306,40.71694
290,2018-08-07 01:00:00,129.794,11.92,26.67,,MUDC1,3528,-123.28306,40.71694
291,2018-08-07 01:30:00,129.794,,,,MUDC1,3528,-123.28306,40.71694
292,2018-08-07 02:00:00,129.794,11.56,23.89,0.0,MUDC1,3528,-123.28306,40.71694
293,2018-08-07 02:30:00,129.794,,,,MUDC1,3528,-123.28306,40.71694
294,2018-08-07 03:00:00,129.794,11.52,22.22,,MUDC1,3528,-123.28306,40.71694
295,2018-08-07 03:30:00,129.794,,,,MUDC1,3528,-123.28306,40.71694
296,2018-08-07 04:00:00,129.794,11.54,19.44,,MUDC1,3528,-123.28306,40.71694
297,2018-08-07 04:30:00,129.794,,,,MUDC1,3528,-123.28306,40.71694
298,2018-08-07 05:00:00,129.794,11.5,18.33,0.0,MUDC1,3528,-123.28306,40.71694
299,2018-08-07 05:30:00,129.794,,,,MUDC1,3528,-123.28306,40.71694
300,2018-08-07 06:00:00,129.794,11.5,17.22,0.0,MUDC1,3528,-123.28306,40.71694
301,2018-08-07 06:30:00,129.794,,,,MUDC1,3528,-123.28306,40.71694
302,2018-08-07 07:00:00,129.794,11.5,16.11,0.0,MUDC1,3528,-123.28306,40.71694
303,2018-08-07 07:30:00,129.794,,,,MUDC1,3528,-123.28306,40.71694
304,2018-08-07 08:00:00,129.794,11.5,14.44,0.0,MUDC1,3528,-123.28306,40.71694
305,2018-08-07 08:30:00,129.794,,,,MUDC1,3528,-123.28306,40.71694
306,2018-08-07 09:00:00,129.794,11.5,14.44,,MUDC1,3528,-123.28306,40.71694
307,2018-08-07 09:30:00,129.794,,,,MUDC1,3528,-123.28306,40.71694
308,2018-08-07 10:00:00,129.794,11.48,14.44,0.0,MUDC1,3528,-123.28306,40.71694
309,2018-08-07 10:30:00,129.794,,,,MUDC1,3528,-123.28306,40.71694
310,2018-08-07 11:00:00,129.794,11.48,13.89,,MUDC1,3528,-123.28306,40.71694
311,2018-08-07 11:30:00,129.794,,,,MUDC1,3528,-123.28306,40.71694
312,2018-08-07 12:00:00,129.794,11.48,12.22,0.0,MUDC1,3528,-123.28306,40.71694
313,2018-08-07 12:30:00,129.794,,,,MUDC1,3528,-123.28306,40.71694
314,2018-08-07 13:00:00,129.794,11.48,12.22,,MUDC1,3528,-123.28306,40.71694
315,2018-08-07 13:30:00,129.794,,,,MUDC1,3528,-123.28306,40.71694
316,2018-08-07 14:00:00,129.794,11.48,12.22,,MUDC1,3528,-123.28306,40.71694
317,2018-08-07 14:30:00,129.794,,,,MUDC1,3528,-123.28306,40.71694
318,2018-08-07 15:00:00,129.794,11.5,14.44,0.0,MUDC1,3528,-123.28306,40.71694
319,2018-08-07 15:30:00,129.794,,,,MUDC1,3528,-123.28306,40.71694
320,2018-08-07 16:00:00,129.794,11.56,16.67,0.0,MUDC1,3528,-123.28306,40.71694
321,2018-08-07 16:30:00,129.794,,,,MUDC1,3528,-123.28306,40.71694
322,2018-08-07 17:00:00,129.794,11.79,21.67,,MUDC1,3528,-123.28306,40.71694
323,2018-08-07 17:30:00,129.794,,,,MUDC1,3528,-123.28306,40.71694
324,2018-08-07 18:00:00,129.794,12.15,23.33,0.0,MUDC1,3528,-123.28306,40.71694
325,2018-08-07 18:30:00,129.794,,,,MUDC1,3528,-123.28306,40.71694
326,2018-08-07 19:00:00,129.794,12.07,25.0,,MUDC1,3528,-123.28306,40.71694
327,2018-08-07 19:30:00,129.794,,,,MUDC1,3528,-123.28306,40.71694
328,2018-08-07 20:00:00,129.794,12.04,27.22,,MUDC1,3528,-123.28306,40.71694
329,2018-08-07 20:30:00,129.794,,,,MUDC1,3528,-123.28306,40.71694
330,2018-08-07 21:00:00,129.794,12.0,29.44,0.0,MUDC1,3528,-123.28306,40.71694
331,2018-08-07 21:30:00,129.794,,,,MUDC1,3528,-123.28306,40.71694
332,2018-08-07 22:00:00,129.794,12.0,30.56,0.0,MUDC1,3528,-123.28306,40.71694
333,2018-08-07 22:30:00,129.794,,,,MUDC1,3528,-123.28306,40.71694
334,2018-08-07 23:00:00,129.794,11.93,28.89,0.0,MUDC1,3528,-123.28306,40.71694
335,2018-08-07 23:30:00,129.794,,,,MUDC1,3528,-123.28306,40.71694
336,2018-08-08 00:00:00,129.794,11.92,27.78,0.0,MUDC1,3528,-123.28306,40.71694
337,2018-08-08 00:30:00,129.794,,,,MUDC1,3528,-123.28306,40.71694
338,2018-08-08 01:00:00,129.794,11.92,27.22,0.0,MUDC1,3528,-123.28306,40.71694
339,2018-08-08 01:30:00,129.794,,,,MUDC1,3528,-123.28306,40.71694
340,2018-08-08 02:00:00,129.794,11.92,24.44,,MUDC1,3528,-123.28306,40.71694
341,2018-08-08 02:30:00,129.794,,,,MUDC1,3528,-123.28306,40.71694
342,2018-08-08 03:00:00,129.794,11.56,23.33,0.0,MUDC1,3528,-123.28306,40.71694
343,2018-08-08 03:30:00,129.794,,,,MUDC1,3528,-123.28306,40.71694
344,2018-08-08 04:00:00,129.794,11.54,21.11,0.0,MUDC1,3528,-123.28306,40.71694
345,2018-08-08 04:30:00,129.794,,,,MUDC1,3528,-123.28306,40.71694
346,2018-08-08 05:00:00,129.794,11.52,19.44,,MUDC1,3528,-123.28306,40.71694
347,2018-08-08 05:30:00,129.794,,,,MUDC1,3528,-123.28306,40.71694
348,2018-08-08 06:00:00,129.794,11.5,17.22,0.0,MUDC1,3528,-123.28306,40.71694
349,2018-08-08 06:30:00,129.794,,,,MUDC1,3528,-123.28306,40.71694
350,2018-08-08 07:00:00,129.794,11.5,16.67,0.0,MUDC1,3528,-123.28306,40.71694
351,2018-08-08 07:30:00,129.794,,,,MUDC1,3528,-123.28306,40.71694
352,2018-08-08 08:00:00,129.794,11.5,17.22,,MUDC1,3528,-123.28306,40.71694
353,2018-08-08 08:30:00,129.794,,,,MUDC1,3528,-123.28306,40.71694
354,2018-08-08 09:00:00,129.794,11.48,15.56,0.0,MUDC1,3528,-123.28306,40.71694
355,2018-08-08 09:30:00,129.794,,,,MUDC1,3528,-123.28306,40.71694
356,2018-08-08 10:00:00,129.794,11.48,16.11,0.0,MUDC1,3528,-123.28306,40.71694
357,2018-08-08 10:30:00,129.794,,,,MUDC1,3528,-123.28306,40.71694
358,2018-08-08 11:00:00,129.794,11.48,15.56,,MUDC1,3528,-123.28306,40.71694
359,2018-08-08 11:30:00,129.794,,,,MUDC1,3528,-123.28306,40.71694
360,2018-08-08 12:00:00,129.794,11.48,15.0,0.0,MUDC1,3528,-123.28306,40.71694
361,2018-08-08 12:30:00,129.794,,,,MUDC1,3528,-123.28306,40.71694
362,2018-08-08 13:00:00,129.794,11.48,16.11,,MUDC1,3528,-123.28306,40.71694
363,2018-08-08 13:30:00,129.794,,,,MUDC1,3528,-123.28306,40.71694
364,2018-08-08 14:00:00,129.794,11.48,16.11,,MUDC1,3528,-123.28306,40.71694
365,2018-08-08 14:30:00,129.794,,,,MUDC1,3528,-123.28306,40.71694
366,2018-08-08 15:00:00,129.794,11.48,16.67,0.0,MUDC1,3528,-123.28306,40.71694
367,2018-08-08 15:30:00,129.794,,,,MUDC1,3528,-123.28306,40.71694
368,2018-08-08 16:00:00,129.794,11.56,20.56,0.0,MUDC1,3528,-123.28306,40.71694
369,2018-08-08 16:30:00,129.794,,,,MUDC1,3528,-123.28306,40.71694
370,2018-08-08 17:00:00,129.794,11.78,22.78,,MUDC1,3528,-123.28306,40.71694
371,2018-08-08 17:30:00,129.794,,,,MUDC1,3528,-123.28306,40.71694
372,2018-08-08 18:00:00,129.794,12.11,24.44,,MUDC1,3528,-123.28306,40.71694
373,2018-08-08 18:30:00,129.794,,,,MUDC1,3528,-123.28306,40.71694
374,2018-08-08 19:00:00,129.794,12.04,25.56,,MUDC1,3528,-123.28306,40.71694
375,2018-08-08 19:30:00,129.794,,,,MUDC1,3528,-123.28306,40.71694
376,2018-08-08 20:00:00,129.794,12.01,28.89,0.0,MUDC1,3528,-123.28306,40.71694
377,2018-08-08 20:30:00,129.794,,,,MUDC1,3528,-123.28306,40.71694
378,2018-08-08 21:00:00,129.794,11.97,31.11,0.0,MUDC1,3528,-123.28306,40.71694
379,2018-08-08 21:30:00,129.794,,,,MUDC1,3528,-123.28306,40.71694
380,2018-08-08 22:00:00,129.794,11.97,32.22,0.0,MUDC1,3528,-123.28306,40.71694
381,2018-08-08 22:30:00,129.794,,,,MUDC1,3528,-123.28306,40.71694
382,2018-08-08 23:00:00,129.794,11.93,31.67,,MUDC1,3528,-123.28306,40.71694
383,2018-08-08 23:30:00,129.794,,,,MUDC1,3528,-123.28306,40.71694
384,2018-08-09 00:00:00,129.794,11.89,30.0,,MUDC1,3528,-123.28306,40.71694
385,2018-08-09 00:30:00,129.794,,,,MUDC1,3528,-123.28306,40.71694
386,2018-08-09 01:00:00,129.794,11.89,30.0,,MUDC1,3528,-123.28306,40.71694
387,2018-08-09 01:30:00,129.794,,,,MUDC1,3528,-123.28306,40.71694
388,2018-08-09 02:00:00,129.794,11.88,27.22,0.0,MUDC1,3528,-123.28306,40.71694
389,2018-08-09 02:30:00,129.794,,,,MUDC1,3528,-123.28306,40.71694
390,2018-08-09 03:00:00,129.794,11.56,23.89,,MUDC1,3528,-123.28306,40.71694
391,2018-08-09 03:30:00,129.794,,,,MUDC1,3528,-123.28306,40.71694
392,2018-08-09 04:00:00,129.794,11.52,22.78,0.0,MUDC1,3528,-123.28306,40.71694
393,2018-08-09 04:30:00,129.794,,,,MUDC1,3528,-123.28306,40.71694
394,2018-08-09 05:00:00,129.794,11.52,20.56,0.0,MUDC1,3528,-123.28306,40.71694
395,2018-08-09 05:30:00,129.794,,,,MUDC1,3528,-123.28306,40.71694
396,2018-08-09 06:00:00,129.794,11.5,20.56,,MUDC1,3528,-123.28306,40.71694
397,2018-08-09 06:30:00,129.794,,,,MUDC1,3528,-123.28306,40.71694
398,2018-08-09 07:00:00,129.794,11.48,18.89,0.0,MUDC1,3528,-123.28306,40.71694
399,2018-08-09 07:30:00,129.794,,,,MUDC1,3528,-123.28306,40.71694
400,2018-08-09 08:00:00,129.794,11.5,18.89,0.0,MUDC1,3528,-123.28306,40.71694
401,2018-08-09 08:30:00,129.794,,,,MUDC1,3528,-123.28306,40.71694
402,2018-08-09 09:00:00,129.794,11.48,17.22,,MUDC1,3528,-123.28306,40.71694
403,2018-08-09 09:30:00,129.794,,,,MUDC1,3528,-123.28306,40.71694
404,2018-08-09 10:00:00,129.794,11.5,17.78,,MUDC1,3528,-123.28306,40.71694
405,2018-08-09 10:30:00,129.794,,,,MUDC1,3528,-123.28306,40.71694
406,2018-08-09 11:00:00,129.794,11.48,16.67,0.0,MUDC1,3528,-123.28306,40.71694
407,2018-08-09 11:30:00,129.794,,,,MUDC1,3528,-123.28306,40.71694
408,2018-08-09 12:00:00,129.794,11.48,17.22,0.0,MUDC1,3528,-123.28306,40.71694
409,2018-08-09 12:30:00,129.794,,,,MUDC1,3528,-123.28306,40.71694
410,2018-08-09 13:00:00,129.794,11.48,17.22,0.0,MUDC1,3528,-123.28306,40.71694
411,2018-08-09 13:30:00,129.794,,,,MUDC1,3528,-123.28306,40.71694
412,2018-08-09 14:00:00,129.794,11.48,15.56,,MUDC1,3528,-123.28306,40.71694
413,2018-08-09 14:30:00,129.794,,,,MUDC1,3528,-123.28306,40.71694
414,2018-08-09 15:00:00,129.794,11.48,18.33,,MUDC1,3528,-123.28306,40.71694
415,2018-08-09 15:30:00,129.794,,,,MUDC1,3528,-123.28306,40.71694
416,2018-08-09 16:00:00,129.794,11.56,21.11,0.0,MUDC1,3528,-123.28306,40.71694
417,2018-08-09 16:30:00,129.794,,,,MUDC1,3528,-123.28306,40.71694
418,2018-08-09 17:00:00,129.794,11.71,25.0,0.0,MUDC1,3528,-123.28306,40.71694
419,2018-08-09 17:30:00,129.794,,,,MUDC1,3528,-123.28306,40.71694
420,2018-08-09 18:00:00,129.794,12.1,25.0,,MUDC1,3528,-123.28306,40.71694
421,2018-08-09 18:30:00,129.794,,,,MUDC1,3528,-123.28306,40.71694
422,2018-08-09 19:00:00,129.794,12.04,27.22,0.0,MUDC1,3528,-123.28306,40.71694
423,2018-08-09 19:30:00,129.794,,,,MUDC1,3528,-123.28306,40.71694
424,2018-08-09 20:00:00,129.794,12.0,28.89,0.0,MUDC1,3528,-123.28306,40.71694
425,2018-08-09 20:30:00,129.794,,,,MUDC1,3528,-123.28306,40.71694
426,2018-08-09 21:00:00,129.794,11.97,31.11,0.0,MUDC1,3528,-123.28306,40.71694
427,2018-08-09 21:30:00,129.794,,,,MUDC1,3528,-123.28306,40.71694
428,2018-08-09 22:00:00,129.794,11.97,31.67,0.0,MUDC1,3528,-123.28306,40.71694
429,2018-08-09 22:30:00,129.794,,,,MUDC1,3528,-123.28306,40.71694
430,2018-08-09 23:00:00,129.794,11.92,31.67,0.0,MUDC1,3528,-123.28306,40.71694
431,2018-08-09 23:30:00,129.794,,,,MUDC1,3528,-123.28306,40.71694
432,2018-08-10 00:00:00,129.794,11.89,31.67,,MUDC1,3528,-123.28306,40.71694
433,2018-08-10 00:30:00,129.794,,,,MUDC1,3528,-123.28306,40.71694
434,2018-08-10 01:00:00,129.794,11.88,30.0,,MUDC1,3528,-123.28306,40.71694
435,2018-08-10 01:30:00,129.794,,,,MUDC1,3528,-123.28306,40.71694
436,2018-08-10 02:00:00,129.794,11.89,27.22,,MUDC1,3528,-123.28306,40.71694
437,2018-08-10 02:30:00,129.794,,,,MUDC1,3528,-123.28306,40.71694
438,2018-08-10 03:00:00,129.794,11.54,23.89,,MUDC1,3528,-123.28306,40.71694
439,2018-08-10 03:30:00,129.794,,,,MUDC1,3528,-123.28306,40.71694
440,2018-08-10 04:00:00,129.794,11.52,21.67,0.0,MUDC1,3528,-123.28306,40.71694
441,2018-08-10 04:30:00,129.794,,,,MUDC1,3528,-123.28306,40.71694
442,2018-08-10 05:00:00,129.794,11.5,21.11,,MUDC1,3528,-123.28306,40.71694
443,2018-08-10 05:30:00,129.794,,,,MUDC1,3528,-123.28306,40.71694
444,2018-08-10 06:00:00,129.794,11.52,19.44,,MUDC1,3528,-123.28306,40.71694
445,2018-08-10 06:30:00,129.794,,,,MUDC1,3528,-123.28306,40.71694
446,2018-08-10 07:00:00,129.794,11.5,18.89,0.0,MUDC1,3528,-123.28306,40.71694
447,2018-08-10 07:30:00,129.794,,,,MUDC1,3528,-123.28306,40.71694
448,2018-08-10 08:00:00,129.794,11.5,18.33,0.0,MUDC1,3528,-123.28306,40.71694
449,2018-08-10 08:30:00,129.794,,,,MUDC1,3528,-123.28306,40.71694
450,2018-08-10 09:00:00,129.794,11.5,17.78,,MUDC1,3528,-123.28306,40.71694
451,2018-08-10 09:30:00,129.794,,,,MUDC1,3528,-123.28306,40.71694
452,2018-08-10 10:00:00,129.794,11.5,16.11,,MUDC1,3528,-123.28306,40.71694
453,2018-08-10 10:30:00,129.794,,,,MUDC1,3528,-123.28306,40.71694
454,2018-08-10 11:00:00,129.794,11.5,15.56,,MUDC1,3528,-123.28306,40.71694
455,2018-08-10 11:30:00,129.794,,,,MUDC1,3528,-123.28306,40.71694
456,2018-08-10 12:00:00,129.794,11.5,16.11,0.0,MUDC1,3528,-123.28306,40.71694
457,2018-08-10 12:30:00,129.794,,,,MUDC1,3528,-123.28306,40.71694
458,2018-08-10 13:00:00,129.794,11.5,15.0,,MUDC1,3528,-123.28306,40.71694
459,2018-08-10 13:30:00,129.794,,,,MUDC1,3528,-123.28306,40.71694
460,2018-08-10 14:00:00,129.794,11.48,16.11,,MUDC1,3528,-123.28306,40.71694
461,2018-08-10 14:30:00,129.794,,,,MUDC1,3528,-123.28306,40.71694
462,2018-08-10 15:00:00,129.794,11.5,17.78,0.0,MUDC1,3528,-123.28306,40.71694
463,2018-08-10 15:30:00,129.794,,,,MUDC1,3528,-123.28306,40.71694
464,2018-08-10 16:00:00,129.794,11.54,22.22,0.0,MUDC1,3528,-123.28306,40.71694
465,2018-08-10 16:30:00,129.794,,,,MUDC1,3528,-123.28306,40.71694
466,2018-08-10 17:00:00,129.794,11.78,25.0,0.0,MUDC1,3528,-123.28306,40.71694
467,2018-08-10 17:30:00,129.794,,,,MUDC1,3528,-123.28306,40.71694
468,2018-08-10 18:00:00,129.794,11.84,27.78,0.0,MUDC1,3528,-123.28306,40.71694
469,2018-08-10 18:30:00,129.794,,,,MUDC1,3528,-123.28306,40.71694
470,2018-08-10 19:00:00,129.794,11.75,28.89,0.0,MUDC1,3528,-123.28306,40.71694
471,2018-08-10 19:30:00,129.794,,,,MUDC1,3528,-123.28306,40.71694
472,2018-08-10 20:00:00,129.794,12.01,32.22,,MUDC1,3528,-123.28306,40.71694
473,2018-08-10 20:30:00,129.794,,,,MUDC1,3528,-123.28306,40.71694
474,2018-08-10 21:00:00,129.794,11.92,32.78,,MUDC1,3528,-123.28306,40.71694
475,2018-08-10 21:30:00,129.794,,,,MUDC1,3528,-123.28306,40.71694
476,2018-08-10 22:00:00,129.794,11.93,32.78,,MUDC1,3528,-123.28306,40.71694
477,2018-08-10 22:30:00,129.794,,,,MUDC1,3528,-123.28306,40.71694
478,2018-08-10 23:00:00,129.794,11.92,30.0,0.0,MUDC1,3528,-123.28306,40.71694
479,2018-08-10 23:30:00,129.794,,,,MUDC1,3528,-123.28306,40.71694
480,2018-08-11 00:00:00,129.794,11.88,29.44,0.0,MUDC1,3528,-123.28306,40.71694
481,2018-08-11 00:30:00,129.794,,,,MUDC1,3528,-123.28306,40.71694
482,2018-08-11 01:00:00,129.794,11.86,27.78,0.0,MUDC1,3528,-123.28306,40.71694
483,2018-08-11 01:30:00,129.794,,,,MUDC1,3528,-123.28306,40.71694
484,2018-08-11 02:00:00,129.794,11.56,25.0,0.0,MUDC1,3528,-123.28306,40.71694
485,2018-08-11 02:30:00,129.794,,,,MUDC1,3528,-123.28306,40.71694
486,2018-08-11 03:00:00,129.794,11.52,23.33,0.0,MUDC1,3528,-123.28306,40.71694
487,2018-08-11 03:30:00,129.794,,,,MUDC1,3528,-123.28306,40.71694
488,2018-08-11 04:00:00,129.794,11.5,22.78,0.0,MUDC1,3528,-123.28306,40.71694
489,2018-08-11 04:30:00,129.794,,,,MUDC1,3528,-123.28306,40.71694
490,2018-08-11 05:00:00,129.794,11.5,19.44,0.0,MUDC1,3528,-123.28306,40.71694
491,2018-08-11 05:30:00,129.794,,,,MUDC1,3528,-123.28306,40.71694
492,2018-08-11 06:00:00,129.794,11.5,19.44,0.0,MUDC1,3528,-123.28306,40.71694
493,2018-08-11 06:30:00,129.794,,,,MUDC1,3528,-123.28306,40.71694
494,2018-08-11 07:00:00,129.794,11.5,17.78,,MUDC1,3528,-123.28306,40.71694
495,2018-08-11 07:30:00,129.794,,,,MUDC1,3528,-123.28306,40.71694
496,2018-08-11 08:00:00,129.794,11.5,16.67,,MUDC1,3528,-123.28306,40.71694
497,2018-08-11 08:30:00,129.794,,,,MUDC1,3528,-123.28306,40.71694
498,2018-08-11 09:00:00,129.794,11.5,15.56,0.0,MUDC1,3528,-123.28306,40.71694
499,2018-08-11 09:30:00,129.794,,,,MUDC1,3528,-123.28306,40.71694
500,2018-08-11 10:00:00,129.794,11.5,15.0,,MUDC1,3528,-123.28306,40.71694
501,2018-08-11 10:30:00,129.794,,,,MUDC1,3528,-123.28306,40.71694
502,2018-08-11 11:00:00,129.794,11.5,13.89,,MUDC1,3528,-123.28306,40.71694
503,2018-08-11 11:30:00,129.794,,,,MUDC1,3528,-123.28306,40.71694
504,2018-08-11 12:00:00,129.794,11.5,13.33,0.0,MUDC1,3528,-123.28306,40.71694
505,2018-08-11 12:30:00,129.794,,,,MUDC1,3528,-123.28306,40.71694
506,2018-08-11 13:00:00,129.794,11.5,12.78,,MUDC1,3528,-123.28306,40.71694
507,2018-08-11 13:30:00,129.794,,,,MUDC1,3528,-123.28306,40.71694
508,2018-08-11 14:00:00,129.794,11.48,11.11,,MUDC1,3528,-123.28306,40.71694
509,2018-08-11 14:30:00,129.794,,,,MUDC1,3528,-123.28306,40.71694
510,2018-08-11 15:00:00,129.794,11.5,15.0,,MUDC1,3528,-123.28306,40.71694
511,2018-08-11 15:30:00,129.794,,,,MUDC1,3528,-123.28306,40.71694
512,2018-08-11 16:00:00,129.794,11.54,18.89,,MUDC1,3528,-123.28306,40.71694
513,2018-08-11 16:30:00,129.794,,,,MUDC1,3528,-123.28306,40.71694
514,2018-08-11 17:00:00,129.794,11.78,20.0,0.0,MUDC1,3528,-123.28306,40.71694
515,2018-08-11 17:30:00,129.794,,,,MUDC1,3528,-123.28306,40.71694
516,2018-08-11 18:00:00,129.794,11.84,21.11,0.0,MUDC1,3528,-123.28306,40.71694
517,2018-08-11 18:30:00,129.794,,,,MUDC1,3528,-123.28306,40.71694
518,2018-08-11 19:00:00,129.794,11.74,24.44,,MUDC1,3528,-123.28306,40.71694
519,2018-08-11 19:30:00,129.794,,,,MUDC1,3528,-123.28306,40.71694
520,2018-08-11 20:00:00,129.794,12.06,28.33,0.0,MUDC1,3528,-123.28306,40.71694
521,2018-08-11 20:30:00,129.794,,,,MUDC1,3528,-123.28306,40.71694
522,2018-08-11 21:00:00,129.794,11.96,30.56,0.0,MUDC1,3528,-123.28306,40.71694
523,2018-08-11 21:30:00,129.794,,,,MUDC1,3528,-123.28306,40.71694
524,2018-08-11 22:00:00,129.794,12.0,30.56,0.0,MUDC1,3528,-123.28306,40.71694
525,2018-08-11 22:30:00,129.794,,,,MUDC1,3528,-123.28306,40.71694
526,2018-08-11 23:00:00,129.794,11.93,28.33,0.0,MUDC1,3528,-123.28306,40.71694
527,2018-08-11 23:30:00,129.794,,,,MUDC1,3528,-123.28306,40.71694
528,2018-08-12 00:00:00,129.794,11.84,26.11,,MUDC1,3528,-123.28306,40.71694
529,2018-08-12 00:30:00,129.794,,,,MUDC1,3528,-123.28306,40.71694
530,2018-08-12 01:00:00,129.794,11.79,25.56,,MUDC1,3528,-123.28306,40.71694
531,2018-08-12 01:30:00,129.794,,,,MUDC1,3528,-123.28306,40.71694
532,2018-08-12 02:00:00,129.794,11.54,23.89,0.0,MUDC1,3528,-123.28306,40.71694
533,2018-08-12 02:30:00,129.794,,,,MUDC1,3528,-123.28306,40.71694
534,2018-08-12 03:00:00,129.794,11.52,20.56,0.0,MUDC1,3528,-123.28306,40.71694
535,2018-08-12 03:30:00,129.794,,,,MUDC1,3528,-123.28306,40.71694
536,2018-08-12 04:00:00,129.794,11.5,17.22,0.0,MUDC1,3528,-123.28306,40.71694
537,2018-08-12 04:30:00,129.794,,,,MUDC1,3528,-123.28306,40.71694
538,2018-08-12 05:00:00,129.794,11.5,15.56,,MUDC1,3528,-123.28306,40.71694
539,2018-08-12 05:30:00,129.794,,,,MUDC1,3528,-123.28306,40.71694
540,2018-08-12 06:00:00,129.794,11.48,15.0,,MUDC1,3528,-123.28306,40.71694
541,2018-08-12 06:30:00,129.794,,,,MUDC1,3528,-123.28306,40.71694
542,2018-08-12 07:00:00,129.794,11.5,13.33,,MUDC1,3528,-123.28306,40.71694
543,2018-08-12 07:30:00,129.794,,,,MUDC1,3528,-123.28306,40.71694
544,2018-08-12 08:00:00,129.794,11.5,11.67,,MUDC1,3528,-123.28306,40.71694
545,2018-08-12 08:30:00,129.794,,,,MUDC1,3528,-123.28306,40.71694
546,2018-08-12 09:00:00,129.794,11.5,11.11,,MUDC1,3528,-123.28306,40.71694
547,2018-08-12 09:30:00,129.794,,,,MUDC1,3528,-123.28306,40.71694
548,2018-08-12 10:00:00,129.794,11.5,10.0,0.0,MUDC1,3528,-123.28306,40.71694
549,2018-08-12 10:30:00,129.794,,,,MUDC1,3528,-123.28306,40.71694
550,2018-08-12 11:00:00,129.794,11.48,10.56,,MUDC1,3528,-123.28306,40.71694
551,2018-08-12 11:30:00,129.794,,,,MUDC1,3528,-123.28306,40.71694
552,2018-08-12 12:00:00,129.794,11.48,11.11,,MUDC1,3528,-123.28306,40.71694
553,2018-08-12 12:30:00,129.794,,,,MUDC1,3528,-123.28306,40.71694
554,2018-08-12 13:00:00,129.794,11.48,10.0,0.0,MUDC1,3528,-123.28306,40.71694
555,2018-08-12 13:30:00,129.794,,,,MUDC1,3528,-123.28306,40.71694
556,2018-08-12 14:00:00,129.794,11.48,10.56,,MUDC1,3528,-123.28306,40.71694
557,2018-08-12 14:30:00,129.794,,,,MUDC1,3528,-123.28306,40.71694
558,2018-08-12 15:00:00,129.794,11.48,12.78,0.0,MUDC1,3528,-123.28306,40.71694
559,2018-08-12 15:30:00,129.794,,,,MUDC1,3528,-123.28306,40.71694
560,2018-08-12 16:00:00,129.794,11.56,17.78,0.0,MUDC1,3528,-123.28306,40.71694
561,2018-08-12 16:30:00,129.794,,,,MUDC1,3528,-123.28306,40.71694
562,2018-08-12 17:00:00,129.794,11.82,18.89,,MUDC1,3528,-123.28306,40.71694
563,2018-08-12 17:30:00,129.794,,,,MUDC1,3528,-123.28306,40.71694
564,2018-08-12 18:00:00,129.794,11.96,20.56,0.0,MUDC1,3528,-123.28306,40.71694
565,2018-08-12 18:30:00,129.794,,,,MUDC1,3528,-123.28306,40.71694
566,2018-08-12 19:00:00,129.794,12.11,24.44,,MUDC1,3528,-123.28306,40.71694
567,2018-08-12 19:30:00,129.794,,,,MUDC1,3528,-123.28306,40.71694
568,2018-08-12 20:00:00,129.794,12.01,27.22,0.0,MUDC1,3528,-123.28306,40.71694
569,2018-08-12 20:30:00,129.794,,,,MUDC1,3528,-123.28306,40.71694
570,2018-08-12 21:00:00,129.794,12.0,30.56,0.0,MUDC1,3528,-123.28306,40.71694
571,2018-08-12 21:30:00,129.794,,,,MUDC1,3528,-123.28306,40.71694
572,2018-08-12 22:00:00,129.794,12.01,31.67,0.0,MUDC1,3528,-123.28306,40.71694
573,2018-08-12 22:30:00,129.794,,,,MUDC1,3528,-123.28306,40.71694
574,2018-08-12 23:00:00,129.794,11.93,30.56,0.0,MUDC1,3528,-123.28306,40.71694
575,2018-08-12 23:30:00,129.794,,,,MUDC1,3528,-123.28306,40.71694
576,2018-08-13 00:00:00,129.794,11.92,28.89,0.0,MUDC1,3528,-123.28306,40.71694
577,2018-08-13 00:30:00,129.794,,,,MUDC1,3528,-123.28306,40.71694
578,2018-08-13 01:00:00,129.794,11.92,27.22,,MUDC1,3528,-123.28306,40.71694
579,2018-08-13 01:30:00,129.794,,,,MUDC1,3528,-123.28306,40.71694
580,2018-08-13 02:00:00,129.794,11.74,25.56,0.0,MUDC1,3528,-123.28306,40.71694
581,2018-08-13 02:30:00,129.794,,,,MUDC1,3528,-123.28306,40.71694
582,2018-08-13 03:00:00,129.794,11.54,22.22,,MUDC1,3528,-123.28306,40.71694
583,2018-08-13 03:30:00,129.794,,,,MUDC1,3528,-123.28306,40.71694
584,2018-08-13 04:00:00,129.794,11.54,20.0,,MUDC1,3528,-123.28306,40.71694
585,2018-08-13 04:30:00,129.794,,,,MUDC1,3528,-123.28306,40.71694
586,2018-08-13 05:00:00,129.794,11.48,18.33,,MUDC1,3528,-123.28306,40.71694
587,2018-08-13 05:30:00,129.794,,,,MUDC1,3528,-123.28306,40.71694
588,2018-08-13 06:00:00,129.794,11.5,17.22,,MUDC1,3528,-123.28306,40.71694
589,2018-08-13 06:30:00,129.794,,,,MUDC1,3528,-123.28306,40.71694
590,2018-08-13 07:00:00,129.794,11.5,16.11,0.0,MUDC1,3528,-123.28306,40.71694
591,2018-08-13 07:30:00,129.794,,,,MUDC1,3528,-123.28306,40.71694
592,2018-08-13 08:00:00,129.794,11.5,16.67,0.0,MUDC1,3528,-123.28306,40.71694
593,2018-08-13 08:30:00,129.794,,,,MUDC1,3528,-123.28306,40.71694
594,2018-08-13 09:00:00,129.794,11.5,14.44,0.0,MUDC1,3528,-123.28306,40.71694
595,2018-08-13 09:30:00,129.794,,,,MUDC1,3528,-123.28306,40.71694
596,2018-08-13 10:00:00,129.794,11.5,14.44,0.0,MUDC1,3528,-123.28306,40.71694
597,2018-08-13 10:30:00,129.794,,,,MUDC1,3528,-123.28306,40.71694
598,2018-08-13 11:00:00,129.794,11.48,15.56,,MUDC1,3528,-123.28306,40.71694
599,2018-08-13 11:30:00,129.794,,,,MUDC1,3528,-123.28306,40.71694
600,2018-08-13 12:00:00,129.794,11.48,14.44,,MUDC1,3528,-123.28306,40.71694
601,2018-08-13 12:30:00,129.794,,,,MUDC1,3528,-123.28306,40.71694
602,2018-08-13 13:00:00,129.794,11.48,13.89,,MUDC1,3528,-123.28306,40.71694
603,2018-08-13 13:30:00,129.794,,,,MUDC1,3528,-123.28306,40.71694
604,2018-08-13 14:00:00,129.794,11.48,14.44,0.0,MUDC1,3528,-123.28306,40.71694
605,2018-08-13 14:30:00,129.794,,,,MUDC1,3528,-123.28306,40.71694
606,2018-08-13 15:00:00,129.794,11.5,15.56,0.0,MUDC1,3528,-123.28306,40.71694
607,2018-08-13 15:30:00,129.794,,,,MUDC1,3528,-123.28306,40.71694
608,2018-08-13 16:00:00,129.794,11.54,18.89,,MUDC1,3528,-123.28306,40.71694
609,2018-08-13 16:30:00,129.794,,,,MUDC1,3528,-123.28306,40.71694
610,2018-08-13 17:00:00,129.794,11.71,21.67,0.0,MUDC1,3528,-123.28306,40.71694
611,2018-08-13 17:30:00,129.794,,,,MUDC1,3528,-123.28306,40.71694
612,2018-08-13 18:00:00,129.794,11.97,23.89,,MUDC1,3528,-123.28306,40.71694
613,2018-08-13 18:30:00,129.794,,,,MUDC1,3528,-123.28306,40.71694
614,2018-08-13 19:00:00,129.794,12.11,26.67,0.0,MUDC1,3528,-123.28306,40.71694
615,2018-08-13 19:30:00,129.794,,,,MUDC1,3528,-123.28306,40.71694
616,2018-08-13 20:00:00,129.794,12.04,29.44,0.0,MUDC1,3528,-123.28306,40.71694
617,2018-08-13 20:30:00,129.794,,,,MUDC1,3528,-123.28306,40.71694
618,2018-08-13 21:00:00,129.794,12.0,30.56,0.0,MUDC1,3528,-123.28306,40.71694
619,2018-08-13 21:30:00,129.794,,,,MUDC1,3528,-123.28306,40.71694
620,2018-08-13 22:00:00,129.794,12.0,31.11,0.0,MUDC1,3528,-123.28306,40.71694
621,2018-08-13 22:30:00,129.794,,,,MUDC1,3528,-123.28306,40.71694
622,2018-08-13 23:00:00,129.794,11.93,31.11,0.0,MUDC1,3528,-123.28306,40.71694
623,2018-08-13 23:30:00,129.794,,,,MUDC1,3528,-123.28306,40.71694
624,2018-08-14 00:00:00,129.794,11.92,30.0,,MUDC1,3528,-123.28306,40.71694
625,2018-08-14 00:30:00,129.794,,,,MUDC1,3528,-123.28306,40.71694
626,2018-08-14 01:00:00,129.794,11.89,27.78,0.0,MUDC1,3528,-123.28306,40.71694
627,2018-08-14 01:30:00,129.794,,,,MUDC1,3528,-123.28306,40.71694
628,2018-08-14 02:00:00,129.794,11.68,25.0,0.0,MUDC1,3528,-123.28306,40.71694
629,2018-08-14 02:30:00,129.794,,,,MUDC1,3528,-123.28306,40.71694
630,2018-08-14 03:00:00,129.794,11.54,23.33,0.0,MUDC1,3528,-123.28306,40.71694
631,2018-08-14 03:30:00,129.794,,,,MUDC1,3528,-123.28306,40.71694
632,2018-08-14 04:00:00,129.794,11.52,20.0,,MUDC1,3528,-123.28306,40.71694
633,2018-08-14 04:30:00,129.794,,,,MUDC1,3528,-123.28306,40.71694
634,2018-08-14 05:00:00,129.794,11.52,19.44,0.0,MUDC1,3528,-123.28306,40.71694
635,2018-08-14 05:30:00,129.794,,,,MUDC1,3528,-123.28306,40.71694
636,2018-08-14 06:00:00,129.794,11.5,17.22,0.0,MUDC1,3528,-123.28306,40.71694
637,2018-08-14 06:30:00,129.794,,,,MUDC1,3528,-123.28306,40.71694
638,2018-08-14 07:00:00,129.794,11.5,16.67,0.0,MUDC1,3528,-123.28306,40.71694
639,2018-08-14 07:30:00,129.794,,,,MUDC1,3528,-123.28306,40.71694
640,2018-08-14 08:00:00,129.794,11.5,15.56,,MUDC1,3528,-123.28306,40.71694
641,2018-08-14 08:30:00,129.794,,,,MUDC1,3528,-123.28306,40.71694
642,2018-08-14 09:00:00,129.794,11.5,16.11,0.0,MUDC1,3528,-123.28306,40.71694
643,2018-08-14 09:30:00,129.794,,,,MUDC1,3528,-123.28306,40.71694
644,2018-08-14 10:00:00,129.794,11.5,15.0,,MUDC1,3528,-123.28306,40.71694
645,2018-08-14 10:30:00,129.794,,,,MUDC1,3528,-123.28306,40.71694
646,2018-08-14 11:00:00,129.794,11.48,15.56,,MUDC1,3528,-123.28306,40.71694
647,2018-08-14 11:30:00,129.794,,,,MUDC1,3528,-123.28306,40.71694
648,2018-08-14 12:00:00,129.794,11.48,13.89,,MUDC1,3528,-123.28306,40.71694
649,2018-08-14 12:30:00,129.794,,,,MUDC1,3528,-123.28306,40.71694
650,2018-08-14 13:00:00,129.794,11.48,13.89,0.0,MUDC1,3528,-123.28306,40.71694
651,2018-08-14 13:30:00,129.794,,,,MUDC1,3528,-123.28306,40.71694
652,2018-08-14 14:00:00,129.794,11.48,13.33,,MUDC1,3528,-123.28306,40.71694
653,2018-08-14 14:30:00,129.794,,,,MUDC1,3528,-123.28306,40.71694
654,2018-08-14 15:00:00,129.794,11.5,15.56,0.0,MUDC1,3528,-123.28306,40.71694
655,2018-08-14 15:30:00,129.794,,,,MUDC1,3528,-123.28306,40.71694
656,2018-08-14 16:00:00,129.794,11.56,19.44,0.0,MUDC1,3528,-123.28306,40.71694
657,2018-08-14 16:30:00,129.794,,,,MUDC1,3528,-123.28306,40.71694
658,2018-08-14 17:00:00,129.794,11.74,21.11,,MUDC1,3528,-123.28306,40.71694
659,2018-08-14 17:30:00,129.794,,,,MUDC1,3528,-123.28306,40.71694
660,2018-08-14 18:00:00,129.794,11.97,23.33,,MUDC1,3528,-123.28306,40.71694
661,2018-08-14 18:30:00,129.794,,,,MUDC1,3528,-123.28306,40.71694
662,2018-08-14 19:00:00,129.794,12.07,26.67,,MUDC1,3528,-123.28306,40.71694
663,2018-08-14 19:30:00,129.794,,,,MUDC1,3528,-123.28306,40.71694
664,2018-08-14 20:00:00,129.794,12.01,30.0,0.0,MUDC1,3528,-123.28306,40.71694
665,2018-08-14 20:30:00,129.794,,,,MUDC1,3528,-123.28306,40.71694
666,2018-08-14 21:00:00,129.794,11.97,31.67,,MUDC1,3528,-123.28306,40.71694
667,2018-08-14 21:30:00,129.794,,,,MUDC1,3528,-123.28306,40.71694
668,2018-08-14 22:00:00,129.794,12.0,32.22,,MUDC1,3528,-123.28306,40.71694
669,2018-08-14 22:30:00,129.794,,,,MUDC1,3528,-123.28306,40.71694
670,2018-08-14 23:00:00,129.794,11.93,32.78,,MUDC1,3528,-123.28306,40.71694
671,2018-08-14 23:30:00,129.794,,,,MUDC1,3528,-123.28306,40.71694
672,2018-08-15 00:00:00,129.794,11.89,31.11,0.0,MUDC1,3528,-123.28306,40.71694
673,2018-08-15 00:30:00,129.794,,,,MUDC1,3528,-123.28306,40.71694
674,2018-08-15 01:00:00,129.794,11.88,29.44,0.0,MUDC1,3528,-123.28306,40.71694
675,2018-08-15 01:30:00,129.794,,,,MUDC1,3528,-123.28306,40.71694
676,2018-08-15 02:00:00,129.794,11.66,25.56,,MUDC1,3528,-123.28306,40.71694
677,2018-08-15 02:30:00,129.794,,,,MUDC1,3528,-123.28306,40.71694
678,2018-08-15 03:00:00,129.794,11.54,23.89,0.0,MUDC1,3528,-123.28306,40.71694
679,2018-08-15 03:30:00,129.794,,,,MUDC1,3528,-123.28306,40.71694
680,2018-08-15 04:00:00,129.794,11.52,21.11,0.0,MUDC1,3528,-123.28306,40.71694
681,2018-08-15 04:30:00,129.794,,,,MUDC1,3528,-123.28306,40.71694
682,2018-08-15 05:00:00,129.794,11.5,19.44,0.0,MUDC1,3528,-123.28306,40.71694
683,2018-08-15 05:30:00,129.794,,,,MUDC1,3528,-123.28306,40.71694
684,2018-08-15 06:00:00,129.794,11.5,18.33,,MUDC1,3528,-123.28306,40.71694
685,2018-08-15 06:30:00,129.794,,,,MUDC1,3528,-123.28306,40.71694
686,2018-08-15 07:00:00,129.794,11.5,17.22,0.0,MUDC1,3528,-123.28306,40.71694
687,2018-08-15 07:30:00,129.794,,,,MUDC1,3528,-123.28306,40.71694
688,2018-08-15 08:00:00,129.794,11.48,16.67,0.0,MUDC1,3528,-123.28306,40.71694
689,2018-08-15 08:30:00,129.794,,,,MUDC1,3528,-123.28306,40.71694
690,2018-08-15 09:00:00,129.794,11.5,17.22,,MUDC1,3528,-123.28306,40.71694
691,2018-08-15 09:30:00,129.794,,,,MUDC1,3528,-123.28306,40.71694
692,2018-08-15 10:00:00,129.794,11.5,16.67,0.0,MUDC1,3528,-123.28306,40.71694
693,2018-08-15 10:30:00,129.794,,,,MUDC1,3528,-123.28306,40.71694
694,2018-08-15 11:00:00,129.794,11.48,16.11,0.0,MUDC1,3528,-123.28306,40.71694
695,2018-08-15 11:30:00,129.794,,,,MUDC1,3528,-123.28306,40.71694
696,2018-08-15 12:00:00,129.794,11.48,15.0,,MUDC1,3528,-123.28306,40.71694
697,2018-08-15 12:30:00,129.794,,,,MUDC1,3528,-123.28306,40.71694
698,2018-08-15 13:00:00,129.794,11.48,15.0,,MUDC1,3528,-123.28306,40.71694
699,2018-08-15 13:30:00,129.794,,,,MUDC1,3528,-123.28306,40.71694
700,2018-08-15 14:00:00,129.794,11.48,13.89,0.0,MUDC1,3528,-123.28306,40.71694
701,2018-08-15 14:30:00,129.794,,,,MUDC1,3528,-123.28306,40.71694
702,2018-08-15 15:00:00,129.794,11.48,17.22,0.0,MUDC1,3528,-123.28306,40.71694
703,2018-08-15 15:30:00,129.794,,,,MUDC1,3528,-123.28306,40.71694
704,2018-08-15 16:00:00,129.794,11.54,20.56,0.0,MUDC1,3528,-123.28306,40.71694
705,2018-08-15 16:30:00,129.794,,,,MUDC1,3528,-123.28306,40.71694
706,2018-08-15 17:00:00,129.794,11.7,21.11,0.0,MUDC1,3528,-123.28306,40.71694
707,2018-08-15 17:30:00,129.794,,,,MUDC1,3528,-123.28306,40.71694
708,2018-08-15 18:00:00,129.794,11.89,23.89,,MUDC1,3528,-123.28306,40.71694
709,2018-08-15 18:30:00,129.794,,,,MUDC1,3528,-123.28306,40.71694
710,2018-08-15 19:00:00,129.794,12.07,26.67,0.0,MUDC1,3528,-123.28306,40.71694
711,2018-08-15 19:30:00,129.794,,,,MUDC1,3528,-123.28306,40.71694
712,2018-08-15 20:00:00,129.794,12.0,29.44,0.0,MUDC1,3528,-123.28306,40.71694
713,2018-08-15 20:30:00,129.794,,,,MUDC1,3528,-123.28306,40.71694
714,2018-08-15 21:00:00,129.794,11.96,32.22,0.0,MUDC1,3528,-123.28306,40.71694
715,2018-08-15 21:30:00,129.794,,,,MUDC1,3528,-123.28306,40.71694
716,2018-08-15 22:00:00,129.794,11.97,32.78,0.0,MUDC1,3528,-123.28306,40.71694
717,2018-08-15 22:30:00,129.794,,,,MUDC1,3528,-123.28306,40.71694
718,2018-08-15 23:00:00,129.794,11.93,31.11,0.0,MUDC1,3528,-123.28306,40.71694
719,2018-08-15 23:30:00,129.794,,,,MUDC1,3528,-123.28306,40.71694
720,2018-08-16 00:00:00,129.794,11.88,30.0,0.0,MUDC1,3528,-123.28306,40.71694
721,2018-08-16 00:30:00,129.794,,,,MUDC1,3528,-123.28306,40.71694
722,2018-08-16 01:00:00,129.794,11.88,28.89,,MUDC1,3528,-123.28306,40.71694
723,2018-08-16 01:30:00,129.794,,,,MUDC1,3528,-123.28306,40.71694
724,2018-08-16 02:00:00,129.794,11.68,26.11,,MUDC1,3528,-123.28306,40.71694
725,2018-08-16 02:30:00,129.794,,,,MUDC1,3528,-123.28306,40.71694
726,2018-08-16 03:00:00,129.794,11.52,22.78,0.0,MUDC1,3528,-123.28306,40.71694
727,2018-08-16 03:30:00,129.794,,,,MUDC1,3528,-123.28306,40.71694
728,2018-08-16 04:00:00,129.794,11.52,20.56,,MUDC1,3528,-123.28306,40.71694
729,2018-08-16 04:30:00,129.794,,,,MUDC1,3528,-123.28306,40.71694
730,2018-08-16 05:00:00,129.794,11.5,18.89,0.0,MUDC1,3528,-123.28306,40.71694
731,2018-08-16 05:30:00,129.794,,,,MUDC1,3528,-123.28306,40.71694
732,2018-08-16 06:00:00,129.794,11.5,17.78,0.0,MUDC1,3528,-123.28306,40.71694
733,2018-08-16 06:30:00,129.794,,,,MUDC1,3528,-123.28306,40.71694
734,2018-08-16 07:00:00,129.794,11.5,17.22,0.0,MUDC1,3528,-123.28306,40.71694
735,2018-08-16 07:30:00,129.794,,,,MUDC1,3528,-123.28306,40.71694
736,2018-08-16 08:00:00,129.794,11.5,16.67,0.0,MUDC1,3528,-123.28306,40.71694
737,2018-08-16 08:30:00,129.794,,,,MUDC1,3528,-123.28306,40.71694
738,2018-08-16 09:00:00,129.794,11.5,16.67,0.0,MUDC1,3528,-123.28306,40.71694
739,2018-08-16 09:30:00,129.794,,,,MUDC1,3528,-123.28306,40.71694
740,2018-08-16 10:00:00,129.794,11.5,16.11,0.0,MUDC1,3528,-123.28306,40.71694
741,2018-08-16 10:30:00,129.794,,,,MUDC1,3528,-123.28306,40.71694
742,2018-08-16 11:00:00,129.794,11.5,15.0,,MUDC1,3528,-123.28306,40.71694
743,2018-08-16 11:30:00,129.794,,,,MUDC1,3528,-123.28306,40.71694
744,2018-08-16 12:00:00,129.794,11.48,15.0,0.0,MUDC1,3528,-123.28306,40.71694
745,2018-08-16 12:30:00,129.794,,,,MUDC1,3528,-123.28306,40.71694
746,2018-08-16 13:00:00,129.794,11.48,14.44,0.0,MUDC1,3528,-123.28306,40.71694
747,2018-08-16 13:30:00,129.794,,,,MUDC1,3528,-123.28306,40.71694
748,2018-08-16 14:00:00,129.794,11.48,15.0,0.0,MUDC1,3528,-123.28306,40.71694
749,2018-08-16 14:30:00,129.794,,,,MUDC1,3528,-123.28306,40.71694
750,2018-08-16 15:00:00,129.794,11.48,15.56,,MUDC1,3528,-123.28306,40.71694
751,2018-08-16 15:30:00,129.794,,,,MUDC1,3528,-123.28306,40.71694
752,2018-08-16 16:00:00,129.794,11.54,19.44,,MUDC1,3528,-123.28306,40.71694
753,2018-08-16 16:30:00,129.794,,,,MUDC1,3528,-123.28306,40.71694
754,2018-08-16 17:00:00,129.794,11.7,22.22,0.0,MUDC1,3528,-123.28306,40.71694
755,2018-08-16 17:30:00,129.794,,,,MUDC1,3528,-123.28306,40.71694
756,2018-08-16 18:00:00,129.794,11.89,24.44,0.0,MUDC1,3528,-123.28306,40.71694
757,2018-08-16 18:30:00,129.794,,,,MUDC1,3528,-123.28306,40.71694
758,2018-08-16 19:00:00,129.794,12.07,27.22,,MUDC1,3528,-123.28306,40.71694
759,2018-08-16 19:30:00,129.794,,,,MUDC1,3528,-123.28306,40.71694
760,2018-08-16 20:00:00,129.794,12.01,30.0,0.0,MUDC1,3528,-123.28306,40.71694
761,2018-08-16 20:30:00,129.794,,,,MUDC1,3528,-123.28306,40.71694
762,2018-08-16 21:00:00,129.794,11.96,32.22,,MUDC1,3528,-123.28306,40.71694
763,2018-08-16 21:30:00,129.794,,,,MUDC1,3528,-123.28306,40.71694
764,2018-08-16 22:00:00,129.794,11.97,32.78,0.0,MUDC1,3528,-123.28306,40.71694
765,2018-08-16 22:30:00,129.794,,,,MUDC1,3528,-123.28306,40.71694
766,2018-08-16 23:00:00,129.794,11.89,30.56,0.0,MUDC1,3528,-123.28306,40.71694
767,2018-08-16 23:30:00,129.794,,,,MUDC1,3528,-123.28306,40.71694
768,2018-08-17 00:00:00,129.794,11.88,30.0,0.0,MUDC1,3528,-123.28306,40.71694
769,2018-08-17 00:30:00,129.794,,,,MUDC1,3528,-123.28306,40.71694
770,2018-08-17 01:00:00,129.794,11.88,27.78,0.0,MUDC1,3528,-123.28306,40.71694
771,2018-08-17 01:30:00,129.794,,,,MUDC1,3528,-123.28306,40.71694
772,2018-08-17 02:00:00,129.794,11.88,25.0,0.0,MUDC1,3528,-123.28306,40.71694
773,2018-08-17 02:30:00,129.794,,,,MUDC1,3528,-123.28306,40.71694
774,2018-08-17 03:00:00,129.794,11.56,23.33,0.0,MUDC1,3528,-123.28306,40.71694
775,2018-08-17 03:30:00,129.794,,,,MUDC1,3528,-123.28306,40.71694
776,2018-08-17 04:00:00,129.794,11.52,20.0,0.0,MUDC1,3528,-123.28306,40.71694
777,2018-08-17 04:30:00,129.794,,,,MUDC1,3528,-123.28306,40.71694
778,2018-08-17 05:00:00,129.794,11.52,19.44,0.0,MUDC1,3528,-123.28306,40.71694
779,2018-08-17 05:30:00,129.794,,,,MUDC1,3528,-123.28306,40.71694
780,2018-08-17 06:00:00,129.794,11.52,18.33,,MUDC1,3528,-123.28306,40.71694
781,2018-08-17 06:30:00,129.794,,,,MUDC1,3528,-123.28306,40.71694
782,2018-08-17 07:00:00,129.794,11.5,16.11,,MUDC1,3528,-123.28306,40.71694
783,2018-08-17 07:30:00,129.794,,,,MUDC1,3528,-123.28306,40.71694
784,2018-08-17 08:00:00,129.794,11.48,16.11,0.0,MUDC1,3528,-123.28306,40.71694
785,2018-08-17 08:30:00,129.794,,,,MUDC1,3528,-123.28306,40.71694
786,2018-08-17 09:00:00,129.794,11.48,15.0,0.0,MUDC1,3528,-123.28306,40.71694
787,2018-08-17 09:30:00,129.794,,,,MUDC1,3528,-123.28306,40.71694
788,2018-08-17 10:00:00,129.794,11.5,13.89,0.0,MUDC1,3528,-123.28306,40.71694
789,2018-08-17 10:30:00,129.794,,,,MUDC1,3528,-123.28306,40.71694
790,2018-08-17 11:00:00,129.794,11.48,13.89,0.0,MUDC1,3528,-123.28306,40.71694
791,2018-08-17 11:30:00,129.794,,,,MUDC1,3528,-123.28306,40.71694
792,2018-08-17 12:00:00,129.794,11.48,13.89,0.0,MUDC1,3528,-123.28306,40.71694
793,2018-08-17 12:30:00,129.794,,,,MUDC1,3528,-123.28306,40.71694
794,2018-08-17 13:00:00,129.794,11.48,12.78,,MUDC1,3528,-123.28306,40.71694
795,2018-08-17 13:30:00,129.794,,,,MUDC1,3528,-123.28306,40.71694
796,2018-08-17 14:00:00,129.794,11.48,13.89,0.0,MUDC1,3528,-123.28306,40.71694
797,2018-08-17 14:30:00,129.794,,,,MUDC1,3528,-123.28306,40.71694
798,2018-08-17 15:00:00,129.794,11.48,15.56,0.0,MUDC1,3528,-123.28306,40.71694
799,2018-08-17 15:30:00,129.794,,,,MUDC1,3528,-123.28306,40.71694
800,2018-08-17 16:00:00,129.794,11.54,18.89,,MUDC1,3528,-123.28306,40.71694
801,2018-08-17 16:30:00,129.794,,,,MUDC1,3528,-123.28306,40.71694
802,2018-08-17 17:00:00,129.794,11.71,21.11,0.0,MUDC1,3528,-123.28306,40.71694
803,2018-08-17 17:30:00,129.794,,,,MUDC1,3528,-123.28306,40.71694
804,2018-08-17 18:00:00,129.794,11.93,23.89,,MUDC1,3528,-123.28306,40.71694
805,2018-08-17 18:30:00,129.794,,,,MUDC1,3528,-123.28306,40.71694
806,2018-08-17 19:00:00,129.794,12.1,26.11,,MUDC1,3528,-123.28306,40.71694
807,2018-08-17 19:30:00,129.794,,,,MUDC1,3528,-123.28306,40.71694
808,2018-08-17 20:00:00,129.794,12.01,28.89,0.0,MUDC1,3528,-123.28306,40.71694
809,2018-08-17 20:30:00,129.794,,,,MUDC1,3528,-123.28306,40.71694
810,2018-08-17 21:00:00,129.794,12.0,31.11,0.0,MUDC1,3528,-123.28306,40.71694
811,2018-08-17 21:30:00,129.794,,,,MUDC1,3528,-123.28306,40.71694
812,2018-08-17 22:00:00,129.794,12.0,32.78,,MUDC1,3528,-123.28306,40.71694
813,2018-08-17 22:30:00,129.794,,,,MUDC1,3528,-123.28306,40.71694
814,2018-08-17 23:00:00,129.794,11.92,30.56,0.0,MUDC1,3528,-123.28306,40.71694
815,2018-08-17 23:30:00,129.794,,,,MUDC1,3528,-123.28306,40.71694
816,2018-08-18 00:00:00,129.794,11.89,28.89,0.0,MUDC1,3528,-123.28306,40.71694
817,2018-08-18 00:30:00,129.794,,,,MUDC1,3528,-123.28306,40.71694
818,2018-08-18 01:00:00,129.794,11.89,28.33,0.0,MUDC1,3528,-123.28306,40.71694
819,2018-08-18 01:30:00,129.794,,,,MUDC1,3528,-123.28306,40.71694
820,2018-08-18 02:00:00,129.794,11.88,26.11,0.0,MUDC1,3528,-123.28306,40.71694
821,2018-08-18 02:30:00,129.794,,,,MUDC1,3528,-123.28306,40.71694
822,2018-08-18 03:00:00,129.794,11.54,22.78,0.0,MUDC1,3528,-123.28306,40.71694
823,2018-08-18 03:30:00,129.794,,,,MUDC1,3528,-123.28306,40.71694
824,2018-08-18 04:00:00,129.794,11.52,20.0,0.0,MUDC1,3528,-123.28306,40.71694
825,2018-08-18 04:30:00,129.794,,,,MUDC1,3528,-123.28306,40.71694
826,2018-08-18 05:00:00,129.794,11.5,20.0,,MUDC1,3528,-123.28306,40.71694
827,2018-08-18 05:30:00,129.794,,,,MUDC1,3528,-123.28306,40.71694
828,2018-08-18 06:00:00,129.794,11.5,18.33,,MUDC1,3528,-123.28306,40.71694
829,2018-08-18 06:30:00,129.794,,,,MUDC1,3528,-123.28306,40.71694
830,2018-08-18 07:00:00,129.794,11.5,16.67,,MUDC1,3528,-123.28306,40.71694
831,2018-08-18 07:30:00,129.794,,,,MUDC1,3528,-123.28306,40.71694
832,2018-08-18 08:00:00,129.794,11.48,17.22,0.0,MUDC1,3528,-123.28306,40.71694
833,2018-08-18 08:30:00,129.794,,,,MUDC1,3528,-123.28306,40.71694
834,2018-08-18 09:00:00,129.794,11.48,16.67,0.0,MUDC1,3528,-123.28306,40.71694
835,2018-08-18 09:30:00,129.794,,,,MUDC1,3528,-123.28306,40.71694
836,2018-08-18 10:00:00,129.794,11.5,15.56,0.0,MUDC1,3528,-123.28306,40.71694
837,2018-08-18 10:30:00,129.794,,,,MUDC1,3528,-123.28306,40.71694
838,2018-08-18 11:00:00,129.794,11.48,16.11,0.0,MUDC1,3528,-123.28306,40.71694
839,2018-08-18 11:30:00,129.794,,,,MUDC1,3528,-123.28306,40.71694
840,2018-08-18 12:00:00,129.794,11.46,14.44,,MUDC1,3528,-123.28306,40.71694
841,2018-08-18 12:30:00,129.794,,,,MUDC1,3528,-123.28306,40.71694
842,2018-08-18 13:00:00,129.794,11.48,13.89,,MUDC1,3528,-123.28306,40.71694
843,2018-08-18 13:30:00,129.794,,,,MUDC1,3528,-123.28306,40.71694
844,2018-08-18 14:00:00,129.794,11.48,13.89,,MUDC1,3528,-123.28306,40.71694
845,2018-08-18 14:30:00,129.794,,,,MUDC1,3528,-123.28306,40.71694
846,2018-08-18 15:00:00,129.794,11.48,14.44,0.0,MUDC1,3528,-123.28306,40.71694
847,2018-08-18 15:30:00,129.794,,,,MUDC1,3528,-123.28306,40.71694
848,2018-08-18 16:00:00,129.794,11.54,18.89,0.0,MUDC1,3528,-123.28306,40.71694
849,2018-08-18 16:30:00,129.794,,,,MUDC1,3528,-123.28306,40.71694
850,2018-08-18 17:00:00,129.794,11.68,20.56,0.0,MUDC1,3528,-123.28306,40.71694
851,2018-08-18 17:30:00,129.794,,,,MUDC1,3528,-123.28306,40.71694
852,2018-08-18 18:00:00,129.794,11.88,23.33,,MUDC1,3528,-123.28306,40.71694
853,2018-08-18 18:30:00,129.794,,,,MUDC1,3528,-123.28306,40.71694
854,2018-08-18 19:00:00,129.794,12.11,26.67,0.0,MUDC1,3528,-123.28306,40.71694
855,2018-08-18 19:30:00,129.794,,,,MUDC1,3528,-123.28306,40.71694
856,2018-08-18 20:00:00,129.794,12.01,30.0,0.0,MUDC1,3528,-123.28306,40.71694
857,2018-08-18 20:30:00,129.794,,,,MUDC1,3528,-123.28306,40.71694
858,2018-08-18 21:00:00,129.794,11.97,32.22,0.0,MUDC1,3528,-123.28306,40.71694
859,2018-08-18 21:30:00,129.794,,,,MUDC1,3528,-123.28306,40.71694
860,2018-08-18 22:00:00,129.794,12.0,33.89,0.0,MUDC1,3528,-123.28306,40.71694
861,2018-08-18 22:30:00,129.794,,,,MUDC1,3528,-123.28306,40.71694
862,2018-08-18 23:00:00,129.794,11.92,32.22,0.0,MUDC1,3528,-123.28306,40.71694
863,2018-08-18 23:30:00,129.794,,,,MUDC1,3528,-123.28306,40.71694
864,2018-08-19 00:00:00,129.794,11.89,31.67,0.0,MUDC1,3528,-123.28306,40.71694
865,2018-08-19 00:30:00,129.794,,,,MUDC1,3528,-123.28306,40.71694
866,2018-08-19 01:00:00,129.794,11.88,29.44,0.0,MUDC1,3528,-123.28306,40.71694
867,2018-08-19 01:30:00,129.794,,,,MUDC1,3528,-123.28306,40.71694
868,2018-08-19 02:00:00,129.794,11.68,26.11,0.0,MUDC1,3528,-123.28306,40.71694
869,2018-08-19 02:30:00,129.794,,,,MUDC1,3528,-123.28306,40.71694
870,2018-08-19 03:00:00,129.794,11.52,23.33,,MUDC1,3528,-123.28306,40.71694
871,2018-08-19 03:30:00,129.794,,,,MUDC1,3528,-123.28306,40.71694
872,2018-08-19 04:00:00,129.794,11.52,21.11,,MUDC1,3528,-123.28306,40.71694
873,2018-08-19 04:30:00,129.794,,,,MUDC1,3528,-123.28306,40.71694
874,2018-08-19 05:00:00,129.794,11.52,20.56,0.0,MUDC1,3528,-123.28306,40.71694
875,2018-08-19 05:30:00,129.794,,,,MUDC1,3528,-123.28306,40.71694
876,2018-08-19 06:00:00,129.794,11.5,18.33,0.0,MUDC1,3528,-123.28306,40.71694
877,2018-08-19 06:30:00,129.794,,,,MUDC1,3528,-123.28306,40.71694
878,2018-08-19 07:00:00,129.794,11.5,17.22,0.0,MUDC1,3528,-123.28306,40.71694
879,2018-08-19 07:30:00,129.794,,,,MUDC1,3528,-123.28306,40.71694
880,2018-08-19 08:00:00,129.794,11.5,17.22,0.0,MUDC1,3528,-123.28306,40.71694
881,2018-08-19 08:30:00,129.794,,,,MUDC1,3528,-123.28306,40.71694
882,2018-08-19 09:00:00,129.794,11.48,16.67,0.0,MUDC1,3528,-123.28306,40.71694
883,2018-08-19 09:30:00,129.794,,,,MUDC1,3528,-123.28306,40.71694
884,2018-08-19 10:00:00,129.794,11.48,15.56,0.0,MUDC1,3528,-123.28306,40.71694
885,2018-08-19 10:30:00,129.794,,,,MUDC1,3528,-123.28306,40.71694
886,2018-08-19 11:00:00,129.794,11.5,15.56,0.0,MUDC1,3528,-123.28306,40.71694
887,2018-08-19 11:30:00,129.794,,,,MUDC1,3528,-123.28306,40.71694
888,2018-08-19 12:00:00,129.794,11.48,14.44,0.0,MUDC1,3528,-123.28306,40.71694
889,2018-08-19 12:30:00,129.794,,,,MUDC1,3528,-123.28306,40.71694
890,2018-08-19 13:00:00,129.794,11.48,15.0,0.0,MUDC1,3528,-123.28306,40.71694
891,2018-08-19 13:30:00,129.794,,,,MUDC1,3528,-123.28306,40.71694
892,2018-08-19 14:00:00,129.794,11.48,15.0,0.0,MUDC1,3528,-123.28306,40.71694
893,2018-08-19 14:30:00,129.794,,,,MUDC1,3528,-123.28306,40.71694
894,2018-08-19 15:00:00,129.794,11.48,16.11,0.0,MUDC1,3528,-123.28306,40.71694
895,2018-08-19 15:30:00,129.794,,,,MUDC1,3528,-123.28306,40.71694
896,2018-08-19 16:00:00,129.794,11.54,21.11,0.0,MUDC1,3528,-123.28306,40.71694
897,2018-08-19 16:30:00,129.794,,,,MUDC1,3528,-123.28306,40.71694
898,2018-08-19 17:00:00,129.794,11.64,23.89,0.0,MUDC1,3528,-123.28306,40.71694
899,2018-08-19 17:30:00,129.794,,,,MUDC1,3528,-123.28306,40.71694
900,2018-08-19 18:00:00,129.794,11.84,23.89,0.0,MUDC1,3528,-123.28306,40.71694
901,2018-08-19 18:30:00,129.794,,,,MUDC1,3528,-123.28306,40.71694
