,date_time,fuel_moisture_set_1,wind_cardinal_direction_set_1d,wind_gust_set_1,volt_set_1,air_temp_high_24_hour_set_1,air_temp_low_24_hour_set_1,peak_wind_direction_set_1,dew_point_temperature_set_1d,fuel_temp_set_1,precip_accum_set_1,heat_index_set_1d,wind_direction_set_1,wind_speed_set_1,peak_wind_speed_set_1,solar_radiation_set_1,relative_humidity_set_1,air_temp_set_1,_meta_station_id,_meta_elevation,_meta_longitude,_meta_latitude
0,2018-08-01 00:22:00,4.9,W,7.15,13.7,,,232.0,9.78,35.0,2.286,32.65,267.0,2.68,7.15,263.0,22.0,34.44,OKNC1,1953,-122.850153,41.838358
1,2018-08-01 01:22:00,4.8,WSW,5.37,13.4,,,197.0,11.22,34.44,2.286,32.39,250.0,2.23,5.37,267.0,25.0,33.89,OKNC1,1953,-122.850153,41.838358
2,2018-08-01 02:22:00,4.8,NW,5.37,13.1,35.56,32.78,261.0,9.9,31.11,2.286,30.07,321.0,2.23,5.37,128.0,26.0,31.67,OKNC1,1953,-122.850153,41.838358
3,2018-08-01 03:22:00,4.9,N,4.02,13.0,,,283.0,10.58,27.78,2.286,28.75,356.0,1.34,4.02,31.0,30.0,30.0,OKNC1,1953,-122.850153,41.838358
4,2018-08-01 04:22:00,5.0,NNE,1.79,12.9,,,348.0,10.36,24.44,2.286,26.33,32.0,1.34,1.79,1.0,36.0,26.67,OKNC1,1953,-122.850153,41.838358
5,2018-08-01 05:22:00,5.1,NNW,1.79,12.9,,,115.0,10.67,21.67,2.286,,341.0,0.9,1.79,0.0,42.0,24.44,OKNC1,1953,-122.850153,41.838358
6,2018-08-01 06:22:00,5.3,NNE,1.79,12.9,,,32.0,10.33,20.0,2.286,,25.0,0.45,1.79,0.0,47.0,22.22,OKNC1,1953,-122.850153,41.838358
7,2018-08-01 07:22:00,5.5,N,1.34,12.9,,,1.0,10.08,17.78,2.286,,352.0,0.45,1.34,0.0,53.0,20.0,OKNC1,1953,-122.850153,41.838358
8,2018-08-01 09:22:00,6.0,,0.9,12.9,,,27.0,9.33,15.0,2.286,,,0.0,0.9,0.0,60.0,17.22,OKNC1,1953,-122.850153,41.838358
9,2018-08-01 10:22:00,6.3,N,0.9,12.8,,,18.0,9.06,14.44,2.286,,9.0,0.45,0.9,0.0,61.0,16.67,OKNC1,1953,-122.850153,41.838358
10,2018-08-01 11:22:00,6.5,,0.9,12.8,,,336.0,9.18,12.78,2.286,,,0.0,0.9,0.0,66.0,15.56,OKNC1,1953,-122.850153,41.838358
11,2018-08-01 12:22:00,6.8,,0.0,12.8,,,52.0,8.77,12.22,2.286,,,0.0,0.0,0.0,69.0,14.44,OKNC1,1953,-122.850153,41.838358
12,2018-08-01 13:22:00,7.4,,0.0,12.7,,,206.0,9.34,11.11,2.286,,,0.0,0.0,1.0,77.0,13.33,OKNC1,1953,-122.850153,41.838358
13,2018-08-01 14:22:00,7.8,,0.0,12.8,,,339.0,9.49,12.22,2.286,,,0.0,0.0,33.0,75.0,13.89,OKNC1,1953,-122.850153,41.838358
14,2018-08-01 15:22:00,8.4,,0.0,13.2,,,144.0,10.47,16.67,2.286,,,0.0,0.0,132.0,67.0,16.67,OKNC1,1953,-122.850153,41.838358
15,2018-08-01 16:22:00,8.7,SSE,0.9,13.4,,,143.0,11.16,22.78,2.286,,168.0,0.45,0.9,274.0,55.0,20.56,OKNC1,1953,-122.850153,41.838358
16,2018-08-01 17:22:00,8.7,SW,2.68,13.9,,,237.0,12.69,27.78,2.286,,224.0,1.79,2.68,451.0,48.0,24.44,OKNC1,1953,-122.850153,41.838358
17,2018-08-01 18:22:00,8.3,WNW,4.02,13.3,,,233.0,11.85,32.78,2.286,27.68,284.0,1.79,4.02,609.0,36.0,28.33,OKNC1,1953,-122.850153,41.838358
18,2018-08-01 19:22:00,7.6,SW,4.92,13.9,,,258.0,10.46,37.22,2.286,30.15,226.0,2.68,4.92,772.0,27.0,31.67,OKNC1,1953,-122.850153,41.838358
19,2018-08-01 20:22:00,6.9,WSW,4.47,13.2,,,208.0,5.16,40.0,2.286,32.09,245.0,2.23,4.47,850.0,16.0,34.44,OKNC1,1953,-122.850153,41.838358
20,2018-08-01 21:22:00,6.1,WNW,5.37,13.4,,,282.0,6.53,41.11,2.286,33.8,298.0,2.23,5.37,805.0,16.0,36.11,OKNC1,1953,-122.850153,41.838358
21,2018-08-01 22:22:00,5.4,WSW,7.15,13.1,,,266.0,1.71,40.56,2.286,33.65,257.0,2.68,7.15,737.0,11.0,36.67,OKNC1,1953,-122.850153,41.838358
22,2018-08-01 23:22:00,5.1,WSW,6.7,13.1,,,245.0,2.47,39.44,2.286,33.31,246.0,2.68,6.7,637.0,12.0,36.11,OKNC1,1953,-122.850153,41.838358
23,2018-08-02 00:22:00,4.8,W,7.15,13.6,,,306.0,4.18,37.22,2.286,33.05,270.0,2.68,7.15,498.0,14.0,35.56,OKNC1,1953,-122.850153,41.838358
24,2018-08-02 01:22:00,4.7,WSW,5.81,13.3,,,242.0,2.25,35.0,2.286,31.93,254.0,2.23,5.81,333.0,13.0,34.44,OKNC1,1953,-122.850153,41.838358
25,2018-08-02 02:22:00,4.6,W,7.6,13.2,36.67,33.33,280.0,6.53,31.67,2.286,30.18,267.0,2.23,7.6,149.0,20.0,32.22,OKNC1,1953,-122.850153,41.838358
26,2018-08-02 03:22:00,4.6,WSW,5.81,13.0,,,208.0,8.36,28.89,2.286,28.94,256.0,2.68,5.81,30.0,25.0,30.56,OKNC1,1953,-122.850153,41.838358
27,2018-08-02 04:22:00,4.6,NNW,6.7,12.9,,,225.0,7.57,26.67,2.286,27.2,340.0,1.34,6.7,1.0,27.0,28.33,OKNC1,1953,-122.850153,41.838358
28,2018-08-02 05:22:00,4.6,N,4.02,12.9,,,352.0,6.69,23.89,2.286,,360.0,0.9,4.02,0.0,29.0,26.11,OKNC1,1953,-122.850153,41.838358
29,2018-08-02 06:22:00,4.7,NE,1.79,12.9,,,30.0,6.48,20.0,2.286,,46.0,0.9,1.79,0.0,35.0,22.78,OKNC1,1953,-122.850153,41.838358
30,2018-08-02 07:22:00,4.8,NNE,1.34,12.9,,,8.0,6.44,17.78,2.286,,22.0,0.9,1.34,0.0,40.0,20.56,OKNC1,1953,-122.850153,41.838358
31,2018-08-02 08:22:00,5.0,NNW,1.34,12.9,,,17.0,6.12,16.11,2.286,,334.0,0.9,1.34,0.0,45.0,18.33,OKNC1,1953,-122.850153,41.838358
32,2018-08-02 09:22:00,5.1,NNE,1.34,12.8,,,173.0,5.84,14.44,2.286,,28.0,0.45,1.34,0.0,49.0,16.67,OKNC1,1953,-122.850153,41.838358
33,2018-08-02 10:22:00,5.3,NNE,0.9,12.8,,,350.0,5.95,13.33,2.286,,20.0,0.9,0.9,0.0,53.0,15.56,OKNC1,1953,-122.850153,41.838358
34,2018-08-02 11:22:00,5.5,,0.9,12.8,,,32.0,5.96,11.67,2.286,,,0.0,0.9,0.0,57.0,14.44,OKNC1,1953,-122.850153,41.838358
35,2018-08-02 12:22:00,5.6,,0.0,12.7,,,341.0,5.38,10.56,2.286,,,0.0,0.0,0.0,61.0,12.78,OKNC1,1953,-122.850153,41.838358
36,2018-08-02 13:22:00,5.9,,0.0,12.7,,,211.0,5.77,10.0,2.286,,,0.0,0.0,1.0,65.0,12.22,OKNC1,1953,-122.850153,41.838358
37,2018-08-02 14:22:00,6.2,,0.0,12.8,,,31.0,6.43,10.56,2.286,,,0.0,0.0,34.0,68.0,12.22,OKNC1,1953,-122.850153,41.838358
38,2018-08-02 15:22:00,6.7,,0.0,13.4,,,176.0,7.78,16.67,2.286,,,0.0,0.0,154.0,58.0,16.11,OKNC1,1953,-122.850153,41.838358
39,2018-08-02 16:22:00,7.1,SW,2.23,13.6,,,247.0,7.65,22.78,2.286,,227.0,1.34,2.23,345.0,45.0,20.0,OKNC1,1953,-122.850153,41.838358
40,2018-08-02 17:22:00,7.4,SSW,3.13,13.4,,,226.0,8.29,28.89,2.286,,209.0,1.79,3.13,537.0,37.0,23.89,OKNC1,1953,-122.850153,41.838358
41,2018-08-02 18:22:00,7.0,WSW,4.02,13.9,,,339.0,8.15,32.78,2.286,26.56,244.0,2.68,4.02,725.0,30.0,27.22,OKNC1,1953,-122.850153,41.838358
42,2018-08-02 19:22:00,6.4,NNE,4.92,13.2,,,250.0,6.97,38.89,2.286,29.27,26.0,1.34,4.92,868.0,22.0,31.11,OKNC1,1953,-122.850153,41.838358
43,2018-08-02 20:22:00,5.8,WNW,4.92,13.1,,,314.0,3.35,40.0,2.286,30.98,301.0,2.23,4.92,937.0,15.0,33.33,OKNC1,1953,-122.850153,41.838358
44,2018-08-02 21:22:00,5.4,W,5.37,13.3,,,250.0,-0.89,41.67,2.286,31.92,274.0,1.79,5.37,930.0,10.0,35.0,OKNC1,1953,-122.850153,41.838358
45,2018-08-02 22:22:00,4.8,SSW,7.15,13.1,,,218.0,0.4,40.0,2.286,32.09,211.0,3.58,7.15,912.0,11.0,35.0,OKNC1,1953,-122.850153,41.838358
46,2018-08-02 23:22:00,4.6,W,7.15,13.3,,,351.0,3.58,40.0,2.286,33.52,264.0,2.68,7.15,762.0,13.0,36.11,OKNC1,1953,-122.850153,41.838358
47,2018-08-03 00:22:00,4.4,W,6.26,13.5,,,307.0,5.62,37.22,2.286,32.65,268.0,3.13,6.26,586.0,16.0,35.0,OKNC1,1953,-122.850153,41.838358
48,2018-08-03 01:22:00,4.4,WSW,7.15,13.4,,,212.0,4.67,33.33,2.286,30.56,247.0,2.23,7.15,364.0,17.0,32.78,OKNC1,1953,-122.850153,41.838358
49,2018-08-03 02:22:00,4.3,WNW,7.6,13.1,36.11,31.11,229.0,5.14,29.44,2.286,28.7,291.0,0.9,7.6,148.0,20.0,30.56,OKNC1,1953,-122.850153,41.838358
50,2018-08-03 03:22:00,4.3,NE,3.58,13.0,,,270.0,4.31,25.0,2.286,26.6,51.0,1.34,3.58,34.0,23.0,27.22,OKNC1,1953,-122.850153,41.838358
51,2018-08-03 04:22:00,4.4,NNE,2.23,12.9,,,60.0,4.26,21.11,2.286,,14.0,1.34,2.23,1.0,29.0,23.33,OKNC1,1953,-122.850153,41.838358
52,2018-08-03 05:22:00,4.5,ENE,1.79,12.9,,,31.0,5.14,19.44,2.286,,72.0,0.9,1.79,0.0,33.0,22.22,OKNC1,1953,-122.850153,41.838358
53,2018-08-03 06:22:00,4.5,ENE,2.23,12.9,,,45.0,6.07,17.78,2.286,,62.0,1.34,2.23,0.0,39.0,20.56,OKNC1,1953,-122.850153,41.838358
54,2018-08-03 07:22:00,4.6,ENE,1.79,12.8,,,32.0,6.44,15.0,2.286,,73.0,0.9,1.79,0.0,46.0,18.33,OKNC1,1953,-122.850153,41.838358
55,2018-08-03 08:22:00,4.8,N,1.79,12.9,,,166.0,6.7,13.89,2.286,,356.0,0.9,1.79,0.0,52.0,16.67,OKNC1,1953,-122.850153,41.838358
56,2018-08-03 09:22:00,4.9,N,1.34,12.8,,,178.0,6.23,12.78,2.286,,7.0,0.45,1.34,0.0,56.0,15.0,OKNC1,1953,-122.850153,41.838358
57,2018-08-03 10:22:00,5.1,N,1.34,12.8,,,334.0,6.43,11.11,2.286,,355.0,0.45,1.34,0.0,61.0,13.89,OKNC1,1953,-122.850153,41.838358
58,2018-08-03 11:22:00,5.2,,1.34,12.8,,,156.0,6.31,10.0,2.286,,,0.0,1.34,0.0,65.0,12.78,OKNC1,1953,-122.850153,41.838358
59,2018-08-03 12:22:00,5.6,,0.9,12.7,,,158.0,6.74,8.89,2.286,,,0.0,0.9,0.0,72.0,11.67,OKNC1,1953,-122.850153,41.838358
60,2018-08-03 13:22:00,5.8,NNE,1.34,12.7,,,173.0,6.2,8.33,2.286,,32.0,0.45,1.34,1.0,72.0,11.11,OKNC1,1953,-122.850153,41.838358
61,2018-08-03 14:22:00,6.2,SSW,0.9,12.8,,,316.0,6.27,8.89,2.286,,205.0,0.45,0.9,30.0,75.0,10.56,OKNC1,1953,-122.850153,41.838358
62,2018-08-03 15:22:00,6.8,SSE,0.9,13.3,,,167.0,8.19,16.11,2.286,,168.0,0.45,0.9,169.0,64.0,15.0,OKNC1,1953,-122.850153,41.838358
63,2018-08-03 16:22:00,7.4,SSE,2.23,13.4,,,168.0,7.32,23.33,2.286,,151.0,1.34,2.23,389.0,44.0,20.0,OKNC1,1953,-122.850153,41.838358
64,2018-08-03 17:22:00,7.6,SSW,2.68,13.4,,,221.0,7.47,28.89,2.286,,202.0,1.34,2.68,567.0,35.0,23.89,OKNC1,1953,-122.850153,41.838358
65,2018-08-03 18:22:00,7.4,SSW,2.68,13.3,,,225.0,7.63,33.89,2.286,26.85,208.0,1.79,2.68,748.0,28.0,27.78,OKNC1,1953,-122.850153,41.838358
66,2018-08-03 19:22:00,6.6,SSW,4.47,13.2,,,238.0,1.11,37.78,2.286,28.59,195.0,1.79,4.47,892.0,15.0,30.56,OKNC1,1953,-122.850153,41.838358
67,2018-08-03 20:22:00,5.8,WSW,4.92,13.2,,,255.0,3.75,38.33,2.286,29.56,242.0,2.23,4.92,945.0,17.0,31.67,OKNC1,1953,-122.850153,41.838358
68,2018-08-03 21:22:00,5.5,NW,5.37,13.5,,,189.0,-0.91,39.44,2.286,30.64,323.0,2.23,5.37,925.0,11.0,33.33,OKNC1,1953,-122.850153,41.838358
69,2018-08-03 22:22:00,4.8,NW,6.26,13.2,,,276.0,-3.15,39.44,2.286,30.84,320.0,2.23,6.26,861.0,9.0,33.89,OKNC1,1953,-122.850153,41.838358
70,2018-08-03 23:22:00,4.7,WSW,6.7,13.2,,,320.0,0.27,37.22,2.286,30.77,243.0,2.68,6.7,746.0,12.0,33.33,OKNC1,1953,-122.850153,41.838358
71,2018-08-04 00:22:00,4.5,W,5.81,13.7,,,240.0,5.58,36.67,2.286,31.62,260.0,1.79,5.81,566.0,17.0,33.89,OKNC1,1953,-122.850153,41.838358
72,2018-08-04 01:22:00,4.4,NNW,6.7,13.3,,,251.0,6.07,32.78,2.286,29.67,339.0,2.23,6.7,397.0,20.0,31.67,OKNC1,1953,-122.850153,41.838358
73,2018-08-04 02:22:00,4.4,N,7.15,13.2,33.89,30.0,2.0,3.74,28.33,2.286,27.38,357.0,2.23,7.15,186.0,20.0,28.89,OKNC1,1953,-122.850153,41.838358
74,2018-08-04 03:22:00,4.3,N,6.26,13.0,,,9.0,3.97,23.89,2.286,,357.0,0.9,6.26,31.0,24.0,26.11,OKNC1,1953,-122.850153,41.838358
75,2018-08-04 04:22:00,4.3,N,2.23,12.9,,,335.0,2.25,20.56,2.286,,11.0,0.9,2.23,1.0,26.0,22.78,OKNC1,1953,-122.850153,41.838358
76,2018-08-04 05:22:00,4.5,NE,1.79,12.9,,,89.0,2.81,18.89,2.286,,42.0,1.34,1.79,0.0,30.0,21.11,OKNC1,1953,-122.850153,41.838358
77,2018-08-04 06:22:00,4.5,ENE,1.79,12.9,,,73.0,3.1,16.67,2.286,,58.0,0.9,1.79,0.0,34.0,19.44,OKNC1,1953,-122.850153,41.838358
78,2018-08-04 07:22:00,4.5,N,1.34,12.9,,,261.0,3.28,13.89,2.286,,1.0,0.9,1.34,0.0,41.0,16.67,OKNC1,1953,-122.850153,41.838358
79,2018-08-04 08:22:00,4.6,ENE,1.79,12.8,,,143.0,2.94,12.78,2.286,,58.0,0.45,1.79,0.0,43.0,15.56,OKNC1,1953,-122.850153,41.838358
80,2018-08-04 09:22:00,4.8,NNW,0.9,12.8,,,299.0,2.98,11.67,2.286,,337.0,0.45,0.9,0.0,48.0,13.89,OKNC1,1953,-122.850153,41.838358
81,2018-08-04 10:22:00,4.9,,1.34,12.8,,,144.0,3.62,10.0,2.286,,,0.0,1.34,0.0,54.0,12.78,OKNC1,1953,-122.850153,41.838358
82,2018-08-04 11:22:00,5.0,NW,1.34,12.8,,,161.0,4.09,9.44,2.286,,307.0,0.45,1.34,0.0,60.0,11.67,OKNC1,1953,-122.850153,41.838358
83,2018-08-04 12:22:00,5.2,,1.34,12.7,,,24.0,4.19,8.33,2.286,,,0.0,1.34,0.0,65.0,10.56,OKNC1,1953,-122.850153,41.838358
84,2018-08-04 13:22:00,5.3,NNW,1.34,12.7,,,32.0,3.97,7.78,2.286,,347.0,0.45,1.34,1.0,64.0,10.56,OKNC1,1953,-122.850153,41.838358
85,2018-08-04 14:22:00,5.6,,0.9,12.8,,,170.0,5.13,8.33,2.286,,,0.0,0.9,32.0,72.0,10.0,OKNC1,1953,-122.850153,41.838358
86,2018-08-04 15:22:00,6.0,SE,1.34,13.3,,,172.0,6.21,15.0,2.286,,138.0,0.45,1.34,163.0,58.0,14.44,OKNC1,1953,-122.850153,41.838358
87,2018-08-04 16:22:00,6.5,SW,2.23,13.6,,,257.0,5.97,22.22,2.286,,231.0,0.9,2.23,382.0,43.0,18.89,OKNC1,1953,-122.850153,41.838358
88,2018-08-04 17:22:00,6.8,SW,3.13,13.5,,,233.0,5.63,27.22,2.286,,222.0,2.23,3.13,554.0,33.0,22.78,OKNC1,1953,-122.850153,41.838358
89,2018-08-04 18:22:00,6.7,SW,4.02,13.3,,,207.0,6.18,31.67,2.286,,217.0,2.23,4.02,704.0,28.0,26.11,OKNC1,1953,-122.850153,41.838358
90,2018-08-04 19:22:00,6.1,WSW,4.92,13.2,,,255.0,5.56,36.11,2.286,27.86,238.0,2.23,4.92,834.0,22.0,29.44,OKNC1,1953,-122.850153,41.838358
91,2018-08-04 20:22:00,5.9,WSW,5.81,13.2,,,236.0,0.61,37.22,2.286,29.03,256.0,2.68,5.81,898.0,14.0,31.11,OKNC1,1953,-122.850153,41.838358
92,2018-08-04 21:22:00,5.3,SSW,6.26,13.3,,,264.0,0.04,38.33,2.286,29.49,210.0,3.13,6.26,954.0,13.0,31.67,OKNC1,1953,-122.850153,41.838358
93,2018-08-04 22:22:00,4.7,W,5.81,13.1,,,298.0,5.48,37.78,2.286,30.61,274.0,2.68,5.81,854.0,18.0,32.78,OKNC1,1953,-122.850153,41.838358
94,2018-08-04 23:22:00,4.7,WSW,6.26,13.7,,,54.0,6.3,33.89,2.286,29.22,243.0,2.68,6.26,609.0,21.0,31.11,OKNC1,1953,-122.850153,41.838358
95,2018-08-05 00:22:00,4.7,WSW,5.81,13.4,,,244.0,6.03,31.11,2.286,28.31,251.0,2.23,5.81,379.0,22.0,30.0,OKNC1,1953,-122.850153,41.838358
96,2018-08-05 01:22:00,4.6,WSW,4.92,13.4,,,270.0,6.81,30.0,2.286,27.93,247.0,2.23,4.92,274.0,24.0,29.44,OKNC1,1953,-122.850153,41.838358
97,2018-08-05 02:22:00,4.6,WNW,4.92,13.2,31.67,28.33,307.0,6.55,26.67,2.286,26.78,297.0,1.79,4.92,124.0,26.0,27.78,OKNC1,1953,-122.850153,41.838358
98,2018-08-05 03:22:00,4.7,NNE,3.58,13.0,,,343.0,5.7,23.33,2.286,,24.0,1.34,3.58,31.0,28.0,25.56,OKNC1,1953,-122.850153,41.838358
99,2018-08-05 04:22:00,4.8,NE,2.23,12.9,,,45.0,6.48,20.0,2.286,,55.0,0.9,2.23,0.0,35.0,22.78,OKNC1,1953,-122.850153,41.838358
100,2018-08-05 05:22:00,4.9,ENE,3.13,12.9,,,146.0,6.56,18.33,2.286,,65.0,0.9,3.13,0.0,39.0,21.11,OKNC1,1953,-122.850153,41.838358
101,2018-08-05 06:22:00,5.0,NNE,1.79,12.9,,,47.0,6.64,16.67,2.286,,14.0,0.9,1.79,0.0,45.0,18.89,OKNC1,1953,-122.850153,41.838358
102,2018-08-05 07:22:00,5.1,NE,1.34,12.9,,,24.0,6.34,15.0,2.286,,44.0,0.9,1.34,0.0,49.0,17.22,OKNC1,1953,-122.850153,41.838358
103,2018-08-05 08:22:00,5.2,,1.34,12.8,,,123.0,7.0,13.33,2.286,,,0.0,1.34,0.0,55.0,16.11,OKNC1,1953,-122.850153,41.838358
104,2018-08-05 09:22:00,5.5,NE,1.34,12.9,,,355.0,7.24,12.22,2.286,,50.0,0.9,1.34,0.0,60.0,15.0,OKNC1,1953,-122.850153,41.838358
105,2018-08-05 10:22:00,5.7,NNW,1.34,12.8,,,112.0,6.83,11.11,2.286,,347.0,0.9,1.34,0.0,65.0,13.33,OKNC1,1953,-122.850153,41.838358
106,2018-08-05 11:22:00,5.9,NNE,1.34,12.8,,,22.0,7.05,11.11,2.286,,22.0,0.45,1.34,0.0,66.0,13.33,OKNC1,1953,-122.850153,41.838358
107,2018-08-05 12:22:00,6.2,NNE,0.9,12.7,,,21.0,7.14,9.44,2.286,,25.0,0.45,0.9,0.0,74.0,11.67,OKNC1,1953,-122.850153,41.838358
108,2018-08-05 13:22:00,6.5,,1.34,12.7,,,188.0,6.6,8.89,2.286,,,0.0,1.34,1.0,74.0,11.11,OKNC1,1953,-122.850153,41.838358
109,2018-08-05 14:22:00,7.0,,0.0,12.8,,,326.0,7.19,9.44,2.286,,,0.0,0.0,32.0,77.0,11.11,OKNC1,1953,-122.850153,41.838358
110,2018-08-05 15:22:00,7.7,SW,1.34,13.4,,,238.0,9.09,15.56,2.286,,214.0,0.9,1.34,154.0,68.0,15.0,OKNC1,1953,-122.850153,41.838358
111,2018-08-05 16:22:00,8.3,SSE,1.79,13.9,,,237.0,8.99,22.78,2.286,,158.0,0.9,1.79,351.0,51.0,19.44,OKNC1,1953,-122.850153,41.838358
112,2018-08-05 17:22:00,8.4,SSW,2.23,13.4,,,216.0,9.3,28.33,2.286,,197.0,1.34,2.23,533.0,41.0,23.33,OKNC1,1953,-122.850153,41.838358
113,2018-08-05 18:22:00,7.9,SSW,2.68,13.3,,,209.0,9.56,32.78,2.286,26.69,207.0,1.34,2.68,664.0,33.0,27.22,OKNC1,1953,-122.850153,41.838358
114,2018-08-05 19:22:00,7.2,SW,4.47,13.2,,,230.0,7.88,36.11,2.286,28.44,230.0,2.23,4.47,769.0,25.0,30.0,OKNC1,1953,-122.850153,41.838358
115,2018-08-05 20:22:00,6.6,W,4.92,13.2,,,221.0,6.77,37.78,2.286,29.72,269.0,2.23,4.92,813.0,21.0,31.67,OKNC1,1953,-122.850153,41.838358
116,2018-08-05 21:22:00,6.0,WSW,6.26,13.1,,,234.0,5.93,38.33,2.286,31.13,257.0,2.23,6.26,806.0,18.0,33.33,OKNC1,1953,-122.850153,41.838358
117,2018-08-05 22:22:00,5.5,WNW,6.7,13.1,,,245.0,6.4,38.33,2.286,31.69,303.0,2.23,6.7,735.0,18.0,33.89,OKNC1,1953,-122.850153,41.838358
118,2018-08-05 23:22:00,5.2,W,6.26,13.2,,,250.0,5.79,34.44,2.286,30.13,272.0,2.68,6.26,508.0,19.0,32.22,OKNC1,1953,-122.850153,41.838358
119,2018-08-06 00:22:00,5.0,WSW,6.26,13.3,,,231.0,5.84,31.67,2.286,28.74,257.0,2.68,6.26,350.0,21.0,30.56,OKNC1,1953,-122.850153,41.838358
120,2018-08-06 01:22:00,5.0,WSW,6.7,13.4,,,280.0,5.84,31.11,2.286,28.74,239.0,2.23,6.7,267.0,21.0,30.56,OKNC1,1953,-122.850153,41.838358
121,2018-08-06 02:22:00,5.0,W,4.47,13.2,32.78,30.0,234.0,5.73,28.33,2.286,27.47,276.0,1.79,4.47,129.0,23.0,28.89,OKNC1,1953,-122.850153,41.838358
122,2018-08-06 03:22:00,5.0,W,5.81,13.0,,,211.0,4.92,26.11,2.286,26.62,274.0,2.23,5.81,26.0,24.0,27.22,OKNC1,1953,-122.850153,41.838358
123,2018-08-06 04:22:00,5.1,WSW,4.92,13.0,,,268.0,4.55,24.44,2.286,,255.0,1.79,4.92,0.0,25.0,26.11,OKNC1,1953,-122.850153,41.838358
124,2018-08-06 05:22:00,5.0,ENE,4.47,12.9,,,204.0,4.75,20.56,2.286,,67.0,0.9,4.47,0.0,30.0,23.33,OKNC1,1953,-122.850153,41.838358
125,2018-08-06 06:22:00,5.0,NE,2.23,12.9,,,55.0,4.91,18.33,2.286,,51.0,0.9,2.23,0.0,36.0,20.56,OKNC1,1953,-122.850153,41.838358
126,2018-08-06 07:22:00,5.1,ENE,1.34,12.9,,,33.0,5.12,15.56,2.286,,61.0,0.9,1.34,0.0,42.0,18.33,OKNC1,1953,-122.850153,41.838358
127,2018-08-06 08:22:00,5.1,ENE,1.34,12.9,,,28.0,5.23,13.89,2.286,,75.0,0.45,1.34,0.0,47.0,16.67,OKNC1,1953,-122.850153,41.838358
128,2018-08-06 09:22:00,5.4,NNE,1.34,12.8,,,117.0,5.43,12.78,2.286,,27.0,0.45,1.34,0.0,53.0,15.0,OKNC1,1953,-122.850153,41.838358
129,2018-08-06 10:22:00,5.6,,1.34,12.8,,,27.0,5.96,12.22,2.286,,,0.0,1.34,0.0,57.0,14.44,OKNC1,1953,-122.850153,41.838358
130,2018-08-06 11:22:00,5.7,NNE,0.9,12.8,,,22.0,5.9,11.11,2.286,,18.0,0.45,0.9,0.0,61.0,13.33,OKNC1,1953,-122.850153,41.838358
131,2018-08-06 12:22:00,6.0,,0.9,12.8,,,162.0,5.77,10.0,2.286,,,0.0,0.9,0.0,65.0,12.22,OKNC1,1953,-122.850153,41.838358
132,2018-08-06 13:22:00,6.2,,0.9,12.7,,,347.0,5.58,8.89,2.286,,,0.0,0.9,1.0,69.0,11.11,OKNC1,1953,-122.850153,41.838358
133,2018-08-06 14:22:00,6.6,,0.9,12.8,,,26.0,6.0,9.44,2.286,,,0.0,0.9,27.0,71.0,11.11,OKNC1,1953,-122.850153,41.838358
134,2018-08-06 15:22:00,7.1,S,1.34,13.3,,,221.0,7.72,15.56,2.286,,170.0,0.45,1.34,132.0,62.0,15.0,OKNC1,1953,-122.850153,41.838358
135,2018-08-06 16:22:00,7.7,SSW,1.34,13.5,,,177.0,7.89,21.67,2.286,,202.0,0.9,1.34,317.0,49.0,18.89,OKNC1,1953,-122.850153,41.838358
136,2018-08-06 17:22:00,7.8,SSW,2.68,13.4,,,89.0,6.97,27.78,2.286,,198.0,1.34,2.68,500.0,35.0,23.33,OKNC1,1953,-122.850153,41.838358
137,2018-08-06 18:22:00,7.5,SSW,4.02,13.3,,,208.0,6.66,31.67,2.286,26.12,212.0,2.23,4.02,664.0,28.0,26.67,OKNC1,1953,-122.850153,41.838358
138,2018-08-06 19:22:00,7.0,SW,4.47,13.2,,,235.0,3.48,35.0,2.286,27.77,219.0,2.23,4.47,763.0,19.0,29.44,OKNC1,1953,-122.850153,41.838358
139,2018-08-06 20:22:00,6.5,WSW,3.58,13.2,,,213.0,7.44,37.78,2.286,29.78,237.0,1.79,3.58,806.0,22.0,31.67,OKNC1,1953,-122.850153,41.838358
140,2018-08-06 21:22:00,5.6,SW,4.92,13.1,,,243.0,7.18,40.0,2.286,31.76,234.0,2.23,4.92,831.0,19.0,33.89,OKNC1,1953,-122.850153,41.838358
141,2018-08-06 22:22:00,5.3,SW,4.92,13.1,,,231.0,3.14,40.0,2.286,32.98,233.0,2.68,4.92,767.0,13.0,35.56,OKNC1,1953,-122.850153,41.838358
142,2018-08-06 23:22:00,4.9,W,5.81,13.1,,,253.0,3.58,40.0,2.286,33.52,273.0,2.23,5.81,676.0,13.0,36.11,OKNC1,1953,-122.850153,41.838358
143,2018-08-07 00:22:00,4.7,WNW,5.37,13.5,,,246.0,2.47,38.33,2.286,33.31,291.0,2.68,5.37,534.0,12.0,36.11,OKNC1,1953,-122.850153,41.838358
144,2018-08-07 01:22:00,4.6,WSW,5.81,13.3,,,249.0,4.25,35.0,2.286,32.03,246.0,1.79,5.81,340.0,15.0,34.44,OKNC1,1953,-122.850153,41.838358
145,2018-08-07 02:22:00,4.5,N,4.92,13.1,36.67,33.33,263.0,7.91,31.11,2.286,30.31,356.0,0.9,4.92,151.0,22.0,32.22,OKNC1,1953,-122.850153,41.838358
146,2018-08-07 03:22:00,4.4,N,2.23,13.0,,,110.0,8.14,25.56,2.286,26.89,349.0,0.9,2.23,30.0,29.0,27.78,OKNC1,1953,-122.850153,41.838358
147,2018-08-07 04:22:00,4.5,N,1.79,12.9,,,34.0,8.03,22.78,2.286,,360.0,0.9,1.79,0.0,34.0,25.0,OKNC1,1953,-122.850153,41.838358
148,2018-08-07 05:22:00,4.7,NE,1.79,12.9,,,94.0,7.39,21.11,2.286,,56.0,1.34,1.79,0.0,36.0,23.33,OKNC1,1953,-122.850153,41.838358
149,2018-08-07 06:22:00,4.8,NNW,1.34,12.9,,,52.0,7.29,18.33,2.286,,329.0,0.45,1.34,0.0,41.0,21.11,OKNC1,1953,-122.850153,41.838358
150,2018-08-07 07:22:00,5.0,NE,1.34,12.9,,,55.0,7.14,17.22,2.286,,53.0,0.9,1.34,0.0,45.0,19.44,OKNC1,1953,-122.850153,41.838358
151,2018-08-07 08:22:00,5.1,,1.34,12.8,,,53.0,7.07,16.11,2.286,,,0.0,1.34,0.0,48.0,18.33,OKNC1,1953,-122.850153,41.838358
152,2018-08-07 09:22:00,5.3,NNE,1.34,12.8,,,27.0,7.21,15.0,2.286,,18.0,0.45,1.34,0.0,52.0,17.22,OKNC1,1953,-122.850153,41.838358
153,2018-08-07 10:22:00,5.6,N,0.9,12.8,,,23.0,7.01,13.89,2.286,,8.0,0.45,0.9,0.0,57.0,15.56,OKNC1,1953,-122.850153,41.838358
154,2018-08-07 11:22:00,5.8,,0.9,12.7,,,254.0,7.19,12.22,2.286,,,0.0,0.9,0.0,62.0,14.44,OKNC1,1953,-122.850153,41.838358
155,2018-08-07 12:22:00,6.0,,1.34,12.7,,,170.0,7.28,11.11,2.286,,,0.0,1.34,0.0,67.0,13.33,OKNC1,1953,-122.850153,41.838358
156,2018-08-07 13:22:00,6.4,,0.9,12.7,,,18.0,7.28,11.11,2.286,,,0.0,0.9,1.0,67.0,13.33,OKNC1,1953,-122.850153,41.838358
157,2018-08-07 14:22:00,6.8,,0.9,12.8,,,326.0,7.92,11.67,2.286,,,0.0,0.9,30.0,70.0,13.33,OKNC1,1953,-122.850153,41.838358
158,2018-08-07 15:22:00,7.3,,0.9,13.2,,,246.0,9.18,16.11,2.286,,,0.0,0.9,121.0,66.0,15.56,OKNC1,1953,-122.850153,41.838358
159,2018-08-07 16:22:00,7.9,SSW,0.9,13.5,,,139.0,9.8,22.22,2.286,,213.0,0.45,0.9,267.0,52.0,20.0,OKNC1,1953,-122.850153,41.838358
160,2018-08-07 17:22:00,8.0,SSW,1.34,13.4,,,180.0,9.81,27.78,2.286,,207.0,0.9,1.34,428.0,41.0,23.89,OKNC1,1953,-122.850153,41.838358
161,2018-08-07 18:22:00,7.8,WSW,3.58,13.8,,,187.0,10.0,32.22,2.286,26.73,237.0,1.34,3.58,583.0,34.0,27.22,OKNC1,1953,-122.850153,41.838358
162,2018-08-07 19:22:00,7.2,SW,2.68,13.2,,,181.0,11.42,38.89,2.286,31.35,225.0,0.9,2.68,719.0,27.0,32.78,OKNC1,1953,-122.850153,41.838358
163,2018-08-07 20:22:00,6.4,WSW,4.47,13.1,,,176.0,9.02,41.67,2.286,34.17,240.0,0.9,4.47,773.0,19.0,36.11,OKNC1,1953,-122.850153,41.838358
164,2018-08-07 21:22:00,5.6,S,3.58,13.0,,,167.0,8.31,42.78,2.286,35.15,186.0,1.79,3.58,771.0,17.0,37.22,OKNC1,1953,-122.850153,41.838358
165,2018-08-07 22:22:00,5.2,SSE,3.13,13.1,,,170.0,7.86,43.33,2.286,36.72,150.0,0.9,3.13,669.0,15.0,38.89,OKNC1,1953,-122.850153,41.838358
166,2018-08-07 23:22:00,4.9,WSW,4.02,13.1,,,237.0,6.41,41.11,2.286,35.92,247.0,2.23,4.02,578.0,14.0,38.33,OKNC1,1953,-122.850153,41.838358
167,2018-08-08 00:22:00,4.7,WNW,4.47,13.4,,,271.0,7.4,40.0,2.286,36.08,288.0,2.23,4.47,435.0,15.0,38.33,OKNC1,1953,-122.850153,41.838358
168,2018-08-08 01:22:00,4.5,NW,5.37,13.3,,,327.0,8.23,36.11,2.286,34.04,309.0,1.79,5.37,262.0,18.0,36.11,OKNC1,1953,-122.850153,41.838358
169,2018-08-08 02:22:00,4.5,WNW,6.26,13.1,38.89,34.44,339.0,11.22,32.78,2.286,32.39,300.0,2.23,6.26,110.0,25.0,33.89,OKNC1,1953,-122.850153,41.838358
170,2018-08-08 03:22:00,4.5,N,4.02,13.0,,,253.0,11.55,28.89,2.286,29.85,1.0,1.34,4.02,23.0,30.0,31.11,OKNC1,1953,-122.850153,41.838358
171,2018-08-08 04:22:00,4.7,NNE,2.23,13.0,,,351.0,11.36,25.56,2.286,27.24,17.0,0.9,2.23,0.0,36.0,27.78,OKNC1,1953,-122.850153,41.838358
172,2018-08-08 05:22:00,4.9,NE,1.79,12.9,,,156.0,11.32,23.33,2.286,,51.0,0.9,1.79,0.0,41.0,25.56,OKNC1,1953,-122.850153,41.838358
173,2018-08-08 06:22:00,5.0,N,1.34,12.9,,,47.0,11.35,21.11,2.286,,349.0,0.9,1.34,0.0,47.0,23.33,OKNC1,1953,-122.850153,41.838358
174,2018-08-08 07:22:00,5.3,NNE,1.34,12.9,,,27.0,10.76,19.44,2.286,,29.0,0.9,1.34,0.0,50.0,21.67,OKNC1,1953,-122.850153,41.838358
175,2018-08-08 08:22:00,5.6,NNE,1.34,12.8,,,132.0,11.16,18.33,2.286,,32.0,0.9,1.34,0.0,55.0,20.56,OKNC1,1953,-122.850153,41.838358
176,2018-08-08 09:22:00,5.9,,0.9,12.8,,,26.0,11.16,16.67,2.286,,,0.0,0.9,0.0,61.0,18.89,OKNC1,1953,-122.850153,41.838358
177,2018-08-08 10:22:00,6.1,,0.0,12.8,,,22.0,10.88,15.56,2.286,,,0.0,0.0,0.0,62.0,18.33,OKNC1,1953,-122.850153,41.838358
178,2018-08-08 11:22:00,6.6,,0.0,12.8,,,149.0,10.69,15.0,2.286,,,0.0,0.0,0.0,68.0,16.67,OKNC1,1953,-122.850153,41.838358
179,2018-08-08 12:22:00,7.1,E,1.34,12.8,,,130.0,11.23,13.89,2.286,,97.0,0.45,1.34,0.0,73.0,16.11,OKNC1,1953,-122.850153,41.838358
180,2018-08-08 13:22:00,7.4,,0.9,12.7,,,8.0,10.77,13.33,2.286,,,0.0,0.9,1.0,76.0,15.0,OKNC1,1953,-122.850153,41.838358
181,2018-08-08 14:22:00,8.0,,0.9,12.8,,,292.0,11.16,13.89,2.286,,,0.0,0.9,30.0,78.0,15.0,OKNC1,1953,-122.850153,41.838358
182,2018-08-08 15:22:00,8.7,,0.9,13.2,,,161.0,12.63,17.78,2.286,,,0.0,0.9,127.0,72.0,17.78,OKNC1,1953,-122.850153,41.838358
183,2018-08-08 16:22:00,9.5,SSE,1.34,13.5,,,151.0,12.48,23.89,2.286,,148.0,0.9,1.34,284.0,56.0,21.67,OKNC1,1953,-122.850153,41.838358
184,2018-08-08 17:22:00,9.4,SW,2.23,13.6,,,229.0,12.39,29.44,2.286,,229.0,1.34,2.23,447.0,44.0,25.56,OKNC1,1953,-122.850153,41.838358
185,2018-08-08 18:22:00,8.4,SW,3.58,13.2,,,193.0,12.35,33.33,2.286,28.17,233.0,2.23,3.58,600.0,36.0,28.89,OKNC1,1953,-122.850153,41.838358
186,2018-08-08 19:22:00,7.6,WSW,4.47,13.2,,,237.0,13.01,37.78,2.286,31.73,241.0,2.23,4.47,694.0,30.0,32.78,OKNC1,1953,-122.850153,41.838358
187,2018-08-08 20:22:00,6.8,NW,4.92,13.1,,,311.0,12.65,40.56,2.286,34.47,314.0,2.23,4.92,763.0,25.0,35.56,OKNC1,1953,-122.850153,41.838358
188,2018-08-08 21:22:00,6.1,WSW,6.7,13.1,,,233.0,9.15,41.11,2.286,35.31,257.0,2.68,6.7,748.0,18.0,37.22,OKNC1,1953,-122.850153,41.838358
189,2018-08-08 22:22:00,5.6,WSW,6.26,13.6,,,263.0,6.41,41.67,2.286,35.92,253.0,2.68,6.26,682.0,14.0,38.33,OKNC1,1953,-122.850153,41.838358
190,2018-08-08 23:22:00,5.2,W,5.37,13.3,,,279.0,7.4,40.56,2.286,36.08,270.0,2.23,5.37,559.0,15.0,38.33,OKNC1,1953,-122.850153,41.838358
191,2018-08-09 00:22:00,5.0,W,6.7,13.5,,,282.0,6.98,37.78,2.286,34.4,276.0,2.68,6.7,402.0,16.0,36.67,OKNC1,1953,-122.850153,41.838358
192,2018-08-09 01:22:00,4.9,W,7.15,13.3,,,246.0,6.95,35.56,2.286,33.32,273.0,1.79,7.15,239.0,17.0,35.56,OKNC1,1953,-122.850153,41.838358
193,2018-08-09 02:22:00,4.8,WSW,7.15,13.1,38.33,34.44,272.0,6.4,32.78,2.286,31.69,248.0,2.23,7.15,101.0,18.0,33.89,OKNC1,1953,-122.850153,41.838358
194,2018-08-09 03:22:00,4.8,W,6.7,13.0,,,267.0,6.25,30.56,2.286,30.66,264.0,2.23,6.7,21.0,19.0,32.78,OKNC1,1953,-122.850153,41.838358
195,2018-08-09 04:22:00,4.7,E,4.92,13.0,,,212.0,6.93,26.67,2.286,27.54,80.0,1.34,4.92,0.0,25.0,28.89,OKNC1,1953,-122.850153,41.838358
196,2018-08-09 05:22:00,4.7,NE,1.79,12.9,,,81.0,6.21,23.33,2.286,,40.0,0.9,1.79,0.0,29.0,25.56,OKNC1,1953,-122.850153,41.838358
197,2018-08-09 06:22:00,4.8,N,1.34,12.9,,,51.0,6.55,20.56,2.286,,11.0,0.9,1.34,0.0,34.0,23.33,OKNC1,1953,-122.850153,41.838358
198,2018-08-09 07:22:00,4.8,NNE,1.34,12.9,,,26.0,6.69,18.89,2.286,,24.0,0.9,1.34,0.0,38.0,21.67,OKNC1,1953,-122.850153,41.838358
199,2018-08-09 08:22:00,5.1,NE,1.34,12.9,,,36.0,6.64,17.78,2.286,,52.0,0.9,1.34,0.0,42.0,20.0,OKNC1,1953,-122.850153,41.838358
200,2018-08-09 09:22:00,5.2,N,1.34,12.8,,,44.0,7.27,16.11,2.286,,0.0,0.45,1.34,0.0,47.0,18.89,OKNC1,1953,-122.850153,41.838358
201,2018-08-09 10:22:00,5.4,,0.9,12.8,,,28.0,7.49,15.56,2.286,,,0.0,0.9,0.0,53.0,17.22,OKNC1,1953,-122.850153,41.838358
202,2018-08-09 11:22:00,5.7,NNE,0.9,12.8,,,265.0,7.53,14.44,2.286,,21.0,0.45,0.9,0.0,55.0,16.67,OKNC1,1953,-122.850153,41.838358
203,2018-08-09 12:22:00,5.9,,0.9,12.8,,,161.0,8.25,13.33,2.286,,,0.0,0.9,0.0,62.0,15.56,OKNC1,1953,-122.850153,41.838358
204,2018-08-09 13:22:00,6.1,,0.9,12.7,,,344.0,7.96,12.78,2.286,,,0.0,0.9,1.0,63.0,15.0,OKNC1,1953,-122.850153,41.838358
205,2018-08-09 14:22:00,6.5,,0.0,12.8,,,23.0,8.56,12.78,2.286,,,0.0,0.0,29.0,68.0,14.44,OKNC1,1953,-122.850153,41.838358
206,2018-08-09 15:22:00,7.0,,0.9,13.2,,,170.0,10.54,17.22,2.286,,,0.0,0.9,119.0,65.0,17.22,OKNC1,1953,-122.850153,41.838358
207,2018-08-09 16:22:00,7.6,,0.9,13.4,,,160.0,10.76,23.89,2.286,,,0.0,0.9,269.0,50.0,21.67,OKNC1,1953,-122.850153,41.838358
208,2018-08-09 17:22:00,7.9,W,2.23,13.3,,,196.0,10.67,30.0,2.286,,260.0,0.45,2.23,439.0,38.0,26.11,OKNC1,1953,-122.850153,41.838358
209,2018-08-09 18:22:00,7.5,SW,3.13,13.2,,,240.0,11.05,34.44,2.286,28.38,234.0,2.23,3.13,611.0,32.0,29.44,OKNC1,1953,-122.850153,41.838358
210,2018-08-09 19:22:00,6.9,SW,4.02,13.2,,,233.0,11.42,37.78,2.286,31.35,216.0,2.23,4.02,719.0,27.0,32.78,OKNC1,1953,-122.850153,41.838358
211,2018-08-09 20:22:00,6.1,WSW,4.47,13.1,,,245.0,11.67,41.67,2.286,35.35,255.0,2.23,4.47,770.0,22.0,36.67,OKNC1,1953,-122.850153,41.838358
212,2018-08-09 21:22:00,5.5,W,5.37,13.9,,,278.0,9.22,43.33,2.286,36.45,264.0,3.13,5.37,791.0,17.0,38.33,OKNC1,1953,-122.850153,41.838358
213,2018-08-09 22:22:00,5.0,W,5.81,13.1,,,233.0,7.13,44.44,2.286,38.18,269.0,1.79,5.81,721.0,13.0,40.56,OKNC1,1953,-122.850153,41.838358
214,2018-08-09 23:22:00,4.7,W,5.37,13.5,,,217.0,6.24,42.22,2.286,36.95,269.0,2.23,5.37,578.0,13.0,39.44,OKNC1,1953,-122.850153,41.838358
215,2018-08-10 00:22:00,4.6,W,4.92,13.5,,,298.0,8.34,40.0,2.286,36.26,276.0,2.23,4.92,396.0,16.0,38.33,OKNC1,1953,-122.850153,41.838358
216,2018-08-10 01:22:00,4.5,W,5.81,13.2,,,281.0,9.49,36.67,2.286,34.83,271.0,1.79,5.81,231.0,19.0,36.67,OKNC1,1953,-122.850153,41.838358
217,2018-08-10 02:22:00,4.5,W,6.26,13.1,40.0,35.56,273.0,10.44,33.89,2.286,32.78,274.0,2.23,6.26,103.0,23.0,34.44,OKNC1,1953,-122.850153,41.838358
218,2018-08-10 03:22:00,4.6,WNW,5.37,13.0,,,295.0,9.03,31.67,2.286,30.95,283.0,2.23,5.37,22.0,23.0,32.78,OKNC1,1953,-122.850153,41.838358
219,2018-08-10 04:22:00,4.6,SW,7.15,13.0,,,217.0,8.09,30.0,2.286,29.84,232.0,2.23,7.15,0.0,23.0,31.67,OKNC1,1953,-122.850153,41.838358
220,2018-08-10 05:22:00,4.6,S,6.26,12.9,,,225.0,5.36,27.78,2.286,28.27,184.0,2.23,6.26,0.0,21.0,30.0,OKNC1,1953,-122.850153,41.838358
221,2018-08-10 06:22:00,4.7,NE,4.92,12.9,,,167.0,6.18,23.89,2.286,,45.0,1.34,4.92,0.0,28.0,26.11,OKNC1,1953,-122.850153,41.838358
222,2018-08-10 07:22:00,4.7,NE,1.79,12.9,,,82.0,5.67,21.11,2.286,,37.0,0.9,1.79,0.0,32.0,23.33,OKNC1,1953,-122.850153,41.838358
223,2018-08-10 08:22:00,4.8,NNE,2.23,12.9,,,19.0,5.9,18.89,2.286,,21.0,0.9,2.23,0.0,36.0,21.67,OKNC1,1953,-122.850153,41.838358
224,2018-08-10 09:22:00,4.9,NE,1.34,12.8,,,60.0,6.13,17.22,2.286,,35.0,0.45,1.34,0.0,42.0,19.44,OKNC1,1953,-122.850153,41.838358
225,2018-08-10 10:22:00,5.0,N,1.34,12.8,,,27.0,6.44,15.56,2.286,,10.0,0.45,1.34,0.0,46.0,18.33,OKNC1,1953,-122.850153,41.838358
226,2018-08-10 11:22:00,5.2,NNE,1.34,12.8,,,30.0,6.64,14.44,2.286,,18.0,0.9,1.34,0.0,50.0,17.22,OKNC1,1953,-122.850153,41.838358
227,2018-08-10 12:22:00,5.3,NNE,0.9,12.8,,,6.0,6.22,13.33,2.286,,26.0,0.45,0.9,0.0,54.0,15.56,OKNC1,1953,-122.850153,41.838358
228,2018-08-10 13:22:00,5.6,NNE,0.9,12.8,,,340.0,6.21,12.22,2.286,,25.0,0.9,0.9,1.0,58.0,14.44,OKNC1,1953,-122.850153,41.838358
229,2018-08-10 14:22:00,5.8,,0.9,12.8,,,333.0,7.13,11.67,2.286,,,0.0,0.9,20.0,64.0,13.89,OKNC1,1953,-122.850153,41.838358
230,2018-08-10 15:22:00,6.3,,0.9,13.3,,,160.0,8.29,17.78,2.286,,,0.0,0.9,152.0,54.0,17.78,OKNC1,1953,-122.850153,41.838358
231,2018-08-10 16:22:00,6.8,S,1.79,13.4,,,165.0,7.79,26.67,2.286,,175.0,1.34,1.79,397.0,37.0,23.33,OKNC1,1953,-122.850153,41.838358
232,2018-08-10 17:22:00,6.8,WSW,3.13,13.3,,,249.0,9.12,32.78,2.286,26.98,240.0,1.79,3.13,588.0,31.0,27.78,OKNC1,1953,-122.850153,41.838358
233,2018-08-10 18:22:00,6.3,NW,4.47,13.2,,,2.0,5.6,37.22,2.286,29.17,324.0,2.68,4.47,755.0,20.0,31.11,OKNC1,1953,-122.850153,41.838358
234,2018-08-10 19:22:00,5.6,W,5.37,13.1,,,226.0,3.28,41.11,2.286,31.97,269.0,1.79,5.37,867.0,14.0,34.44,OKNC1,1953,-122.850153,41.838358
235,2018-08-10 20:22:00,4.9,W,5.37,13.2,,,346.0,4.03,42.78,2.286,34.07,275.0,2.68,5.37,916.0,13.0,36.67,OKNC1,1953,-122.850153,41.838358
236,2018-08-10 21:22:00,4.6,WNW,5.37,13.1,,,243.0,3.79,43.33,2.286,34.96,290.0,3.13,5.37,915.0,12.0,37.78,OKNC1,1953,-122.850153,41.838358
237,2018-08-10 22:22:00,4.4,WNW,7.15,13.1,,,300.0,4.22,43.33,2.286,35.52,291.0,2.68,7.15,845.0,12.0,38.33,OKNC1,1953,-122.850153,41.838358
238,2018-08-10 23:22:00,4.1,WSW,6.26,13.0,,,262.0,3.01,42.78,2.286,35.28,250.0,2.68,6.26,751.0,11.0,38.33,OKNC1,1953,-122.850153,41.838358
239,2018-08-11 00:22:00,3.9,WSW,7.15,13.5,,,295.0,2.58,41.11,2.286,34.73,242.0,2.68,7.15,604.0,11.0,37.78,OKNC1,1953,-122.850153,41.838358
240,2018-08-11 01:22:00,3.9,WNW,6.7,13.2,,,235.0,4.7,35.56,2.286,32.57,284.0,2.23,6.7,369.0,15.0,35.0,OKNC1,1953,-122.850153,41.838358
241,2018-08-11 02:22:00,3.9,W,6.26,13.1,38.89,32.78,264.0,5.79,31.11,2.286,30.13,267.0,1.79,6.26,115.0,19.0,32.22,OKNC1,1953,-122.850153,41.838358
242,2018-08-11 03:22:00,3.8,W,4.92,13.0,,,264.0,5.84,28.89,2.286,28.74,280.0,2.23,4.92,24.0,21.0,30.56,OKNC1,1953,-122.850153,41.838358
243,2018-08-11 04:22:00,4.0,NW,4.47,13.0,,,327.0,6.34,26.67,2.286,27.5,325.0,1.79,4.47,0.0,24.0,28.89,OKNC1,1953,-122.850153,41.838358
244,2018-08-11 05:22:00,4.1,SSE,5.81,12.9,,,208.0,6.61,25.0,2.286,26.45,158.0,2.23,5.81,0.0,27.0,27.22,OKNC1,1953,-122.850153,41.838358
245,2018-08-11 06:22:00,4.1,NNW,4.92,12.9,,,183.0,7.67,24.44,2.286,26.18,345.0,1.34,4.92,0.0,30.0,26.67,OKNC1,1953,-122.850153,41.838358
246,2018-08-11 07:22:00,4.2,WSW,4.02,12.8,,,255.0,6.68,22.22,2.286,,247.0,0.9,4.02,0.0,31.0,25.0,OKNC1,1953,-122.850153,41.838358
247,2018-08-11 08:22:00,4.4,NE,2.68,12.8,,,259.0,6.69,19.44,2.286,,35.0,1.34,2.68,0.0,38.0,21.67,OKNC1,1953,-122.850153,41.838358
248,2018-08-11 09:22:00,4.5,NE,1.79,12.8,,,73.0,6.98,17.22,2.286,,36.0,0.9,1.79,0.0,43.0,20.0,OKNC1,1953,-122.850153,41.838358
249,2018-08-11 10:22:00,4.7,NNE,2.23,12.8,,,86.0,5.78,17.22,2.286,,16.0,1.34,2.23,0.0,41.0,19.44,OKNC1,1953,-122.850153,41.838358
250,2018-08-11 11:22:00,4.7,N,2.23,12.8,,,82.0,6.12,15.56,2.286,,350.0,0.9,2.23,0.0,45.0,18.33,OKNC1,1953,-122.850153,41.838358
251,2018-08-11 12:22:00,4.9,NNE,1.34,12.7,,,25.0,5.9,13.33,2.286,,28.0,0.9,1.34,0.0,51.0,16.11,OKNC1,1953,-122.850153,41.838358
252,2018-08-11 13:22:00,5.1,N,1.34,12.7,,,34.0,5.96,11.67,2.286,,10.0,0.45,1.34,1.0,57.0,14.44,OKNC1,1953,-122.850153,41.838358
253,2018-08-11 14:22:00,5.3,NNE,1.34,12.8,,,3.0,6.14,11.11,2.286,,18.0,0.45,1.34,13.0,62.0,13.33,OKNC1,1953,-122.850153,41.838358
254,2018-08-11 15:22:00,5.8,,0.9,13.2,,,45.0,8.39,19.44,2.286,,,0.0,0.9,169.0,49.0,19.44,OKNC1,1953,-122.850153,41.838358
255,2018-08-11 16:22:00,6.0,SSE,2.68,13.3,,,204.0,6.61,27.78,2.286,,147.0,1.34,2.68,444.0,33.0,23.89,OKNC1,1953,-122.850153,41.838358
256,2018-08-11 17:22:00,6.1,SW,5.37,13.3,,,244.0,1.63,32.22,2.286,26.49,218.0,2.68,5.37,633.0,19.0,27.22,OKNC1,1953,-122.850153,41.838358
257,2018-08-11 18:22:00,5.8,W,6.7,13.2,,,256.0,-3.24,34.44,2.286,27.19,260.0,2.68,6.7,792.0,12.0,28.89,OKNC1,1953,-122.850153,41.838358
258,2018-08-11 19:22:00,5.2,SW,5.37,13.2,,,190.0,-3.08,37.22,2.286,28.38,214.0,2.68,5.37,900.0,11.0,30.56,OKNC1,1953,-122.850153,41.838358
259,2018-08-11 20:22:00,4.8,WNW,6.7,13.3,,,239.0,-1.78,38.33,2.286,29.71,287.0,2.68,6.7,953.0,11.0,32.22,OKNC1,1953,-122.850153,41.838358
260,2018-08-11 21:22:00,4.6,WSW,5.81,13.2,,,230.0,-1.34,38.33,2.286,30.17,251.0,3.13,5.81,948.0,11.0,32.78,OKNC1,1953,-122.850153,41.838358
261,2018-08-11 22:22:00,4.2,WSW,7.15,13.1,,,256.0,0.71,38.89,2.286,31.26,243.0,2.68,7.15,882.0,12.0,33.89,OKNC1,1953,-122.850153,41.838358
262,2018-08-11 23:22:00,4.1,W,6.7,13.1,,,264.0,1.15,38.33,2.286,31.76,275.0,2.68,6.7,763.0,12.0,34.44,OKNC1,1953,-122.850153,41.838358
263,2018-08-12 00:22:00,3.9,WNW,5.81,13.5,,,230.0,0.71,36.67,2.286,31.26,287.0,2.68,5.81,599.0,12.0,33.89,OKNC1,1953,-122.850153,41.838358
264,2018-08-12 01:22:00,3.9,W,6.7,13.3,,,276.0,4.67,33.33,2.286,30.56,262.0,2.23,6.7,381.0,17.0,32.78,OKNC1,1953,-122.850153,41.838358
265,2018-08-12 02:22:00,3.9,WSW,6.7,13.1,34.44,30.56,244.0,4.89,28.33,2.286,27.82,252.0,1.79,6.7,168.0,21.0,29.44,OKNC1,1953,-122.850153,41.838358
266,2018-08-12 03:22:00,3.9,E,5.37,13.0,,,38.0,6.69,23.89,2.286,,87.0,1.79,5.37,22.0,29.0,26.11,OKNC1,1953,-122.850153,41.838358
267,2018-08-12 04:22:00,3.9,NNE,3.13,12.9,,,289.0,6.97,20.56,2.286,,18.0,0.9,3.13,0.0,35.0,23.33,OKNC1,1953,-122.850153,41.838358
268,2018-08-12 05:22:00,4.0,N,1.79,12.9,,,49.0,7.29,18.33,2.286,,10.0,0.9,1.79,0.0,41.0,21.11,OKNC1,1953,-122.850153,41.838358
269,2018-08-12 06:22:00,4.2,NE,1.79,12.8,,,58.0,6.81,17.22,2.286,,56.0,1.34,1.79,0.0,44.0,19.44,OKNC1,1953,-122.850153,41.838358
270,2018-08-12 07:22:00,4.3,NE,1.34,12.8,,,40.0,6.86,15.0,2.286,,53.0,0.45,1.34,0.0,49.0,17.78,OKNC1,1953,-122.850153,41.838358
271,2018-08-12 08:22:00,4.5,NE,1.34,12.8,,,49.0,6.98,13.89,2.286,,48.0,0.9,1.34,0.0,53.0,16.67,OKNC1,1953,-122.850153,41.838358
272,2018-08-12 09:22:00,4.6,NNE,1.34,12.8,,,51.0,7.01,12.78,2.286,,24.0,0.45,1.34,0.0,57.0,15.56,OKNC1,1953,-122.850153,41.838358
273,2018-08-12 10:22:00,4.9,,0.9,12.8,,,1.0,7.36,11.11,2.286,,,0.0,0.9,0.0,65.0,13.89,OKNC1,1953,-122.850153,41.838358
274,2018-08-12 11:22:00,5.1,NNW,3.13,12.7,,,107.0,6.83,11.11,2.286,,335.0,0.45,3.13,0.0,65.0,13.33,OKNC1,1953,-122.850153,41.838358
275,2018-08-12 12:22:00,5.4,NNW,2.23,12.7,,,151.0,6.97,10.0,2.286,,329.0,0.45,2.23,0.0,68.0,12.78,OKNC1,1953,-122.850153,41.838358
276,2018-08-12 13:22:00,5.7,WNW,3.13,12.7,,,143.0,6.74,9.44,2.286,,288.0,0.9,3.13,0.0,72.0,11.67,OKNC1,1953,-122.850153,41.838358
277,2018-08-12 14:22:00,6.1,WSW,1.34,12.8,,,252.0,7.38,9.44,2.286,,252.0,0.45,1.34,23.0,78.0,11.11,OKNC1,1953,-122.850153,41.838358
278,2018-08-12 15:22:00,6.7,SSE,2.68,13.2,,,150.0,7.96,14.44,2.286,,154.0,1.79,2.68,115.0,63.0,15.0,OKNC1,1953,-122.850153,41.838358
279,2018-08-12 16:22:00,7.2,SE,4.02,13.5,,,146.0,7.58,20.56,2.286,,140.0,2.68,4.02,281.0,48.0,18.89,OKNC1,1953,-122.850153,41.838358
280,2018-08-12 17:22:00,7.6,S,5.81,13.4,,,163.0,9.0,25.0,2.286,,181.0,2.68,5.81,457.0,43.0,22.22,OKNC1,1953,-122.850153,41.838358
281,2018-08-12 18:22:00,7.5,SW,4.02,13.4,,,138.0,9.56,31.67,2.286,26.69,214.0,1.79,4.02,619.0,33.0,27.22,OKNC1,1953,-122.850153,41.838358
282,2018-08-12 19:22:00,6.8,WNW,3.58,13.2,,,189.0,7.77,36.67,2.286,28.88,292.0,1.79,3.58,771.0,24.0,30.56,OKNC1,1953,-122.850153,41.838358
283,2018-08-12 20:22:00,6.2,SSW,3.58,13.2,,,144.0,7.91,38.89,2.286,30.31,209.0,1.79,3.58,847.0,22.0,32.22,OKNC1,1953,-122.850153,41.838358
284,2018-08-12 21:22:00,5.6,SSW,3.58,13.2,,,216.0,6.03,40.56,2.286,32.16,196.0,2.23,3.58,873.0,17.0,34.44,OKNC1,1953,-122.850153,41.838358
285,2018-08-12 22:22:00,5.1,SW,4.92,13.1,,,247.0,6.08,40.56,2.286,33.22,222.0,2.23,4.92,814.0,16.0,35.56,OKNC1,1953,-122.850153,41.838358
286,2018-08-12 23:22:00,4.6,WSW,4.92,13.1,,,246.0,6.06,40.56,2.286,34.28,251.0,1.79,4.92,657.0,15.0,36.67,OKNC1,1953,-122.850153,41.838358
287,2018-08-13 00:22:00,4.6,SW,5.81,13.5,,,246.0,5.16,37.78,2.286,33.13,234.0,2.23,5.81,492.0,15.0,35.56,OKNC1,1953,-122.850153,41.838358
288,2018-08-13 01:22:00,4.5,W,6.26,13.3,,,286.0,4.25,35.0,2.286,32.03,263.0,1.79,6.26,308.0,15.0,34.44,OKNC1,1953,-122.850153,41.838358
289,2018-08-13 02:22:00,4.4,NNE,4.47,13.1,36.67,33.33,245.0,6.53,30.56,2.286,30.18,32.0,0.9,4.47,143.0,20.0,32.22,OKNC1,1953,-122.850153,41.838358
290,2018-08-13 03:22:00,4.3,NNW,4.02,13.0,,,44.0,7.57,25.56,2.286,27.2,342.0,1.34,4.02,24.0,27.0,28.33,OKNC1,1953,-122.850153,41.838358
291,2018-08-13 04:22:00,4.4,NE,1.79,13.0,,,43.0,7.14,22.22,2.286,,51.0,1.34,1.79,0.0,32.0,25.0,OKNC1,1953,-122.850153,41.838358
292,2018-08-13 05:22:00,4.5,NE,1.79,12.9,,,56.0,6.89,21.11,2.286,,47.0,1.34,1.79,0.0,36.0,22.78,OKNC1,1953,-122.850153,41.838358
293,2018-08-13 06:22:00,4.6,SE,1.79,12.9,,,56.0,6.8,18.33,2.286,,125.0,0.45,1.79,0.0,41.0,20.56,OKNC1,1953,-122.850153,41.838358
294,2018-08-13 07:22:00,4.8,ENE,1.34,12.9,,,44.0,6.96,16.67,2.286,,75.0,0.45,1.34,0.0,46.0,18.89,OKNC1,1953,-122.850153,41.838358
295,2018-08-13 08:22:00,5.0,N,1.34,12.8,,,336.0,7.45,15.0,2.286,,352.0,0.9,1.34,0.0,51.0,17.78,OKNC1,1953,-122.850153,41.838358
296,2018-08-13 09:22:00,5.3,NNE,1.34,12.8,,,23.0,6.98,14.44,2.286,,12.0,0.9,1.34,0.0,53.0,16.67,OKNC1,1953,-122.850153,41.838358
297,2018-08-13 10:22:00,5.3,NE,1.34,12.8,,,11.0,7.27,13.33,2.286,,48.0,0.45,1.34,0.0,58.0,15.56,OKNC1,1953,-122.850153,41.838358
298,2018-08-13 11:22:00,5.6,NNW,0.9,12.7,,,320.0,7.24,12.22,2.286,,342.0,0.9,0.9,0.0,60.0,15.0,OKNC1,1953,-122.850153,41.838358
299,2018-08-13 12:22:00,5.9,W,0.9,12.8,,,209.0,7.81,10.56,2.286,,269.0,0.45,0.9,0.0,72.0,12.78,OKNC1,1953,-122.850153,41.838358
300,2018-08-13 13:22:00,6.2,NNW,0.9,12.7,,,102.0,6.97,10.56,2.286,,340.0,0.45,0.9,0.0,68.0,12.78,OKNC1,1953,-122.850153,41.838358
301,2018-08-13 14:22:00,6.6,,0.9,12.8,,,331.0,7.48,10.56,2.286,,,0.0,0.9,24.0,73.0,12.22,OKNC1,1953,-122.850153,41.838358
302,2018-08-13 15:22:00,7.1,S,1.34,13.1,,,206.0,8.49,15.56,2.286,,183.0,0.45,1.34,113.0,63.0,15.56,OKNC1,1953,-122.850153,41.838358
303,2018-08-13 16:22:00,7.7,,1.34,13.5,,,203.0,9.21,22.22,2.286,,,0.0,1.34,294.0,50.0,20.0,OKNC1,1953,-122.850153,41.838358
304,2018-08-13 17:22:00,8.0,SSW,2.23,13.4,,,239.0,9.16,26.11,2.286,,205.0,1.34,2.23,426.0,42.0,22.78,OKNC1,1953,-122.850153,41.838358
305,2018-08-13 18:22:00,7.6,SSW,2.23,13.4,,,185.0,9.56,32.78,2.286,26.69,198.0,1.34,2.23,605.0,33.0,27.22,OKNC1,1953,-122.850153,41.838358
306,2018-08-13 19:22:00,7.0,ENE,3.58,13.2,,,1.0,6.07,37.78,2.286,29.67,72.0,1.79,3.58,745.0,20.0,31.67,OKNC1,1953,-122.850153,41.838358
307,2018-08-13 20:22:00,6.2,WSW,4.02,13.2,,,229.0,7.18,39.44,2.286,31.76,240.0,1.79,4.02,776.0,19.0,33.89,OKNC1,1953,-122.850153,41.838358
308,2018-08-13 21:22:00,5.6,SW,4.47,13.1,,,232.0,6.49,40.56,2.286,32.74,236.0,2.23,4.47,779.0,17.0,35.0,OKNC1,1953,-122.850153,41.838358
309,2018-08-13 22:22:00,5.4,W,4.02,13.5,,,241.0,6.53,40.56,2.286,33.8,267.0,2.23,4.02,703.0,16.0,36.11,OKNC1,1953,-122.850153,41.838358
310,2018-08-13 23:22:00,5.0,WSW,4.92,13.1,,,276.0,7.4,39.44,2.286,33.91,246.0,2.23,4.92,592.0,17.0,36.11,OKNC1,1953,-122.850153,41.838358
311,2018-08-14 00:22:00,4.7,WSW,4.47,13.6,,,235.0,7.31,36.67,2.286,32.83,258.0,2.68,4.47,418.0,18.0,35.0,OKNC1,1953,-122.850153,41.838358
312,2018-08-14 01:22:00,4.7,W,6.26,13.3,,,259.0,7.18,33.89,2.286,31.76,268.0,2.23,6.26,246.0,19.0,33.89,OKNC1,1953,-122.850153,41.838358
313,2018-08-14 02:22:00,4.6,WSW,5.37,13.1,36.67,32.78,268.0,7.91,30.56,2.286,30.31,252.0,1.34,5.37,108.0,22.0,32.22,OKNC1,1953,-122.850153,41.838358
314,2018-08-14 03:22:00,4.7,N,4.92,13.0,,,295.0,6.03,28.33,2.286,28.31,358.0,1.34,4.92,20.0,22.0,30.0,OKNC1,1953,-122.850153,41.838358
315,2018-08-14 04:22:00,4.7,NNE,2.68,13.0,,,60.0,6.14,23.89,2.286,26.1,26.0,1.34,2.68,0.0,27.0,26.67,OKNC1,1953,-122.850153,41.838358
316,2018-08-14 05:22:00,4.7,NE,2.23,12.9,,,28.0,6.65,21.67,2.286,,47.0,1.34,2.23,0.0,32.0,24.44,OKNC1,1953,-122.850153,41.838358
317,2018-08-14 06:22:00,4.8,N,1.79,12.9,,,42.0,7.18,19.44,2.286,,7.0,0.45,1.79,0.0,38.0,22.22,OKNC1,1953,-122.850153,41.838358
318,2018-08-14 07:22:00,4.9,NNE,1.34,12.9,,,27.0,7.46,17.22,2.286,,12.0,0.45,1.34,0.0,46.0,19.44,OKNC1,1953,-122.850153,41.838358
319,2018-08-14 08:22:00,5.1,N,1.34,12.9,,,29.0,7.37,16.11,2.286,,8.0,0.45,1.34,0.0,49.0,18.33,OKNC1,1953,-122.850153,41.838358
320,2018-08-14 09:22:00,5.2,,0.9,12.8,,,124.0,7.49,15.0,2.286,,,0.0,0.9,0.0,53.0,17.22,OKNC1,1953,-122.850153,41.838358
321,2018-08-14 10:22:00,5.6,NNW,0.9,12.8,,,324.0,7.52,13.33,2.286,,347.0,0.45,0.9,0.0,59.0,15.56,OKNC1,1953,-122.850153,41.838358
322,2018-08-14 11:22:00,5.8,,0.9,12.8,,,348.0,7.66,12.22,2.286,,,0.0,0.9,0.0,64.0,14.44,OKNC1,1953,-122.850153,41.838358
323,2018-08-14 12:22:00,6.0,,0.9,12.8,,,27.0,7.71,11.11,2.286,,,0.0,0.9,0.0,69.0,13.33,OKNC1,1953,-122.850153,41.838358
324,2018-08-14 13:22:00,6.4,,0.0,12.8,,,159.0,7.6,11.11,2.286,,,0.0,0.0,0.0,71.0,12.78,OKNC1,1953,-122.850153,41.838358
325,2018-08-14 14:22:00,6.7,,0.9,12.8,,,182.0,8.22,11.11,2.286,,,0.0,0.9,24.0,74.0,12.78,OKNC1,1953,-122.850153,41.838358
326,2018-08-14 15:22:00,7.4,,0.9,13.1,,,38.0,9.31,15.0,2.286,,,0.0,0.9,103.0,69.0,15.0,OKNC1,1953,-122.850153,41.838358
327,2018-08-14 16:22:00,7.9,SSE,1.34,13.7,,,175.0,10.39,21.11,2.286,,163.0,0.9,1.34,259.0,56.0,19.44,OKNC1,1953,-122.850153,41.838358
328,2018-08-14 17:22:00,8.2,SSW,1.79,13.4,,,217.0,9.81,27.78,2.286,,209.0,0.9,1.79,448.0,41.0,23.89,OKNC1,1953,-122.850153,41.838358
329,2018-08-14 18:22:00,7.7,S,3.13,13.3,,,225.0,10.54,33.89,2.286,27.5,182.0,1.34,3.13,651.0,33.0,28.33,OKNC1,1953,-122.850153,41.838358
330,2018-08-14 19:22:00,6.9,W,3.13,13.4,,,333.0,6.71,39.44,2.286,31.2,274.0,1.34,3.13,777.0,19.0,33.33,OKNC1,1953,-122.850153,41.838358
331,2018-08-14 20:22:00,6.1,SW,4.92,13.1,,,129.0,6.08,41.67,2.286,33.22,227.0,2.23,4.92,830.0,16.0,35.56,OKNC1,1953,-122.850153,41.838358
332,2018-08-14 21:22:00,5.6,WSW,5.37,13.1,,,256.0,4.62,40.56,2.286,33.6,240.0,2.68,5.37,794.0,14.0,36.11,OKNC1,1953,-122.850153,41.838358
333,2018-08-14 22:22:00,5.0,W,5.37,13.1,,,273.0,4.47,41.11,2.286,34.62,268.0,2.68,5.37,709.0,13.0,37.22,OKNC1,1953,-122.850153,41.838358
334,2018-08-14 23:22:00,4.7,WNW,4.92,13.1,,,311.0,4.47,40.0,2.286,34.62,285.0,2.23,4.92,571.0,13.0,37.22,OKNC1,1953,-122.850153,41.838358
335,2018-08-15 00:22:00,4.5,W,4.92,13.6,,,222.0,4.62,37.78,2.286,33.6,265.0,2.23,4.92,429.0,14.0,36.11,OKNC1,1953,-122.850153,41.838358
336,2018-08-15 01:22:00,4.4,W,5.37,13.3,,,269.0,3.73,35.0,2.286,32.51,264.0,2.23,5.37,277.0,14.0,35.0,OKNC1,1953,-122.850153,41.838358
337,2018-08-15 02:22:00,4.4,W,4.92,13.1,37.22,33.89,251.0,3.81,31.67,2.286,30.52,267.0,2.23,4.92,119.0,16.0,32.78,OKNC1,1953,-122.850153,41.838358
338,2018-08-15 03:22:00,4.3,N,4.92,13.0,,,292.0,4.87,28.89,2.286,29.14,0.0,1.34,4.92,22.0,19.0,31.11,OKNC1,1953,-122.850153,41.838358
339,2018-08-15 04:22:00,4.3,W,4.02,13.0,,,209.0,6.45,25.56,2.286,27.13,275.0,0.9,4.02,0.0,25.0,28.33,OKNC1,1953,-122.850153,41.838358
340,2018-08-15 05:22:00,4.4,NE,2.23,12.9,,,139.0,5.72,22.78,2.286,,51.0,1.34,2.23,0.0,29.0,25.0,OKNC1,1953,-122.850153,41.838358
341,2018-08-15 06:22:00,4.4,NNE,1.79,12.9,,,38.0,6.12,20.56,2.286,,15.0,0.9,1.79,0.0,33.0,23.33,OKNC1,1953,-122.850153,41.838358
342,2018-08-15 07:22:00,4.6,WNW,1.79,12.9,,,32.0,5.69,18.33,2.286,,294.0,0.45,1.79,0.0,38.0,20.56,OKNC1,1953,-122.850153,41.838358
343,2018-08-15 08:22:00,4.7,NNE,1.34,12.9,,,1.0,6.13,17.22,2.286,,25.0,0.45,1.34,0.0,42.0,19.44,OKNC1,1953,-122.850153,41.838358
344,2018-08-15 10:22:00,5.0,NE,1.34,12.8,,,24.0,6.04,15.0,2.286,,47.0,0.45,1.34,0.0,48.0,17.22,OKNC1,1953,-122.850153,41.838358
345,2018-08-15 11:22:00,5.2,,1.34,12.8,,,130.0,6.46,13.33,2.286,,,0.0,1.34,0.0,53.0,16.11,OKNC1,1953,-122.850153,41.838358
346,2018-08-15 12:22:00,5.4,,0.9,12.8,,,6.0,6.71,12.22,2.286,,,0.0,0.9,0.0,60.0,14.44,OKNC1,1953,-122.850153,41.838358
347,2018-08-15 13:22:00,5.7,NE,1.34,12.8,,,37.0,6.21,12.78,2.286,,43.0,0.9,1.34,0.0,58.0,14.44,OKNC1,1953,-122.850153,41.838358
348,2018-08-15 14:22:00,5.9,NNW,0.9,12.8,,,168.0,6.6,11.67,2.286,,331.0,0.45,0.9,12.0,64.0,13.33,OKNC1,1953,-122.850153,41.838358
349,2018-08-15 15:22:00,6.4,NW,1.34,13.0,,,261.0,7.19,13.89,2.286,,324.0,0.45,1.34,57.0,62.0,14.44,OKNC1,1953,-122.850153,41.838358
350,2018-08-15 16:22:00,6.9,E,1.34,14.1,,,169.0,8.29,21.67,2.286,,81.0,0.45,1.34,231.0,47.0,20.0,OKNC1,1953,-122.850153,41.838358
351,2018-08-15 17:22:00,7.1,SW,2.23,13.6,,,231.0,8.56,26.67,2.286,,225.0,1.34,2.23,421.0,39.0,23.33,OKNC1,1953,-122.850153,41.838358
352,2018-08-15 18:22:00,7.4,WSW,2.23,13.3,,,254.0,9.37,28.89,2.286,,241.0,1.34,2.23,422.0,36.0,25.56,OKNC1,1953,-122.850153,41.838358
353,2018-08-15 19:22:00,6.7,S,3.58,13.2,,,206.0,8.36,36.11,2.286,28.94,181.0,1.79,3.58,708.0,25.0,30.56,OKNC1,1953,-122.850153,41.838358
354,2018-08-15 20:22:00,6.2,SW,2.68,13.2,,,240.0,7.63,39.44,2.286,32.33,228.0,1.79,2.68,734.0,19.0,34.44,OKNC1,1953,-122.850153,41.838358
355,2018-08-15 21:22:00,5.5,W,4.92,13.1,,,255.0,6.53,40.56,2.286,33.8,272.0,2.23,4.92,729.0,16.0,36.11,OKNC1,1953,-122.850153,41.838358
356,2018-08-15 22:22:00,5.0,WSW,4.47,13.6,,,222.0,5.52,40.56,2.286,34.74,248.0,1.79,4.47,643.0,14.0,37.22,OKNC1,1953,-122.850153,41.838358
357,2018-08-15 23:22:00,4.8,WNW,4.47,13.1,,,298.0,4.47,40.0,2.286,34.62,302.0,2.23,4.47,543.0,13.0,37.22,OKNC1,1953,-122.850153,41.838358
358,2018-08-16 00:22:00,4.5,W,5.37,13.5,,,249.0,3.58,37.22,2.286,33.52,266.0,2.23,5.37,361.0,13.0,36.11,OKNC1,1953,-122.850153,41.838358
359,2018-08-16 01:22:00,4.4,W,5.81,13.3,,,277.0,3.28,34.44,2.286,31.97,263.0,2.23,5.81,218.0,14.0,34.44,OKNC1,1953,-122.850153,41.838358
360,2018-08-16 02:22:00,4.3,W,5.37,13.1,37.78,33.33,243.0,4.67,31.67,2.286,30.56,275.0,2.23,5.37,92.0,17.0,32.78,OKNC1,1953,-122.850153,41.838358
361,2018-08-16 03:22:00,4.4,WNW,6.26,13.0,,,230.0,4.41,29.44,2.286,28.67,288.0,2.23,6.26,14.0,19.0,30.56,OKNC1,1953,-122.850153,41.838358
362,2018-08-16 04:22:00,4.3,N,5.81,13.0,,,309.0,2.1,25.56,2.286,26.57,349.0,1.34,5.81,0.0,19.0,27.78,OKNC1,1953,-122.850153,41.838358
363,2018-08-16 05:22:00,4.4,NE,2.23,12.9,,,74.0,4.16,22.78,2.286,,52.0,1.34,2.23,0.0,26.0,25.0,OKNC1,1953,-122.850153,41.838358
364,2018-08-16 06:22:00,4.4,NNE,1.79,12.9,,,2.0,2.82,19.44,2.286,,24.0,0.9,1.79,0.0,29.0,21.67,OKNC1,1953,-122.850153,41.838358
365,2018-08-16 07:22:00,4.4,NNE,0.9,12.9,,,3.0,3.6,17.78,2.286,,30.0,0.9,0.9,0.0,34.0,20.0,OKNC1,1953,-122.850153,41.838358
366,2018-08-16 08:22:00,4.5,NNE,0.9,12.9,,,16.0,4.06,16.11,2.286,,18.0,0.45,0.9,0.0,39.0,18.33,OKNC1,1953,-122.850153,41.838358
367,2018-08-16 09:22:00,4.7,ENE,0.9,12.8,,,26.0,4.45,14.44,2.286,,65.0,0.45,0.9,0.0,43.0,17.22,OKNC1,1953,-122.850153,41.838358
368,2018-08-16 10:22:00,4.8,,1.34,12.8,,,23.0,4.72,13.33,2.286,,,0.0,1.34,0.0,47.0,16.11,OKNC1,1953,-122.850153,41.838358
369,2018-08-16 11:22:00,4.9,,1.34,12.8,,,157.0,4.35,12.22,2.286,,,0.0,1.34,0.0,51.0,14.44,OKNC1,1953,-122.850153,41.838358
370,2018-08-16 12:22:00,5.0,,0.9,12.8,,,332.0,4.39,11.67,2.286,,,0.0,0.9,0.0,53.0,13.89,OKNC1,1953,-122.850153,41.838358
371,2018-08-16 13:22:00,5.2,,0.9,12.7,,,4.0,4.65,10.56,2.286,,,0.0,0.9,0.0,58.0,12.78,OKNC1,1953,-122.850153,41.838358
372,2018-08-16 14:22:00,5.5,,1.34,12.8,,,156.0,4.9,11.11,2.286,,,0.0,1.34,23.0,59.0,12.78,OKNC1,1953,-122.850153,41.838358
373,2018-08-16 15:22:00,5.9,SSW,1.79,13.2,,,239.0,6.49,15.56,2.286,,206.0,0.9,1.79,114.0,55.0,15.56,OKNC1,1953,-122.850153,41.838358
374,2018-08-16 16:22:00,6.2,,1.34,13.8,,,207.0,6.07,22.22,2.286,,,0.0,1.34,296.0,39.0,20.56,OKNC1,1953,-122.850153,41.838358
375,2018-08-16 17:22:00,6.5,SW,2.23,14.0,,,229.0,6.61,27.78,2.286,,217.0,1.34,2.23,463.0,33.0,23.89,OKNC1,1953,-122.850153,41.838358
376,2018-08-16 18:22:00,6.3,W,3.13,13.2,,,249.0,7.57,33.33,2.286,27.2,265.0,0.9,3.13,618.0,27.0,28.33,OKNC1,1953,-122.850153,41.838358
377,2018-08-16 19:22:00,6.0,SW,4.02,13.2,,,211.0,7.44,36.67,2.286,29.78,222.0,2.23,4.02,739.0,22.0,31.67,OKNC1,1953,-122.850153,41.838358
378,2018-08-16 20:22:00,5.6,WNW,5.37,13.1,,,256.0,4.7,40.0,2.286,32.57,295.0,1.79,5.37,801.0,15.0,35.0,OKNC1,1953,-122.850153,41.838358
379,2018-08-16 21:22:00,5.1,WSW,5.37,13.1,,,238.0,3.73,40.0,2.286,32.51,240.0,2.68,5.37,790.0,14.0,35.0,OKNC1,1953,-122.850153,41.838358
380,2018-08-16 22:22:00,4.7,WNW,5.37,13.1,,,311.0,3.58,40.0,2.286,33.52,293.0,2.68,5.37,727.0,13.0,36.11,OKNC1,1953,-122.850153,41.838358
381,2018-08-16 23:22:00,4.5,WSW,5.81,13.1,,,240.0,4.18,38.89,2.286,33.05,248.0,2.23,5.81,610.0,14.0,35.56,OKNC1,1953,-122.850153,41.838358
382,2018-08-17 00:22:00,4.3,WSW,5.81,13.5,,,198.0,3.14,37.78,2.286,32.98,254.0,2.68,5.81,500.0,13.0,35.56,OKNC1,1953,-122.850153,41.838358
383,2018-08-17 01:22:00,4.2,W,5.81,13.3,,,258.0,-0.04,34.44,2.286,31.59,261.0,2.68,5.81,308.0,11.0,34.44,OKNC1,1953,-122.850153,41.838358
384,2018-08-17 02:22:00,4.1,NW,4.92,13.1,36.11,32.22,262.0,-3.47,30.0,2.286,29.16,309.0,1.79,4.92,119.0,10.0,31.67,OKNC1,1953,-122.850153,41.838358
385,2018-08-17 03:22:00,4.1,NNE,4.02,13.0,,,312.0,-3.51,24.44,2.286,26.34,23.0,1.34,4.02,17.0,13.0,27.22,OKNC1,1953,-122.850153,41.838358
386,2018-08-17 04:22:00,4.0,NNE,1.79,13.0,,,25.0,-2.63,21.11,2.286,,32.0,0.9,1.79,0.0,17.0,23.89,OKNC1,1953,-122.850153,41.838358
387,2018-08-17 05:22:00,4.0,NNE,2.23,12.9,,,352.0,-1.01,18.89,2.286,,19.0,1.34,2.23,0.0,22.0,21.67,OKNC1,1953,-122.850153,41.838358
388,2018-08-17 06:22:00,4.0,NNE,1.79,12.9,,,28.0,-1.16,16.67,2.286,,20.0,0.9,1.79,0.0,25.0,19.44,OKNC1,1953,-122.850153,41.838358
389,2018-08-17 07:22:00,4.1,NE,2.23,12.9,,,118.0,-1.06,14.44,2.286,,36.0,0.45,2.23,0.0,29.0,17.22,OKNC1,1953,-122.850153,41.838358
390,2018-08-17 08:22:00,4.0,N,1.34,12.8,,,24.0,-0.75,12.78,2.286,,357.0,0.45,1.34,0.0,33.0,15.56,OKNC1,1953,-122.850153,41.838358
391,2018-08-17 09:22:00,4.1,,0.9,12.8,,,8.0,0.56,11.67,2.286,,,0.0,0.9,0.0,39.0,14.44,OKNC1,1953,-122.850153,41.838358
392,2018-08-17 10:22:00,4.1,,1.34,12.7,,,4.0,1.24,11.11,2.286,,,0.0,1.34,0.0,44.0,13.33,OKNC1,1953,-122.850153,41.838358
393,2018-08-17 11:22:00,4.3,,1.34,12.7,,,21.0,2.01,9.44,2.286,,,0.0,1.34,0.0,50.0,12.22,OKNC1,1953,-122.850153,41.838358
394,2018-08-17 12:22:00,4.3,,0.0,12.7,,,336.0,2.58,8.33,2.286,,,0.0,0.0,0.0,56.0,11.11,OKNC1,1953,-122.850153,41.838358
395,2018-08-17 13:22:00,4.5,,0.0,12.7,,,310.0,2.8,7.78,2.286,,,0.0,0.0,0.0,59.0,10.56,OKNC1,1953,-122.850153,41.838358
396,2018-08-17 14:22:00,4.6,,0.0,12.7,,,218.0,2.98,8.33,2.286,,,0.0,0.0,22.0,62.0,10.0,OKNC1,1953,-122.850153,41.838358
397,2018-08-17 15:22:00,4.9,,0.0,13.2,,,86.0,5.38,12.78,2.286,,,0.0,0.0,117.0,61.0,12.78,OKNC1,1953,-122.850153,41.838358
398,2018-08-17 16:22:00,5.4,S,1.79,13.5,,,197.0,5.74,20.0,2.286,,171.0,0.9,1.79,286.0,47.0,17.22,OKNC1,1953,-122.850153,41.838358
399,2018-08-17 17:22:00,5.9,SE,1.79,13.4,,,134.0,5.99,26.67,2.286,,139.0,0.9,1.79,459.0,35.0,22.22,OKNC1,1953,-122.850153,41.838358
400,2018-08-17 18:22:00,5.9,SW,3.13,13.3,,,223.0,6.18,31.11,2.286,,214.0,1.79,3.13,617.0,28.0,26.11,OKNC1,1953,-122.850153,41.838358
401,2018-08-17 19:22:00,5.8,SW,3.13,13.2,,,221.0,7.88,35.56,2.286,28.44,226.0,1.79,3.13,741.0,25.0,30.0,OKNC1,1953,-122.850153,41.838358
402,2018-08-17 20:22:00,5.5,SSW,3.13,13.2,,,223.0,4.67,38.89,2.286,30.56,207.0,2.23,3.13,807.0,17.0,32.78,OKNC1,1953,-122.850153,41.838358
403,2018-08-17 21:22:00,4.8,W,4.47,13.2,,,208.0,-3.43,40.56,2.286,32.1,269.0,2.68,4.47,836.0,8.0,35.56,OKNC1,1953,-122.850153,41.838358
404,2018-08-17 22:22:00,4.4,W,5.81,13.1,,,348.0,0.4,41.67,2.286,33.46,281.0,2.23,5.81,797.0,10.0,36.67,OKNC1,1953,-122.850153,41.838358
405,2018-08-17 23:22:00,4.3,WNW,5.81,13.2,,,285.0,-6.32,40.0,2.286,32.79,284.0,2.23,5.81,678.0,6.0,36.67,OKNC1,1953,-122.850153,41.838358
406,2018-08-18 00:22:00,4.0,WSW,5.81,13.5,,,296.0,-5.17,36.67,2.286,31.96,243.0,2.23,5.81,471.0,7.0,35.56,OKNC1,1953,-122.850153,41.838358
407,2018-08-18 01:22:00,3.9,WSW,5.37,13.3,,,248.0,4.26,33.33,2.286,31.02,243.0,2.23,5.37,254.0,16.0,33.33,OKNC1,1953,-122.850153,41.838358
408,2018-08-18 02:22:00,3.8,W,4.47,13.1,37.22,31.67,226.0,6.3,28.89,2.286,29.22,273.0,0.9,4.47,96.0,21.0,31.11,OKNC1,1953,-122.850153,41.838358
409,2018-08-18 03:22:00,3.8,NE,2.23,13.0,,,71.0,6.55,25.0,2.286,26.78,45.0,0.9,2.23,17.0,26.0,27.78,OKNC1,1953,-122.850153,41.838358
410,2018-08-18 04:22:00,3.9,NE,1.79,12.9,,,40.0,7.54,21.67,2.286,,53.0,0.9,1.79,0.0,34.0,24.44,OKNC1,1953,-122.850153,41.838358
411,2018-08-18 05:22:00,4.0,NNE,1.79,12.9,,,41.0,6.69,19.44,2.286,,33.0,0.9,1.79,0.0,38.0,21.67,OKNC1,1953,-122.850153,41.838358
412,2018-08-18 06:22:00,4.1,NNE,1.34,12.9,,,23.0,6.98,17.22,2.286,,12.0,0.9,1.34,0.0,43.0,20.0,OKNC1,1953,-122.850153,41.838358
413,2018-08-18 07:22:00,4.3,NE,1.34,12.9,,,27.0,6.64,16.11,2.286,,48.0,0.45,1.34,0.0,45.0,18.89,OKNC1,1953,-122.850153,41.838358
414,2018-08-18 08:22:00,4.5,N,1.34,12.9,,,36.0,6.13,14.44,2.286,,359.0,0.45,1.34,0.0,50.0,16.67,OKNC1,1953,-122.850153,41.838358
415,2018-08-18 09:22:00,4.6,WSW,1.34,12.8,,,35.0,6.18,13.33,2.286,,247.0,0.45,1.34,0.0,52.0,16.11,OKNC1,1953,-122.850153,41.838358
416,2018-08-18 10:22:00,4.8,,1.34,12.8,,,348.0,6.21,11.67,2.286,,,0.0,1.34,0.0,58.0,14.44,OKNC1,1953,-122.850153,41.838358
417,2018-08-18 11:22:00,5.0,W,1.34,12.8,,,333.0,5.66,11.11,2.286,,264.0,0.45,1.34,0.0,60.0,13.33,OKNC1,1953,-122.850153,41.838358
418,2018-08-18 12:22:00,5.2,NE,1.34,12.8,,,298.0,6.08,10.0,2.286,,34.0,0.45,1.34,0.0,64.0,12.78,OKNC1,1953,-122.850153,41.838358
419,2018-08-18 13:22:00,5.5,NE,0.9,12.7,,,348.0,5.69,9.44,2.286,,45.0,0.45,0.9,0.0,67.0,11.67,OKNC1,1953,-122.850153,41.838358
420,2018-08-18 14:22:00,5.8,,0.9,12.8,,,337.0,6.4,9.44,2.286,,,0.0,0.9,23.0,73.0,11.11,OKNC1,1953,-122.850153,41.838358
421,2018-08-18 15:22:00,6.3,SW,0.9,13.3,,,243.0,8.03,14.44,2.286,,221.0,0.45,0.9,126.0,68.0,13.89,OKNC1,1953,-122.850153,41.838358
422,2018-08-18 16:22:00,6.9,SSE,1.79,13.5,,,238.0,7.78,22.22,2.286,,154.0,0.9,1.79,333.0,47.0,19.44,OKNC1,1953,-122.850153,41.838358
423,2018-08-18 17:22:00,7.3,SSW,2.68,13.4,,,182.0,7.47,28.33,2.286,,212.0,1.34,2.68,515.0,35.0,23.89,OKNC1,1953,-122.850153,41.838358
424,2018-08-18 18:22:00,6.9,S,3.13,13.3,,,205.0,7.57,33.89,2.286,27.2,189.0,1.34,3.13,679.0,27.0,28.33,OKNC1,1953,-122.850153,41.838358
425,2018-08-18 19:22:00,6.2,SW,3.13,13.2,,,213.0,7.23,38.33,2.286,30.24,216.0,1.79,3.13,795.0,21.0,32.22,OKNC1,1953,-122.850153,41.838358
426,2018-08-18 20:22:00,5.9,SSW,3.58,13.2,,,261.0,6.85,40.56,2.286,32.24,213.0,2.23,3.58,841.0,18.0,34.44,OKNC1,1953,-122.850153,41.838358
427,2018-08-18 21:22:00,5.1,WSW,4.92,13.1,,,251.0,1.71,42.22,2.286,33.65,252.0,1.79,4.92,837.0,11.0,36.67,OKNC1,1953,-122.850153,41.838358
428,2018-08-18 22:22:00,4.6,WNW,4.92,13.1,,,273.0,-0.17,42.78,2.286,34.31,284.0,2.68,4.92,782.0,9.0,37.78,OKNC1,1953,-122.850153,41.838358
429,2018-08-18 23:22:00,4.4,W,5.81,13.1,,,280.0,-0.17,41.11,2.286,34.31,263.0,2.68,5.81,667.0,9.0,37.78,OKNC1,1953,-122.850153,41.838358
430,2018-08-19 00:22:00,4.1,WSW,6.26,13.5,,,269.0,-0.6,38.89,2.286,33.79,250.0,2.23,6.26,490.0,9.0,37.22,OKNC1,1953,-122.850153,41.838358
431,2018-08-19 01:22:00,3.9,WNW,5.37,13.3,,,255.0,-1.45,36.11,2.286,32.76,291.0,1.79,5.37,305.0,9.0,36.11,OKNC1,1953,-122.850153,41.838358
432,2018-08-19 02:22:00,3.9,WSW,6.26,13.1,38.33,33.89,251.0,1.37,31.67,2.286,30.92,251.0,2.23,6.26,111.0,13.0,33.33,OKNC1,1953,-122.850153,41.838358
433,2018-08-19 03:22:00,3.7,N,3.58,13.0,,,244.0,3.02,26.11,2.286,27.35,4.0,1.34,3.58,18.0,19.0,28.89,OKNC1,1953,-122.850153,41.838358
434,2018-08-19 04:22:00,3.8,NNE,1.79,13.0,,,352.0,3.6,22.22,2.286,,23.0,1.34,1.79,0.0,25.0,25.0,OKNC1,1953,-122.850153,41.838358
435,2018-08-19 05:22:00,3.8,,1.79,12.9,,,33.0,3.77,20.0,2.286,,,0.0,1.79,0.0,28.0,23.33,OKNC1,1953,-122.850153,41.838358
436,2018-08-19 06:22:00,3.9,N,1.79,12.9,,,6.0,3.67,17.78,2.286,,356.0,0.45,1.79,0.0,33.0,20.56,OKNC1,1953,-122.850153,41.838358
437,2018-08-19 07:22:00,4.0,NNE,1.34,12.9,,,27.0,4.19,16.11,2.286,,18.0,0.45,1.34,0.0,38.0,18.89,OKNC1,1953,-122.850153,41.838358
438,2018-08-19 08:22:00,4.1,E,0.9,12.8,,,36.0,4.12,14.44,2.286,,79.0,0.45,0.9,0.0,42.0,17.22,OKNC1,1953,-122.850153,41.838358
439,2018-08-19 09:22:00,4.2,N,0.9,12.8,,,301.0,4.41,13.33,2.286,,349.0,0.45,0.9,0.0,46.0,16.11,OKNC1,1953,-122.850153,41.838358
440,2018-08-19 10:22:00,4.3,ENE,0.9,12.8,,,1.0,4.63,11.67,2.286,,61.0,0.45,0.9,0.0,52.0,14.44,OKNC1,1953,-122.850153,41.838358
441,2018-08-19 11:22:00,4.4,N,0.9,12.8,,,345.0,4.66,11.11,2.286,,352.0,0.45,0.9,0.0,54.0,13.89,OKNC1,1953,-122.850153,41.838358
442,2018-08-19 12:22:00,4.6,NNE,0.9,12.7,,,23.0,4.4,10.0,2.286,,24.0,0.45,0.9,0.0,57.0,12.78,OKNC1,1953,-122.850153,41.838358
443,2018-08-19 13:22:00,4.8,NNW,0.9,12.7,,,25.0,4.33,9.44,2.286,,336.0,0.45,0.9,0.0,61.0,11.67,OKNC1,1953,-122.850153,41.838358
444,2018-08-19 14:22:00,5.1,NNW,0.9,12.8,,,144.0,5.02,9.44,2.286,,330.0,0.45,0.9,20.0,64.0,11.67,OKNC1,1953,-122.850153,41.838358
445,2018-08-19 15:22:00,5.5,SSE,0.9,13.2,,,208.0,6.9,13.89,2.286,,164.0,0.45,0.9,112.0,63.0,13.89,OKNC1,1953,-122.850153,41.838358
446,2018-08-19 16:22:00,6.0,SSE,1.34,13.5,,,168.0,6.64,21.67,2.286,,156.0,0.45,1.34,307.0,45.0,18.89,OKNC1,1953,-122.850153,41.838358
447,2018-08-19 17:22:00,6.4,SSW,2.23,13.4,,,218.0,6.12,27.78,2.286,,211.0,1.79,2.23,495.0,33.0,23.33,OKNC1,1953,-122.850153,41.838358
448,2018-08-19 18:22:00,6.3,SSW,4.02,13.3,,,214.0,6.07,32.22,2.286,26.41,212.0,2.68,4.02,661.0,26.0,27.22,OKNC1,1953,-122.850153,41.838358
