,date_time,volt_set_1,dew_point_temperature_set_1d,pressure_set_1,altimeter_set_1d,heat_index_set_1d,relative_humidity_set_1,sea_level_pressure_set_1d,air_temp_set_1,_meta_station_id,_meta_elevation,_meta_longitude,_meta_latitude
0,2018-08-01 00:00:00,13.8,13.46,97833.0,102550.94,32.97,29.0,102213.11,33.89,RBW,1297,-122.6050,39.3710
1,2018-08-01 01:00:00,13.4,12.49,97799.0,102515.3,31.6,29.0,102193.78,32.78,RBW,1297,-122.6050,39.3710
2,2018-08-01 02:00:00,13.0,13.02,97765.0,102479.66,30.67,32.0,102174.52,31.67,RBW,1297,-122.6050,39.3710
3,2018-08-01 03:00:00,12.9,13.06,97765.0,102479.66,27.89,39.0,102224.25,28.33,RBW,1297,-122.6050,39.3710
4,2018-08-01 04:00:00,12.9,12.04,97799.0,102515.3,,46.0,102319.21,24.44,RBW,1297,-122.6050,39.3710
5,2018-08-01 05:00:00,12.9,12.38,97901.0,102622.21,,52.0,102451.76,22.78,RBW,1297,-122.6050,39.3710
6,2018-08-01 06:00:00,12.9,10.36,97901.0,102622.21,,44.0,102443.21,23.33,RBW,1297,-122.6050,39.3710
7,2018-08-01 07:00:00,12.8,8.09,97901.0,102622.21,,33.0,102408.72,25.56,RBW,1297,-122.6050,39.3710
8,2018-08-01 08:00:00,12.8,7.88,97934.0,102656.81,,36.0,102469.06,23.89,RBW,1297,-122.6050,39.3710
9,2018-08-01 09:00:00,12.8,7.79,97934.0,102656.81,,37.0,102477.79,23.33,RBW,1297,-122.6050,39.3710
10,2018-08-01 10:00:00,12.8,7.94,97901.0,102622.21,,40.0,102460.64,22.22,RBW,1297,-122.6050,39.3710
11,2018-08-01 11:00:00,12.8,8.5,97934.0,102656.81,,43.0,102503.83,21.67,RBW,1297,-122.6050,39.3710
12,2018-08-01 12:00:00,12.7,8.48,97968.0,102692.45,,51.0,102583.75,18.89,RBW,1297,-122.6050,39.3710
13,2018-08-01 13:00:00,12.7,8.49,97968.0,102692.45,,46.0,102557.02,20.56,RBW,1297,-122.6050,39.3710
14,2018-08-01 14:00:00,12.7,8.99,98002.0,102728.09,,46.0,102583.86,21.11,RBW,1297,-122.6050,39.3710
15,2018-08-01 15:00:00,13.2,9.56,98002.0,102728.09,,39.0,102531.64,24.44,RBW,1297,-122.6050,39.3710
16,2018-08-01 16:00:00,13.5,11.82,98036.0,102763.73,,41.0,102541.42,26.11,RBW,1297,-122.6050,39.3710
17,2018-08-01 17:00:00,14.3,10.57,98036.0,102763.73,27.9,32.0,102499.23,28.89,RBW,1297,-122.6050,39.3710
18,2018-08-01 18:00:00,14.3,11.05,98036.0,102763.73,28.38,32.0,102490.96,29.44,RBW,1297,-122.6050,39.3710
19,2018-08-01 19:00:00,14.2,13.02,98002.0,102728.09,30.67,32.0,102422.21,31.67,RBW,1297,-122.6050,39.3710
20,2018-08-01 20:00:00,14.2,11.89,97968.0,102692.45,31.99,27.0,102362.34,33.33,RBW,1297,-122.6050,39.3710
21,2018-08-01 21:00:00,14.2,12.85,97901.0,102622.21,33.36,27.0,102276.19,34.44,RBW,1297,-122.6050,39.3710
22,2018-08-01 22:00:00,14.2,13.4,97867.0,102586.58,33.52,28.0,102240.66,34.44,RBW,1297,-122.6050,39.3710
23,2018-08-01 23:00:00,13.9,12.85,97799.0,102515.3,33.36,27.0,102169.63,34.44,RBW,1297,-122.6050,39.3710
24,2018-08-03 01:00:00,14.2,11.04,97697.0,102408.38,29.76,29.0,102111.75,31.11,RBW,1297,-122.6050,39.3710
25,2018-08-03 02:00:00,13.6,11.0,97663.0,102372.74,30.25,28.0,102067.96,31.67,RBW,1297,-122.6050,39.3710
26,2018-08-03 03:00:00,13.0,11.03,97697.0,102408.38,27.96,33.0,102144.79,28.89,RBW,1297,-122.6050,39.3710
27,2018-08-03 04:00:00,12.9,9.94,97731.0,102444.02,,40.0,102248.11,24.44,RBW,1297,-122.6050,39.3710
28,2018-08-03 05:00:00,12.9,8.66,97799.0,102515.3,,42.0,102353.88,22.22,RBW,1297,-122.6050,39.3710
29,2018-08-03 06:00:00,12.9,8.29,97833.0,102550.94,,47.0,102424.61,20.0,RBW,1297,-122.6050,39.3710
30,2018-08-03 07:00:00,12.8,7.14,97867.0,102586.58,,45.0,102469.19,19.44,RBW,1297,-122.6050,39.3710
31,2018-08-03 08:00:00,12.8,3.3,97867.0,102586.58,,30.0,102433.79,21.67,RBW,1297,-122.6050,39.3710
32,2018-08-03 09:00:00,12.8,1.84,97901.0,102622.21,,28.0,102478.25,21.11,RBW,1297,-122.6050,39.3710
33,2018-08-03 10:00:00,12.8,0.39,97934.0,102656.81,,28.0,102539.43,19.44,RBW,1297,-122.6050,39.3710
34,2018-08-03 11:00:00,12.8,0.37,97934.0,102656.81,,27.0,102530.47,20.0,RBW,1297,-122.6050,39.3710
35,2018-08-03 12:00:00,12.7,1.35,97934.0,102656.81,,30.0,102539.42,19.44,RBW,1297,-122.6050,39.3710
36,2018-08-03 13:00:00,12.7,2.2,97968.0,102692.45,,33.0,102583.85,18.89,RBW,1297,-122.6050,39.3710
37,2018-08-03 14:00:00,12.7,3.51,98036.0,102763.73,,35.0,102646.19,19.44,RBW,1297,-122.6050,39.3710
38,2018-08-03 15:00:00,13.1,4.7,98070.0,102799.36,,32.0,102637.56,22.22,RBW,1297,-122.6050,39.3710
39,2018-08-03 16:00:00,13.6,7.14,98070.0,102799.36,26.48,28.0,102560.11,27.22,RBW,1297,-122.6050,39.3710
40,2018-08-03 17:00:00,14.3,7.5,98070.0,102799.36,27.58,26.0,102534.83,28.89,RBW,1297,-122.6050,39.3710
41,2018-08-03 18:00:00,14.3,6.5,98104.0,102835.0,28.78,22.0,102545.4,30.56,RBW,1297,-122.6050,39.3710
42,2018-08-03 19:00:00,14.2,7.23,98070.0,102799.36,30.24,21.0,102485.28,32.22,RBW,1297,-122.6050,39.3710
43,2018-08-03 20:00:00,14.2,6.71,98036.0,102763.73,31.2,19.0,102433.49,33.33,RBW,1297,-122.6050,39.3710
44,2018-08-03 21:00:00,14.2,7.92,98002.0,102728.09,31.85,20.0,102389.78,33.89,RBW,1297,-122.6050,39.3710
45,2018-08-03 22:00:00,14.2,7.63,97934.0,102656.81,32.33,19.0,102310.77,34.44,RBW,1297,-122.6050,39.3710
46,2018-08-03 23:00:00,14.1,6.4,97901.0,102622.21,31.69,18.0,102284.29,33.89,RBW,1297,-122.6050,39.3710
47,2018-08-05 01:00:00,14.1,2.39,97663.0,102372.74,30.95,14.0,102043.82,33.33,RBW,1297,-122.6050,39.3710
48,2018-08-05 02:00:00,13.6,2.9,97663.0,102372.74,29.53,16.0,102068.1,31.67,RBW,1297,-122.6050,39.3710
49,2018-08-05 03:00:00,12.9,3.48,97663.0,102372.74,27.77,19.0,102101.14,29.44,RBW,1297,-122.6050,39.3710
50,2018-08-05 04:00:00,12.9,5.03,97731.0,102444.02,26.05,25.0,102213.98,26.67,RBW,1297,-122.6050,39.3710
51,2018-08-05 05:00:00,12.9,4.08,97765.0,102479.66,,25.0,102266.53,25.56,RBW,1297,-122.6050,39.3710
52,2018-08-05 06:00:00,12.9,2.55,97799.0,102515.3,,24.0,102319.37,24.44,RBW,1297,-122.6050,39.3710
53,2018-08-05 07:00:00,12.9,0.4,97799.0,102515.3,,22.0,102336.63,23.33,RBW,1297,-122.6050,39.3710
54,2018-08-05 08:00:00,12.8,-0.29,97833.0,102550.94,,24.0,102407.1,21.11,RBW,1297,-122.6050,39.3710
55,2018-08-05 09:00:00,12.8,0.4,97867.0,102586.58,,29.0,102478.11,18.89,RBW,1297,-122.6050,39.3710
56,2018-08-05 10:00:00,12.8,-0.09,97901.0,102622.21,,28.0,102513.72,18.89,RBW,1297,-122.6050,39.3710
57,2018-08-05 11:00:00,12.8,0.37,97901.0,102622.21,,27.0,102495.92,20.0,RBW,1297,-122.6050,39.3710
58,2018-08-05 12:00:00,12.7,1.84,97901.0,102622.21,,30.0,102495.9,20.0,RBW,1297,-122.6050,39.3710
59,2018-08-05 13:00:00,12.7,3.03,97934.0,102656.81,,35.0,102548.23,18.89,RBW,1297,-122.6050,39.3710
60,2018-08-05 14:00:00,12.7,3.57,97968.0,102692.45,,39.0,102601.77,17.78,RBW,1297,-122.6050,39.3710
61,2018-08-05 15:00:00,13.0,3.91,98002.0,102728.09,,36.0,102610.58,19.44,RBW,1297,-122.6050,39.3710
62,2018-08-05 16:00:00,13.5,4.24,98036.0,102763.73,,31.0,102601.99,22.22,RBW,1297,-122.6050,39.3710
63,2018-08-05 17:00:00,13.7,4.75,98036.0,102763.73,,29.0,102575.84,23.89,RBW,1297,-122.6050,39.3710
64,2018-08-05 18:00:00,13.8,5.7,98070.0,102799.36,,28.0,102585.55,25.56,RBW,1297,-122.6050,39.3710
65,2018-08-05 19:00:00,14.3,6.14,98070.0,102799.36,26.1,27.0,102568.52,26.67,RBW,1297,-122.6050,39.3710
66,2018-08-05 20:00:00,14.3,4.79,98070.0,102799.36,26.68,23.0,102551.64,27.78,RBW,1297,-122.6050,39.3710
67,2018-08-05 21:00:00,14.3,4.43,98036.0,102763.73,27.4,21.0,102499.33,28.89,RBW,1297,-122.6050,39.3710
68,2018-08-05 22:00:00,14.2,7.15,97968.0,102692.45,28.83,23.0,102403.23,30.56,RBW,1297,-122.6050,39.3710
69,2018-08-05 23:00:00,14.2,6.3,97934.0,102656.81,29.22,21.0,102359.55,31.11,RBW,1297,-122.6050,39.3710
70,2018-08-07 01:00:00,13.5,1.55,97934.0,102656.81,29.04,15.0,102359.61,31.11,RBW,1297,-122.6050,39.3710
71,2018-08-07 02:00:00,13.4,6.2,97934.0,102656.81,27.89,23.0,102384.41,29.44,RBW,1297,-122.6050,39.3710
72,2018-08-07 03:00:00,12.9,4.08,97968.0,102692.45,,25.0,102478.87,25.56,RBW,1297,-122.6050,39.3710
73,2018-08-07 04:00:00,12.9,3.3,97968.0,102692.45,,29.0,102530.83,22.22,RBW,1297,-122.6050,39.3710
74,2018-08-07 05:00:00,12.9,0.56,98002.0,102728.09,26.53,17.0,102480.59,27.78,RBW,1297,-122.6050,39.3710
75,2018-08-07 06:00:00,12.9,0.71,97968.0,102692.45,,19.0,102470.47,26.11,RBW,1297,-122.6050,39.3710
76,2018-08-07 07:00:00,12.9,0.02,97968.0,102692.45,,20.0,102496.21,24.44,RBW,1297,-122.6050,39.3710
77,2018-08-07 08:00:00,12.8,-0.24,97968.0,102692.45,,21.0,102513.48,23.33,RBW,1297,-122.6050,39.3710
78,2018-08-07 09:00:00,12.8,0.07,97934.0,102656.81,,23.0,102495.29,22.22,RBW,1297,-122.6050,39.3710
79,2018-08-07 10:00:00,12.8,0.18,97934.0,102656.81,,24.0,102503.95,21.67,RBW,1297,-122.6050,39.3710
80,2018-08-07 11:00:00,12.8,0.27,97901.0,102622.21,,25.0,102478.27,21.11,RBW,1297,-122.6050,39.3710
81,2018-08-07 12:00:00,12.7,0.34,97901.0,102622.21,,26.0,102487.0,20.56,RBW,1297,-122.6050,39.3710
82,2018-08-07 13:00:00,12.7,0.86,97901.0,102622.21,,27.0,102486.99,20.56,RBW,1297,-122.6050,39.3710
83,2018-08-07 14:00:00,12.7,0.88,97934.0,102656.81,,28.0,102530.46,20.0,RBW,1297,-122.6050,39.3710
84,2018-08-07 15:00:00,13.1,1.82,97968.0,102692.45,,27.0,102539.52,21.67,RBW,1297,-122.6050,39.3710
85,2018-08-07 16:00:00,13.5,3.67,97968.0,102692.45,,26.0,102496.17,24.44,RBW,1297,-122.6050,39.3710
86,2018-08-07 17:00:00,14.1,7.14,97901.0,102622.21,26.48,28.0,102383.38,27.22,RBW,1297,-122.6050,39.3710
87,2018-08-07 18:00:00,14.3,4.89,97901.0,102622.21,27.82,21.0,102349.93,29.44,RBW,1297,-122.6050,39.3710
88,2018-08-07 19:00:00,14.3,4.56,97867.0,102586.58,29.59,18.0,102281.28,31.67,RBW,1297,-122.6050,39.3710
89,2018-08-07 20:00:00,14.2,5.12,97799.0,102515.3,31.07,17.0,102185.88,33.33,RBW,1297,-122.6050,39.3710
90,2018-08-07 21:00:00,14.2,4.72,97765.0,102479.66,31.56,16.0,102142.22,33.89,RBW,1297,-122.6050,39.3710
91,2018-08-07 22:00:00,14.2,4.25,97697.0,102408.38,32.03,15.0,102063.22,34.44,RBW,1297,-122.6050,39.3710
92,2018-08-07 23:00:00,13.9,6.4,97663.0,102372.74,31.69,18.0,102035.63,33.89,RBW,1297,-122.6050,39.3710
93,2018-08-09 01:00:00,13.6,9.66,97867.0,102586.58,31.04,24.0,102264.89,32.78,RBW,1297,-122.6050,39.3710
94,2018-08-09 02:00:00,13.2,11.04,97833.0,102550.94,29.76,29.0,102253.9,31.11,RBW,1297,-122.6050,39.3710
95,2018-08-09 03:00:00,12.9,11.18,97867.0,102586.58,26.38,38.0,102356.11,26.67,RBW,1297,-122.6050,39.3710
96,2018-08-09 04:00:00,12.9,10.52,97901.0,102622.21,,43.0,102434.49,23.89,RBW,1297,-122.6050,39.3710
97,2018-08-09 05:00:00,12.9,9.44,97968.0,102692.45,,40.0,102504.61,23.89,RBW,1297,-122.6050,39.3710
98,2018-08-09 06:00:00,12.9,8.56,98002.0,102728.09,,39.0,102548.93,23.33,RBW,1297,-122.6050,39.3710
99,2018-08-09 07:00:00,12.9,8.56,98002.0,102728.09,,39.0,102548.93,23.33,RBW,1297,-122.6050,39.3710
100,2018-08-09 08:00:00,12.8,8.56,98002.0,102728.09,,39.0,102548.93,23.33,RBW,1297,-122.6050,39.3710
101,2018-08-09 09:00:00,12.8,8.3,98002.0,102728.09,,41.0,102566.34,22.22,RBW,1297,-122.6050,39.3710
102,2018-08-09 10:00:00,12.8,8.07,98002.0,102728.09,,39.0,102557.55,22.78,RBW,1297,-122.6050,39.3710
103,2018-08-09 11:00:00,12.8,7.56,98002.0,102728.09,,39.0,102566.35,22.22,RBW,1297,-122.6050,39.3710
104,2018-08-09 12:00:00,12.7,7.65,98036.0,102763.73,,42.0,102619.48,21.11,RBW,1297,-122.6050,39.3710
105,2018-08-09 13:00:00,12.7,7.49,98036.0,102763.73,,43.0,102628.22,20.56,RBW,1297,-122.6050,39.3710
106,2018-08-09 14:00:00,12.7,7.65,98036.0,102763.73,,42.0,102619.48,21.11,RBW,1297,-122.6050,39.3710
107,2018-08-09 15:00:00,13.0,9.0,98104.0,102835.0,,43.0,102673.08,22.22,RBW,1297,-122.6050,39.3710
108,2018-08-09 16:00:00,13.5,8.53,98104.0,102835.0,,34.0,102621.06,25.56,RBW,1297,-122.6050,39.3710
109,2018-08-09 17:00:00,14.3,10.86,98104.0,102835.0,26.82,36.0,102595.6,27.22,RBW,1297,-122.6050,39.3710
110,2018-08-09 18:00:00,14.3,9.01,98104.0,102835.0,28.55,27.0,102553.71,30.0,RBW,1297,-122.6050,39.3710
111,2018-08-09 19:00:00,14.2,8.56,98036.0,102763.73,30.38,23.0,102449.73,32.22,RBW,1297,-122.6050,39.3710
112,2018-08-09 20:00:00,14.2,7.45,98002.0,102728.09,31.27,20.0,102397.95,33.33,RBW,1297,-122.6050,39.3710
113,2018-08-09 21:00:00,14.2,8.1,97934.0,102656.81,32.93,19.0,102302.66,35.0,RBW,1297,-122.6050,39.3710
114,2018-08-09 22:00:00,14.1,8.56,97901.0,102622.21,33.55,19.0,102260.12,35.56,RBW,1297,-122.6050,39.3710
115,2018-08-09 23:00:00,14.0,10.73,97867.0,102586.58,33.96,22.0,102224.57,35.56,RBW,1297,-122.6050,39.3710
116,2018-08-11 01:00:00,12.9,9.66,97901.0,102622.21,31.04,24.0,102300.42,32.78,RBW,1297,-122.6050,39.3710
117,2018-08-11 02:00:00,12.9,1.81,97901.0,102622.21,31.42,13.0,102284.35,33.89,RBW,1297,-122.6050,39.3710
118,2018-08-11 03:00:00,12.9,1.95,97901.0,102622.21,30.45,14.0,102300.54,32.78,RBW,1297,-122.6050,39.3710
119,2018-08-11 04:00:00,12.9,0.48,97901.0,102622.21,29.95,13.0,102308.76,32.22,RBW,1297,-122.6050,39.3710
120,2018-08-11 05:00:00,12.9,-0.84,97934.0,102656.81,28.57,13.0,102367.8,30.56,RBW,1297,-122.6050,39.3710
121,2018-08-11 06:00:00,12.9,-1.48,97968.0,102692.45,28.91,12.0,102395.18,31.11,RBW,1297,-122.6050,39.3710
122,2018-08-11 07:00:00,12.9,-1.18,97968.0,102692.45,27.28,14.0,102428.3,28.89,RBW,1297,-122.6050,39.3710
123,2018-08-11 08:00:00,12.8,4.26,97968.0,102692.45,,29.0,102513.42,23.33,RBW,1297,-122.6050,39.3710
124,2018-08-11 09:00:00,12.8,3.27,97968.0,102692.45,,31.0,102548.36,21.11,RBW,1297,-122.6050,39.3710
125,2018-08-11 10:00:00,12.7,0.88,97968.0,102692.45,,29.0,102575.02,19.44,RBW,1297,-122.6050,39.3710
126,2018-08-11 11:00:00,12.7,1.27,97968.0,102692.45,,32.0,102592.89,18.33,RBW,1297,-122.6050,39.3710
127,2018-08-11 12:00:00,12.7,2.2,97968.0,102692.45,,38.0,102619.87,16.67,RBW,1297,-122.6050,39.3710
128,2018-08-11 13:00:00,12.6,1.54,98002.0,102728.09,,35.0,102646.51,17.22,RBW,1297,-122.6050,39.3710
129,2018-08-11 14:00:00,12.7,2.2,98036.0,102763.73,,38.0,102691.1,16.67,RBW,1297,-122.6050,39.3710
130,2018-08-11 15:00:00,13.0,2.8,98070.0,102799.36,,28.0,102637.59,22.22,RBW,1297,-122.6050,39.3710
131,2018-08-11 16:00:00,13.6,5.21,98138.0,102870.64,,28.0,102665.33,25.0,RBW,1297,-122.6050,39.3710
132,2018-08-11 17:00:00,14.1,6.07,98104.0,102835.0,26.41,26.0,102595.69,27.22,RBW,1297,-122.6050,39.3710
133,2018-08-11 18:00:00,14.3,4.89,98104.0,102835.0,27.82,21.0,102562.16,29.44,RBW,1297,-122.6050,39.3710
134,2018-08-11 19:00:00,14.3,6.07,98104.0,102835.0,29.67,20.0,102528.94,31.67,RBW,1297,-122.6050,39.3710
135,2018-08-11 20:00:00,14.2,6.53,98036.0,102763.73,30.18,20.0,102449.76,32.22,RBW,1297,-122.6050,39.3710
136,2018-08-11 21:00:00,14.2,7.45,98002.0,102728.09,31.27,20.0,102397.95,33.33,RBW,1297,-122.6050,39.3710
137,2018-08-11 22:00:00,14.2,8.63,97934.0,102656.81,31.94,21.0,102318.73,33.89,RBW,1297,-122.6050,39.3710
138,2018-08-11 23:00:00,13.9,10.27,97867.0,102586.58,31.14,25.0,102264.88,32.78,RBW,1297,-122.6050,39.3710
139,2018-08-13 01:00:00,13.4,7.91,97731.0,102444.02,30.31,22.0,102131.01,32.22,RBW,1297,-122.6050,39.3710
140,2018-08-13 02:00:00,13.0,8.06,97697.0,102408.38,27.63,27.0,102144.84,28.89,RBW,1297,-122.6050,39.3710
141,2018-08-13 03:00:00,12.9,7.96,97765.0,102479.66,,35.0,102283.72,24.44,RBW,1297,-122.6050,39.3710
142,2018-08-13 04:00:00,12.9,7.94,97799.0,102515.3,,40.0,102353.89,22.22,RBW,1297,-122.6050,39.3710
143,2018-08-13 05:00:00,12.9,7.07,97867.0,102586.58,,39.0,102433.73,21.67,RBW,1297,-122.6050,39.3710
144,2018-08-13 06:00:00,12.9,7.29,97867.0,102586.58,,41.0,102442.58,21.11,RBW,1297,-122.6050,39.3710
145,2018-08-13 07:00:00,12.8,5.9,97901.0,102622.21,,36.0,102469.34,21.67,RBW,1297,-122.6050,39.3710
146,2018-08-13 08:00:00,12.8,5.29,97901.0,102622.21,,41.0,102513.65,18.89,RBW,1297,-122.6050,39.3710
147,2018-08-13 09:00:00,12.8,3.72,97901.0,102622.21,,32.0,102478.23,21.11,RBW,1297,-122.6050,39.3710
148,2018-08-13 10:00:00,12.8,4.01,97901.0,102622.21,,35.0,102495.88,20.0,RBW,1297,-122.6050,39.3710
149,2018-08-13 11:00:00,12.7,4.28,97934.0,102656.81,,41.0,102566.15,17.78,RBW,1297,-122.6050,39.3710
150,2018-08-13 12:00:00,12.7,4.19,97934.0,102656.81,,38.0,102548.22,18.89,RBW,1297,-122.6050,39.3710
151,2018-08-13 13:00:00,12.7,3.81,97934.0,102656.81,,37.0,102548.22,18.89,RBW,1297,-122.6050,39.3710
152,2018-08-13 14:00:00,12.7,5.23,98002.0,102728.09,,47.0,102655.44,16.67,RBW,1297,-122.6050,39.3710
153,2018-08-13 15:00:00,13.2,5.06,98036.0,102763.73,,39.0,102646.17,19.44,RBW,1297,-122.6050,39.3710
154,2018-08-13 16:00:00,13.6,5.71,98036.0,102763.73,,31.0,102575.82,23.89,RBW,1297,-122.6050,39.3710
155,2018-08-13 17:00:00,14.3,3.27,98036.0,102763.73,26.97,20.0,102507.79,28.33,RBW,1297,-122.6050,39.3710
156,2018-08-13 18:00:00,14.3,3.48,98036.0,102763.73,27.77,19.0,102491.09,29.44,RBW,1297,-122.6050,39.3710
157,2018-08-13 19:00:00,14.2,3.94,98002.0,102728.09,28.21,19.0,102447.16,30.0,RBW,1297,-122.6050,39.3710
158,2018-08-13 20:00:00,14.2,4.87,97968.0,102692.45,29.14,19.0,102395.11,31.11,RBW,1297,-122.6050,39.3710
159,2018-08-13 21:00:00,14.2,4.87,97901.0,102622.21,29.14,19.0,102325.08,31.11,RBW,1297,-122.6050,39.3710
160,2018-08-13 22:00:00,14.2,5.79,97867.0,102586.58,30.13,19.0,102273.16,32.22,RBW,1297,-122.6050,39.3710
161,2018-08-13 23:00:00,14.2,6.71,97765.0,102479.66,31.2,19.0,102150.33,33.33,RBW,1297,-122.6050,39.3710
162,2018-08-14 00:00:00,14.1,6.99,97731.0,102444.02,30.72,20.0,102122.83,32.78,RBW,1297,-122.6050,39.3710
163,2018-08-14 01:00:00,13.7,7.7,97697.0,102408.38,30.79,21.0,102087.29,32.78,RBW,1297,-122.6050,39.3710
164,2018-08-14 02:00:00,13.3,9.5,97697.0,102408.38,29.06,27.0,102119.92,30.56,RBW,1297,-122.6050,39.3710
165,2018-08-14 03:00:00,12.9,8.96,97697.0,102408.38,,35.0,102195.31,25.56,RBW,1297,-122.6050,39.3710
166,2018-08-14 04:00:00,12.9,9.86,97731.0,102444.02,,44.0,102273.91,22.78,RBW,1297,-122.6050,39.3710
167,2018-08-14 05:00:00,12.9,8.84,97765.0,102479.66,,44.0,102326.94,21.67,RBW,1297,-122.6050,39.3710
168,2018-08-14 06:00:00,12.9,7.56,97765.0,102479.66,,39.0,102318.31,22.22,RBW,1297,-122.6050,39.3710
169,2018-08-14 07:00:00,12.8,7.83,97799.0,102515.3,,44.0,102380.11,20.56,RBW,1297,-122.6050,39.3710
170,2018-08-14 08:00:00,12.8,6.8,97799.0,102515.3,,41.0,102380.13,20.56,RBW,1297,-122.6050,39.3710
171,2018-08-14 09:00:00,12.8,5.8,97799.0,102515.3,,37.0,102371.43,21.11,RBW,1297,-122.6050,39.3710
172,2018-08-14 10:00:00,12.8,5.43,97799.0,102515.3,,40.0,102398.02,19.44,RBW,1297,-122.6050,39.3710
173,2018-08-14 11:00:00,12.8,5.97,97799.0,102515.3,,43.0,102406.83,18.89,RBW,1297,-122.6050,39.3710
174,2018-08-14 12:00:00,12.7,5.78,97799.0,102515.3,,41.0,102398.01,19.44,RBW,1297,-122.6050,39.3710
175,2018-08-14 13:00:00,12.7,5.94,97833.0,102550.94,,46.0,102460.35,17.78,RBW,1297,-122.6050,39.3710
176,2018-08-14 14:00:00,12.7,6.64,97867.0,102586.58,,50.0,102505.04,17.22,RBW,1297,-122.6050,39.3710
177,2018-08-14 15:00:00,13.1,6.93,97901.0,102622.21,,40.0,102478.18,21.11,RBW,1297,-122.6050,39.3710
178,2018-08-14 16:00:00,13.6,3.37,97901.0,102622.21,,23.0,102400.36,26.11,RBW,1297,-122.6050,39.3710
179,2018-08-14 17:00:00,14.3,1.8,97901.0,102622.21,26.93,18.0,102366.65,28.33,RBW,1297,-122.6050,39.3710
180,2018-08-14 18:00:00,14.3,-0.74,97867.0,102586.58,27.7,14.0,102314.46,29.44,RBW,1297,-122.6050,39.3710
181,2018-08-14 19:00:00,14.2,0.61,97833.0,102550.94,29.03,14.0,102254.06,31.11,RBW,1297,-122.6050,39.3710
182,2018-08-14 20:00:00,14.2,2.45,97799.0,102515.3,29.99,15.0,102202.15,32.22,RBW,1297,-122.6050,39.3710
183,2018-08-14 21:00:00,14.2,2.39,97765.0,102479.66,30.95,14.0,102150.39,33.33,RBW,1297,-122.6050,39.3710
184,2018-08-14 22:00:00,14.2,3.81,97697.0,102408.38,31.5,15.0,102071.19,33.89,RBW,1297,-122.6050,39.3710
185,2018-08-14 23:00:00,14.1,5.12,97630.0,102338.15,31.07,17.0,102009.3,33.33,RBW,1297,-122.6050,39.3710
186,2018-08-15 00:00:00,14.0,6.25,97630.0,102338.15,30.66,19.0,102017.3,32.78,RBW,1297,-122.6050,39.3710
187,2018-08-15 01:00:00,13.5,7.62,97630.0,102338.15,29.32,23.0,102041.79,31.11,RBW,1297,-122.6050,39.3710
188,2018-08-15 02:00:00,13.2,7.98,97596.0,102302.51,28.02,26.0,102031.02,29.44,RBW,1297,-122.6050,39.3710
189,2018-08-15 03:00:00,12.9,7.17,97630.0,102338.15,26.15,29.0,102108.32,26.67,RBW,1297,-122.6050,39.3710
190,2018-08-15 04:00:00,12.9,7.69,97663.0,102372.74,,38.0,102202.79,22.78,RBW,1297,-122.6050,39.3710
191,2018-08-15 05:00:00,12.9,8.16,97697.0,102408.38,,42.0,102255.78,21.67,RBW,1297,-122.6050,39.3710
192,2018-08-15 06:00:00,12.9,7.32,97731.0,102444.02,,44.0,102317.84,20.0,RBW,1297,-122.6050,39.3710
193,2018-08-15 07:00:00,12.8,7.32,97731.0,102444.02,,44.0,102317.84,20.0,RBW,1297,-122.6050,39.3710
194,2018-08-15 08:00:00,12.8,7.14,97765.0,102479.66,,45.0,102362.39,19.44,RBW,1297,-122.6050,39.3710
195,2018-08-15 09:00:00,12.8,6.76,97765.0,102479.66,,47.0,102380.23,18.33,RBW,1297,-122.6050,39.3710
196,2018-08-15 10:00:00,12.8,6.44,97799.0,102515.3,,46.0,102415.84,18.33,RBW,1297,-122.6050,39.3710
197,2018-08-15 11:00:00,12.8,6.34,97799.0,102515.3,,49.0,102433.82,17.22,RBW,1297,-122.6050,39.3710
198,2018-08-15 12:00:00,12.7,6.93,97833.0,102550.94,,51.0,102469.42,17.22,RBW,1297,-122.6050,39.3710
199,2018-08-15 13:00:00,12.7,6.7,97833.0,102550.94,,52.0,102478.39,16.67,RBW,1297,-122.6050,39.3710
200,2018-08-15 14:00:00,12.7,6.73,97901.0,102622.21,,54.0,102558.79,16.11,RBW,1297,-122.6050,39.3710
201,2018-08-15 15:00:00,13.2,6.98,97968.0,102692.45,,43.0,102565.97,20.0,RBW,1297,-122.6050,39.3710
202,2018-08-15 16:00:00,13.6,8.18,97968.0,102692.45,,38.0,102513.36,23.33,RBW,1297,-122.6050,39.3710
203,2018-08-15 17:00:00,14.4,9.45,98002.0,102728.09,,35.0,102505.91,26.11,RBW,1297,-122.6050,39.3710
204,2018-08-15 18:00:00,14.3,8.62,97968.0,102692.45,27.29,29.0,102436.6,28.33,RBW,1297,-122.6050,39.3710
205,2018-08-15 19:00:00,14.3,9.01,97968.0,102692.45,28.55,27.0,102411.54,30.0,RBW,1297,-122.6050,39.3710
206,2018-08-15 20:00:00,14.2,8.94,97934.0,102656.81,29.0,26.0,102367.66,30.56,RBW,1297,-122.6050,39.3710
207,2018-08-15 21:00:00,14.2,9.79,97867.0,102586.58,30.55,25.0,102273.1,32.22,RBW,1297,-122.6050,39.3710
208,2018-08-15 22:00:00,14.2,9.03,97833.0,102550.94,30.95,23.0,102229.37,32.78,RBW,1297,-122.6050,39.3710
209,2018-08-15 23:00:00,14.2,9.5,97765.0,102479.66,31.53,23.0,102150.29,33.33,RBW,1297,-122.6050,39.3710
210,2018-08-16 00:00:00,14.1,8.84,97765.0,102479.66,31.44,22.0,102150.3,33.33,RBW,1297,-122.6050,39.3710
211,2018-08-16 01:00:00,13.9,10.37,97731.0,102444.02,30.64,26.0,102130.96,32.22,RBW,1297,-122.6050,39.3710
212,2018-08-16 02:00:00,13.3,11.07,97731.0,102444.02,28.83,31.0,102163.75,30.0,RBW,1297,-122.6050,39.3710
213,2018-08-16 03:00:00,12.9,11.77,97765.0,102479.66,27.29,37.0,102232.58,27.78,RBW,1297,-122.6050,39.3710
214,2018-08-16 04:00:00,12.9,11.54,97833.0,102550.94,,46.0,102363.31,23.89,RBW,1297,-122.6050,39.3710
215,2018-08-16 05:00:00,12.9,11.64,97901.0,102622.21,,53.0,102469.23,21.67,RBW,1297,-122.6050,39.3710
216,2018-08-16 06:00:00,12.9,10.64,97934.0,102656.81,,55.0,102530.31,20.0,RBW,1297,-122.6050,39.3710
217,2018-08-16 07:00:00,12.8,10.14,97968.0,102692.45,,57.0,102583.72,18.89,RBW,1297,-122.6050,39.3710
218,2018-08-16 08:00:00,12.8,10.14,97968.0,102692.45,,57.0,102583.72,18.89,RBW,1297,-122.6050,39.3710
219,2018-08-16 09:00:00,12.8,9.8,98002.0,102728.09,,52.0,102601.52,20.0,RBW,1297,-122.6050,39.3710
220,2018-08-16 10:00:00,12.8,9.05,98070.0,102799.36,,53.0,102690.54,18.89,RBW,1297,-122.6050,39.3710
221,2018-08-16 11:00:00,12.8,8.81,98070.0,102799.36,,60.0,102726.61,16.67,RBW,1297,-122.6050,39.3710
222,2018-08-16 12:00:00,12.7,8.49,98070.0,102799.36,,63.0,102744.86,15.56,RBW,1297,-122.6050,39.3710
223,2018-08-16 13:00:00,12.7,9.33,98138.0,102870.64,,60.0,102788.84,17.22,RBW,1297,-122.6050,39.3710
224,2018-08-16 14:00:00,12.7,9.09,98205.0,102940.88,,57.0,102849.89,17.78,RBW,1297,-122.6050,39.3710
225,2018-08-16 15:00:00,13.1,8.81,98239.0,102976.51,,47.0,102840.71,20.56,RBW,1297,-122.6050,39.3710
226,2018-08-16 16:00:00,13.6,9.18,98273.0,103012.15,,38.0,102815.17,24.44,RBW,1297,-122.6050,39.3710
227,2018-08-16 17:00:00,14.3,10.43,98273.0,103012.15,26.78,35.0,102772.35,27.22,RBW,1297,-122.6050,39.3710
228,2018-08-16 18:00:00,14.3,6.2,98273.0,103012.15,27.89,23.0,102738.82,29.44,RBW,1297,-122.6050,39.3710
229,2018-08-16 19:00:00,14.2,4.1,98273.0,103012.15,29.1,18.0,102713.9,31.11,RBW,1297,-122.6050,39.3710
230,2018-08-16 20:00:00,14.2,6.77,98239.0,102976.51,29.72,21.0,102670.02,31.67,RBW,1297,-122.6050,39.3710
231,2018-08-16 21:00:00,14.2,7.91,98205.0,102940.88,30.31,22.0,102626.35,32.22,RBW,1297,-122.6050,39.3710
232,2018-08-16 22:00:00,14.2,8.84,98205.0,102940.88,31.44,22.0,102610.03,33.33,RBW,1297,-122.6050,39.3710
233,2018-08-16 23:00:00,14.1,8.16,98138.0,102870.64,31.35,21.0,102540.04,33.33,RBW,1297,-122.6050,39.3710
234,2018-08-17 00:00:00,14.1,7.92,98138.0,102870.64,31.85,20.0,102531.87,33.89,RBW,1297,-122.6050,39.3710
235,2018-08-17 01:00:00,13.9,8.16,98104.0,102835.0,31.35,21.0,102504.52,33.33,RBW,1297,-122.6050,39.3710
236,2018-08-17 02:00:00,13.3,10.46,98104.0,102835.0,30.15,27.0,102528.87,31.67,RBW,1297,-122.6050,39.3710
237,2018-08-17 03:00:00,12.9,8.15,98138.0,102870.64,26.56,30.0,102631.21,27.22,RBW,1297,-122.6050,39.3710
238,2018-08-17 04:00:00,12.9,8.68,98171.0,102905.24,,38.0,102717.02,23.89,RBW,1297,-122.6050,39.3710
239,2018-08-17 05:00:00,12.9,8.66,98239.0,102976.51,,42.0,102814.37,22.22,RBW,1297,-122.6050,39.3710
240,2018-08-17 06:00:00,12.9,8.67,98307.0,103047.79,,45.0,102903.13,21.11,RBW,1297,-122.6050,39.3710
241,2018-08-17 07:00:00,12.8,7.99,98307.0,103047.79,,43.0,102903.14,21.11,RBW,1297,-122.6050,39.3710
242,2018-08-17 08:00:00,12.8,6.81,98341.0,103083.43,,44.0,102965.48,19.44,RBW,1297,-122.6050,39.3710
243,2018-08-17 09:00:00,12.8,5.31,98341.0,103083.43,,37.0,102947.54,20.56,RBW,1297,-122.6050,39.3710
244,2018-08-17 10:00:00,12.8,4.16,98341.0,103083.43,,33.0,102938.79,21.11,RBW,1297,-122.6050,39.3710
245,2018-08-17 11:00:00,12.8,5.19,98375.0,103119.07,,38.0,102992.11,20.0,RBW,1297,-122.6050,39.3710
246,2018-08-17 12:00:00,12.7,5.78,98375.0,103119.07,,41.0,103001.1,19.44,RBW,1297,-122.6050,39.3710
247,2018-08-17 13:00:00,12.7,5.46,98408.0,103153.66,,43.0,103053.61,18.33,RBW,1297,-122.6050,39.3710
248,2018-08-17 14:00:00,12.7,5.97,98442.0,103189.3,,43.0,103080.13,18.89,RBW,1297,-122.6050,39.3710
249,2018-08-17 15:00:00,13.1,5.8,98476.0,103224.94,,37.0,103080.08,21.11,RBW,1297,-122.6050,39.3710
250,2018-08-17 16:00:00,13.6,6.69,98476.0,103224.94,,29.0,103001.74,26.11,RBW,1297,-122.6050,39.3710
251,2018-08-17 17:00:00,14.3,7.5,98476.0,103224.94,27.58,26.0,102959.32,28.89,RBW,1297,-122.6050,39.3710
252,2018-08-17 18:00:00,14.3,7.62,98476.0,103224.94,29.32,23.0,102926.02,31.11,RBW,1297,-122.6050,39.3710
253,2018-08-17 19:00:00,14.2,1.95,98442.0,103189.3,30.45,14.0,102865.85,32.78,RBW,1297,-122.6050,39.3710
254,2018-08-17 20:00:00,14.2,4.25,98375.0,103119.07,32.03,15.0,102771.53,34.44,RBW,1297,-122.6050,39.3710
255,2018-08-17 21:00:00,14.2,5.62,98341.0,103083.43,32.65,16.0,102727.86,35.0,RBW,1297,-122.6050,39.3710
256,2018-08-17 22:00:00,14.1,5.16,98307.0,103047.79,33.13,15.0,102684.25,35.56,RBW,1297,-122.6050,39.3710
257,2018-08-17 23:00:00,14.1,5.16,98239.0,102976.51,33.13,15.0,102613.23,35.56,RBW,1297,-122.6050,39.3710
258,2018-08-18 00:00:00,14.0,4.7,98205.0,102940.88,32.57,15.0,102585.81,35.0,RBW,1297,-122.6050,39.3710
259,2018-08-18 01:00:00,13.5,5.58,98171.0,102905.24,31.62,17.0,102566.39,33.89,RBW,1297,-122.6050,39.3710
260,2018-08-18 02:00:00,12.9,7.29,98171.0,102905.24,28.39,24.0,102623.78,30.0,RBW,1297,-122.6050,39.3710
261,2018-08-18 03:00:00,12.9,6.69,98205.0,102940.88,,29.0,102718.28,26.11,RBW,1297,-122.6050,39.3710
262,2018-08-18 04:00:00,12.9,5.23,98239.0,102976.51,,29.0,102779.67,24.44,RBW,1297,-122.6050,39.3710
263,2018-08-18 05:00:00,12.9,5.23,98307.0,103047.79,,29.0,102850.81,24.44,RBW,1297,-122.6050,39.3710
264,2018-08-18 06:00:00,12.9,5.23,98307.0,103047.79,,29.0,102850.81,24.44,RBW,1297,-122.6050,39.3710
265,2018-08-18 07:00:00,12.8,4.21,98307.0,103047.79,,27.0,102850.83,24.44,RBW,1297,-122.6050,39.3710
266,2018-08-18 08:00:00,12.8,3.77,98341.0,103083.43,,28.0,102903.74,23.33,RBW,1297,-122.6050,39.3710
267,2018-08-18 09:00:00,12.8,4.26,98341.0,103083.43,,29.0,102903.73,23.33,RBW,1297,-122.6050,39.3710
268,2018-08-18 10:00:00,12.8,4.58,98341.0,103083.43,,34.0,102938.79,21.11,RBW,1297,-122.6050,39.3710
269,2018-08-18 11:00:00,12.8,4.1,98341.0,103083.43,,34.0,102947.56,20.56,RBW,1297,-122.6050,39.3710
270,2018-08-18 12:00:00,12.7,4.41,98375.0,103119.07,,36.0,102992.12,20.0,RBW,1297,-122.6050,39.3710
271,2018-08-18 13:00:00,12.7,4.96,98375.0,103119.07,,43.0,103028.0,17.78,RBW,1297,-122.6050,39.3710
272,2018-08-18 14:00:00,12.6,5.06,98408.0,103153.66,,39.0,103035.66,19.44,RBW,1297,-122.6050,39.3710
273,2018-08-18 15:00:00,12.9,4.7,98442.0,103189.3,,32.0,103026.89,22.22,RBW,1297,-122.6050,39.3710
274,2018-08-18 16:00:00,13.6,7.54,98476.0,103224.94,,34.0,103027.59,24.44,RBW,1297,-122.6050,39.3710
275,2018-08-18 17:00:00,14.3,6.93,98476.0,103224.94,27.54,25.0,102959.33,28.89,RBW,1297,-122.6050,39.3710
276,2018-08-18 18:00:00,14.3,6.77,98442.0,103189.3,29.72,21.0,102882.18,31.67,RBW,1297,-122.6050,39.3710
277,2018-08-18 19:00:00,14.2,7.45,98442.0,103189.3,31.27,20.0,102857.69,33.33,RBW,1297,-122.6050,39.3710
278,2018-08-18 20:00:00,14.2,6.85,98375.0,103119.07,32.24,18.0,102771.49,34.44,RBW,1297,-122.6050,39.3710
279,2018-08-18 21:00:00,14.1,6.95,98307.0,103047.79,33.32,17.0,102684.23,35.56,RBW,1297,-122.6050,39.3710
280,2018-08-18 22:00:00,14.1,6.53,98239.0,102976.51,33.8,16.0,102605.29,36.11,RBW,1297,-122.6050,39.3710
281,2018-08-18 23:00:00,14.1,6.06,98171.0,102905.24,34.28,15.0,102526.25,36.67,RBW,1297,-122.6050,39.3710
282,2018-08-19 00:00:00,14.1,6.08,98138.0,102870.64,33.22,16.0,102507.72,35.56,RBW,1297,-122.6050,39.3710
283,2018-08-19 01:00:00,13.6,4.7,98104.0,102835.0,32.57,15.0,102480.3,35.0,RBW,1297,-122.6050,39.3710
284,2018-08-19 02:00:00,13.1,7.23,98070.0,102799.36,30.24,21.0,102485.28,32.22,RBW,1297,-122.6050,39.3710
285,2018-08-19 03:00:00,12.9,6.66,98070.0,102799.36,26.12,28.0,102568.51,26.67,RBW,1297,-122.6050,39.3710
286,2018-08-19 04:00:00,12.9,5.72,98104.0,102835.0,,30.0,102638.42,24.44,RBW,1297,-122.6050,39.3710
287,2018-08-19 05:00:00,12.9,5.72,98138.0,102870.64,,30.0,102673.99,24.44,RBW,1297,-122.6050,39.3710
288,2018-08-19 06:00:00,12.9,5.18,98104.0,102835.0,,27.0,102621.12,25.56,RBW,1297,-122.6050,39.3710
289,2018-08-19 07:00:00,12.9,3.67,98104.0,102835.0,,26.0,102638.45,24.44,RBW,1297,-122.6050,39.3710
290,2018-08-19 08:00:00,12.8,3.78,98138.0,102870.64,,29.0,102699.94,22.78,RBW,1297,-122.6050,39.3710
291,2018-08-19 09:00:00,12.8,3.29,98104.0,102835.0,,28.0,102664.36,22.78,RBW,1297,-122.6050,39.3710
292,2018-08-19 10:00:00,12.8,3.3,98104.0,102835.0,,29.0,102673.17,22.22,RBW,1297,-122.6050,39.3710
293,2018-08-19 11:00:00,12.8,2.8,98104.0,102835.0,,28.0,102673.17,22.22,RBW,1297,-122.6050,39.3710
294,2018-08-19 12:00:00,12.7,3.27,98104.0,102835.0,,31.0,102690.72,21.11,RBW,1297,-122.6050,39.3710
295,2018-08-19 13:00:00,12.7,3.42,98104.0,102835.0,,36.0,102726.24,18.89,RBW,1297,-122.6050,39.3710
296,2018-08-19 14:00:00,12.7,3.6,98138.0,102870.64,,34.0,102744.0,20.0,RBW,1297,-122.6050,39.3710
297,2018-08-19 15:00:00,13.1,4.24,98138.0,102870.64,,31.0,102708.74,22.22,RBW,1297,-122.6050,39.3710
298,2018-08-19 16:00:00,13.4,5.24,98138.0,102870.64,,30.0,102682.55,23.89,RBW,1297,-122.6050,39.3710
299,2018-08-19 17:00:00,13.9,6.07,98104.0,102835.0,26.41,26.0,102595.69,27.22,RBW,1297,-122.6050,39.3710
300,2018-08-19 18:00:00,14.3,6.03,98104.0,102835.0,28.31,22.0,102553.76,30.0,RBW,1297,-122.6050,39.3710
