,date_time,fuel_moisture_set_1,wind_cardinal_direction_set_1d,wind_gust_set_1,volt_set_1,dew_point_temperature_set_1d,peak_wind_direction_set_1,fuel_temp_set_1,precip_accum_set_1,wind_direction_set_1,wind_speed_set_1,peak_wind_speed_set_1,solar_radiation_set_1,relative_humidity_set_1,air_temp_set_1,_meta_station_id,_meta_elevation,_meta_longitude,_meta_latitude
0,2018-08-01 00:08:00,4.8,W,9.84,13.5,3.25,250.0,26.11,0.762,280.0,4.92,9.84,507.0,27.0,23.33,TS924,7841,-121.627806,40.806722
1,2018-08-01 01:08:00,4.8,WNW,9.39,13.5,3.25,262.0,26.11,0.762,296.0,3.58,9.39,136.0,27.0,23.33,TS924,7841,-121.627806,40.806722
2,2018-08-01 02:08:00,4.7,W,8.49,13.5,5.78,244.0,20.56,0.762,264.0,4.92,8.49,133.0,41.0,19.44,TS924,7841,-121.627806,40.806722
3,2018-08-01 03:08:00,4.8,WSW,7.15,13.2,5.12,251.0,18.33,0.762,254.0,4.02,7.15,94.0,42.0,18.33,TS924,7841,-121.627806,40.806722
4,2018-08-01 04:08:00,5.0,W,5.81,13.0,2.12,247.0,16.11,0.762,267.0,3.58,5.81,5.0,34.0,18.33,TS924,7841,-121.627806,40.806722
5,2018-08-01 05:08:00,5.0,WSW,4.92,13.0,1.63,261.0,15.0,0.762,258.0,2.23,4.92,0.0,34.0,17.78,TS924,7841,-121.627806,40.806722
6,2018-08-01 06:08:00,5.2,WSW,3.13,12.9,0.35,262.0,15.0,0.762,258.0,1.79,3.13,0.0,31.0,17.78,TS924,7841,-121.627806,40.806722
7,2018-08-01 07:08:00,5.3,WSW,4.02,12.9,9.71,264.0,14.44,0.762,252.0,2.68,4.02,0.0,66.0,16.11,TS924,7841,-121.627806,40.806722
8,2018-08-01 08:08:00,5.6,SW,4.47,12.9,2.2,230.0,14.44,0.762,226.0,4.02,4.47,0.0,38.0,16.67,TS924,7841,-121.627806,40.806722
9,2018-08-01 09:08:00,5.8,S,6.7,12.9,2.42,215.0,13.33,0.762,189.0,4.47,6.7,0.0,40.0,16.11,TS924,7841,-121.627806,40.806722
10,2018-08-01 10:08:00,6.0,SSW,5.81,12.8,-1.07,203.0,12.78,0.762,202.0,4.47,5.81,0.0,30.0,16.67,TS924,7841,-121.627806,40.806722
11,2018-08-01 11:08:00,6.2,SSW,7.6,12.8,-0.26,208.0,13.33,0.762,207.0,5.81,7.6,0.0,33.0,16.11,TS924,7841,-121.627806,40.806722
12,2018-08-01 12:08:00,6.4,SW,9.39,12.8,0.65,215.0,15.0,0.762,218.0,7.6,9.39,0.0,34.0,16.67,TS924,7841,-121.627806,40.806722
13,2018-08-01 13:08:00,6.5,SW,10.28,12.8,1.7,213.0,14.44,0.762,219.0,8.49,10.28,1.0,38.0,16.11,TS924,7841,-121.627806,40.806722
14,2018-08-01 14:08:00,6.5,SW,10.28,13.4,1.44,225.0,16.11,0.762,226.0,8.05,10.28,83.0,36.0,16.67,TS924,7841,-121.627806,40.806722
15,2018-08-01 15:08:00,6.6,WSW,9.84,13.4,0.72,228.0,18.89,0.762,243.0,6.26,9.84,290.0,33.0,17.22,TS924,7841,-121.627806,40.806722
16,2018-08-01 16:08:00,6.6,SW,9.84,13.3,1.22,244.0,20.0,0.762,229.0,7.6,9.84,495.0,33.0,17.78,TS924,7841,-121.627806,40.806722
17,2018-08-01 17:08:00,6.4,SW,12.07,13.3,1.32,229.0,22.22,0.762,232.0,9.39,12.07,680.0,31.0,18.89,TS924,7841,-121.627806,40.806722
18,2018-08-01 18:08:00,6.4,SW,11.62,13.3,4.81,239.0,24.44,0.762,229.0,7.6,11.62,829.0,37.0,20.0,TS924,7841,-121.627806,40.806722
19,2018-08-01 19:08:00,6.3,SW,12.07,13.3,4.65,239.0,27.22,0.762,229.0,6.7,12.07,925.0,33.0,21.67,TS924,7841,-121.627806,40.806722
20,2018-08-01 20:08:00,5.9,SW,12.96,13.3,4.65,231.0,27.78,0.762,221.0,8.49,12.96,965.0,33.0,21.67,TS924,7841,-121.627806,40.806722
21,2018-08-01 21:08:00,5.8,WSW,12.07,13.3,6.89,243.0,28.33,0.762,250.0,5.37,12.07,950.0,36.0,22.78,TS924,7841,-121.627806,40.806722
22,2018-08-01 22:08:00,5.7,WSW,12.52,13.3,7.07,231.0,26.11,0.762,253.0,6.7,12.52,894.0,39.0,21.67,TS924,7841,-121.627806,40.806722
23,2018-08-01 23:08:00,5.6,W,12.52,13.4,6.56,246.0,23.89,0.762,261.0,7.6,12.52,763.0,39.0,21.11,TS924,7841,-121.627806,40.806722
24,2018-08-02 00:08:00,5.6,W,14.31,13.6,5.31,259.0,22.22,0.762,266.0,8.49,14.31,491.0,37.0,20.56,TS924,7841,-121.627806,40.806722
25,2018-08-02 01:08:00,5.8,W,12.96,13.5,4.69,283.0,21.11,0.762,259.0,8.49,12.96,148.0,38.0,19.44,TS924,7841,-121.627806,40.806722
26,2018-08-02 02:08:00,5.8,W,13.86,13.4,1.7,276.0,18.89,0.762,261.0,8.94,13.86,134.0,33.0,18.33,TS924,7841,-121.627806,40.806722
27,2018-08-02 03:08:00,5.8,W,12.07,13.1,4.61,253.0,16.11,0.762,265.0,8.05,12.07,80.0,45.0,16.67,TS924,7841,-121.627806,40.806722
28,2018-08-02 04:08:00,6.0,W,10.73,13.0,4.72,256.0,15.0,0.762,262.0,7.15,10.73,2.0,47.0,16.11,TS924,7841,-121.627806,40.806722
29,2018-08-02 05:08:00,6.1,W,9.84,13.0,3.44,262.0,14.44,0.762,267.0,6.7,9.84,0.0,43.0,16.11,TS924,7841,-121.627806,40.806722
30,2018-08-02 06:08:00,6.3,WSW,9.39,12.9,0.83,266.0,13.89,0.762,249.0,4.92,9.39,0.0,37.0,15.56,TS924,7841,-121.627806,40.806722
31,2018-08-02 07:08:00,6.4,WSW,7.6,12.9,-0.83,254.0,13.33,0.762,242.0,5.81,7.6,0.0,34.0,15.0,TS924,7841,-121.627806,40.806722
32,2018-08-02 08:08:00,6.5,SW,8.49,12.9,-2.99,224.0,13.33,0.762,229.0,6.7,8.49,0.0,29.0,15.0,TS924,7841,-121.627806,40.806722
33,2018-08-02 09:08:00,6.5,SW,8.49,12.9,-3.48,216.0,13.33,0.762,220.0,7.6,8.49,0.0,29.0,14.44,TS924,7841,-121.627806,40.806722
34,2018-08-02 10:08:00,6.5,SW,9.39,12.8,-3.48,227.0,13.33,0.762,224.0,8.49,9.39,0.0,29.0,14.44,TS924,7841,-121.627806,40.806722
35,2018-08-02 11:08:00,6.5,SW,10.28,12.8,-1.82,232.0,12.78,0.762,223.0,8.94,10.28,0.0,34.0,13.89,TS924,7841,-121.627806,40.806722
36,2018-08-02 12:08:00,6.4,SW,11.17,12.8,1.75,230.0,12.22,0.762,220.0,9.39,11.17,0.0,44.0,13.89,TS924,7841,-121.627806,40.806722
37,2018-08-02 13:08:00,6.5,SW,11.62,12.8,0.07,220.0,12.78,0.762,226.0,9.84,11.62,1.0,39.0,13.89,TS924,7841,-121.627806,40.806722
38,2018-08-02 14:08:00,6.6,SW,11.17,13.5,-0.55,226.0,14.44,0.762,226.0,9.84,11.17,96.0,36.0,14.44,TS924,7841,-121.627806,40.806722
39,2018-08-02 15:08:00,6.7,SW,11.62,14.1,-0.05,235.0,16.11,0.762,232.0,8.94,11.62,288.0,36.0,15.0,TS924,7841,-121.627806,40.806722
40,2018-08-02 16:08:00,6.9,SW,11.17,13.9,-5.12,244.0,18.33,0.762,234.0,8.49,11.17,498.0,23.0,16.11,TS924,7841,-121.627806,40.806722
41,2018-08-02 17:08:00,6.5,WSW,9.84,13.3,0.35,238.0,22.22,0.762,244.0,4.92,9.84,666.0,31.0,17.78,TS924,7841,-121.627806,40.806722
42,2018-08-02 18:08:00,6.5,W,9.39,13.3,2.12,246.0,23.33,0.762,266.0,4.92,9.39,831.0,34.0,18.33,TS924,7841,-121.627806,40.806722
43,2018-08-02 19:08:00,6.5,W,8.49,13.4,1.36,267.0,26.11,0.762,260.0,4.92,8.49,934.0,29.0,20.0,TS924,7841,-121.627806,40.806722
44,2018-08-02 20:08:00,5.7,WNW,7.6,13.3,2.81,263.0,28.33,0.762,282.0,4.02,7.6,972.0,30.0,21.11,TS924,7841,-121.627806,40.806722
45,2018-08-02 21:08:00,5.8,W,10.73,13.3,1.36,270.0,26.67,0.762,272.0,5.37,10.73,971.0,28.0,20.56,TS924,7841,-121.627806,40.806722
46,2018-08-02 22:08:00,5.7,W,10.73,13.3,-0.54,258.0,27.22,0.762,272.0,5.37,10.73,914.0,22.0,22.22,TS924,7841,-121.627806,40.806722
47,2018-08-02 23:08:00,5.4,WNW,11.62,13.7,-2.52,257.0,26.67,0.762,300.0,4.92,11.62,784.0,19.0,22.22,TS924,7841,-121.627806,40.806722
48,2018-08-03 00:08:00,5.3,NW,10.73,13.5,-3.25,266.0,25.56,0.762,305.0,4.47,10.73,512.0,18.0,22.22,TS924,7841,-121.627806,40.806722
49,2018-08-03 01:08:00,5.1,NW,9.84,13.6,-2.57,265.0,23.33,0.762,310.0,3.58,9.84,173.0,21.0,20.56,TS924,7841,-121.627806,40.806722
50,2018-08-03 02:08:00,5.0,W,7.15,13.4,-2.59,321.0,18.33,0.762,267.0,4.02,7.15,122.0,25.0,17.78,TS924,7841,-121.627806,40.806722
51,2018-08-03 03:08:00,4.9,WSW,8.05,13.1,0.94,254.0,15.0,0.762,252.0,4.47,8.05,53.0,36.0,16.11,TS924,7841,-121.627806,40.806722
52,2018-08-03 04:08:00,4.9,WSW,8.49,13.0,3.08,254.0,13.33,0.762,248.0,5.81,8.49,2.0,45.0,15.0,TS924,7841,-121.627806,40.806722
53,2018-08-03 05:08:00,5.0,WSW,8.49,13.0,1.26,245.0,12.78,0.762,243.0,5.37,8.49,0.0,41.0,14.44,TS924,7841,-121.627806,40.806722
54,2018-08-03 06:08:00,5.1,W,8.05,13.0,4.93,246.0,12.78,0.762,266.0,4.92,8.05,0.0,55.0,13.89,TS924,7841,-121.627806,40.806722
55,2018-08-03 07:08:00,5.3,W,6.7,12.9,1.75,260.0,12.78,0.762,261.0,4.92,6.7,0.0,44.0,13.89,TS924,7841,-121.627806,40.806722
56,2018-08-03 08:08:00,5.5,SW,6.26,12.9,3.89,267.0,11.11,0.762,228.0,4.02,6.26,0.0,55.0,12.78,TS924,7841,-121.627806,40.806722
57,2018-08-03 09:08:00,5.7,SW,5.81,12.9,1.36,205.0,10.56,0.762,222.0,3.58,5.81,0.0,46.0,12.78,TS924,7841,-121.627806,40.806722
58,2018-08-03 10:08:00,5.8,SSW,4.47,12.8,0.84,198.0,8.89,0.762,194.0,4.02,4.47,0.0,46.0,12.22,TS924,7841,-121.627806,40.806722
59,2018-08-03 11:08:00,6.0,SSE,4.02,12.8,1.5,155.0,7.22,0.762,152.0,3.58,4.02,0.0,50.0,11.67,TS924,7841,-121.627806,40.806722
60,2018-08-03 12:08:00,6.3,SSW,5.81,12.8,1.78,191.0,7.78,0.762,195.0,4.47,5.81,0.0,51.0,11.67,TS924,7841,-121.627806,40.806722
61,2018-08-03 13:08:00,6.5,S,5.81,12.8,0.34,202.0,7.22,0.762,190.0,4.02,5.81,1.0,46.0,11.67,TS924,7841,-121.627806,40.806722
62,2018-08-03 14:08:00,6.9,SSW,5.81,13.4,1.05,201.0,11.11,0.762,199.0,4.02,5.81,77.0,45.0,12.78,TS924,7841,-121.627806,40.806722
63,2018-08-03 15:08:00,7.2,S,8.05,13.5,2.25,230.0,16.67,0.762,181.0,3.13,8.05,280.0,44.0,14.44,TS924,7841,-121.627806,40.806722
64,2018-08-03 16:08:00,7.4,SSW,5.37,13.4,2.42,205.0,21.11,0.762,197.0,3.13,5.37,491.0,40.0,16.11,TS924,7841,-121.627806,40.806722
65,2018-08-03 17:08:00,7.4,SSW,5.37,13.3,2.82,210.0,24.44,0.762,206.0,4.02,5.37,675.0,37.0,17.78,TS924,7841,-121.627806,40.806722
66,2018-08-03 18:08:00,7.2,SW,8.49,13.2,2.53,205.0,25.0,0.762,214.0,5.37,8.49,822.0,35.0,18.33,TS924,7841,-121.627806,40.806722
67,2018-08-03 19:08:00,7.0,WSW,8.94,13.3,4.69,226.0,25.0,0.762,248.0,4.02,8.94,920.0,38.0,19.44,TS924,7841,-121.627806,40.806722
68,2018-08-03 20:08:00,6.5,W,8.49,13.3,0.39,206.0,26.67,0.762,260.0,4.47,8.49,968.0,28.0,19.44,TS924,7841,-121.627806,40.806722
69,2018-08-03 21:08:00,6.5,W,8.49,13.3,-0.15,239.0,26.67,0.762,277.0,4.47,8.49,951.0,26.0,20.0,TS924,7841,-121.627806,40.806722
70,2018-08-03 22:08:00,5.9,WNW,9.84,13.3,-2.76,236.0,26.67,0.762,286.0,4.47,9.84,884.0,20.0,21.11,TS924,7841,-121.627806,40.806722
71,2018-08-03 23:08:00,5.7,NW,11.17,13.3,-2.11,268.0,25.56,0.762,310.0,4.02,11.17,761.0,21.0,21.11,TS924,7841,-121.627806,40.806722
72,2018-08-04 00:08:00,5.5,NNW,10.73,14.0,-1.82,351.0,22.78,0.762,336.0,3.58,10.73,455.0,23.0,20.0,TS924,7841,-121.627806,40.806722
73,2018-08-04 01:08:00,5.4,NW,10.73,13.7,-1.55,245.0,18.89,0.762,304.0,3.58,10.73,204.0,27.0,17.78,TS924,7841,-121.627806,40.806722
74,2018-08-04 02:08:00,5.3,W,8.49,13.3,-0.34,289.0,15.56,0.762,273.0,5.37,8.49,82.0,34.0,15.56,TS924,7841,-121.627806,40.806722
75,2018-08-04 03:08:00,5.3,W,8.94,13.1,-0.55,264.0,13.89,0.762,274.0,5.81,8.94,22.0,36.0,14.44,TS924,7841,-121.627806,40.806722
76,2018-08-04 04:08:00,5.4,W,8.49,13.0,1.75,247.0,12.78,0.762,269.0,6.26,8.49,1.0,44.0,13.89,TS924,7841,-121.627806,40.806722
77,2018-08-04 05:08:00,5.5,W,10.28,12.9,-0.66,271.0,12.22,0.762,268.0,7.15,10.28,0.0,37.0,13.89,TS924,7841,-121.627806,40.806722
78,2018-08-04 06:08:00,5.6,WSW,9.84,12.9,0.84,270.0,11.11,0.762,252.0,5.37,9.84,0.0,46.0,12.22,TS924,7841,-121.627806,40.806722
79,2018-08-04 07:08:00,5.7,SW,8.05,12.9,-1.09,261.0,10.56,0.762,235.0,6.26,8.05,0.0,40.0,12.22,TS924,7841,-121.627806,40.806722
80,2018-08-04 08:08:00,5.7,SSW,8.05,12.9,-3.4,220.0,8.89,0.762,200.0,4.92,8.05,0.0,35.0,11.67,TS924,7841,-121.627806,40.806722
81,2018-08-04 09:08:00,5.8,S,6.7,12.8,-1.76,207.0,7.78,0.762,191.0,4.92,6.7,0.0,41.0,11.11,TS924,7841,-121.627806,40.806722
82,2018-08-04 10:08:00,6.0,S,6.7,12.8,-1.29,183.0,7.22,0.762,190.0,4.92,6.7,0.0,44.0,10.56,TS924,7841,-121.627806,40.806722
83,2018-08-04 11:08:00,6.2,S,5.37,12.8,-3.64,191.0,6.11,0.762,189.0,3.58,5.37,0.0,37.0,10.56,TS924,7841,-121.627806,40.806722
84,2018-08-04 12:08:00,6.3,SSW,7.6,12.8,-3.89,193.0,7.22,0.762,205.0,5.37,7.6,0.0,35.0,11.11,TS924,7841,-121.627806,40.806722
85,2018-08-04 13:08:00,6.4,SSW,8.49,12.7,-8.77,187.0,7.22,0.762,203.0,5.81,8.49,1.0,25.0,10.56,TS924,7841,-121.627806,40.806722
86,2018-08-04 14:08:00,6.6,SSW,7.6,13.5,-6.82,212.0,11.11,0.762,207.0,5.37,7.6,88.0,27.0,11.67,TS924,7841,-121.627806,40.806722
87,2018-08-04 15:08:00,6.7,SW,8.49,13.6,-3.7,226.0,13.33,0.762,224.0,5.81,8.49,278.0,33.0,12.22,TS924,7841,-121.627806,40.806722
88,2018-08-04 16:08:00,6.8,SW,8.49,14.3,-2.91,238.0,15.0,0.762,229.0,6.7,8.49,479.0,35.0,12.22,TS924,7841,-121.627806,40.806722
89,2018-08-04 17:08:00,6.8,WSW,9.39,13.4,0.76,246.0,18.89,0.762,238.0,5.81,9.39,671.0,41.0,13.89,TS924,7841,-121.627806,40.806722
90,2018-08-04 18:08:00,6.8,WSW,9.39,13.4,0.45,236.0,21.11,0.762,253.0,4.92,9.39,834.0,36.0,15.56,TS924,7841,-121.627806,40.806722
91,2018-08-04 19:08:00,6.5,W,9.84,13.4,0.15,279.0,21.67,0.762,278.0,5.37,9.84,900.0,34.0,16.11,TS924,7841,-121.627806,40.806722
92,2018-08-04 20:08:00,6.6,NW,10.73,13.5,-0.63,287.0,22.78,0.762,307.0,3.58,10.73,902.0,31.0,16.67,TS924,7841,-121.627806,40.806722
93,2018-08-04 21:08:00,6.2,W,12.52,13.4,-3.01,269.0,21.67,0.762,278.0,5.81,12.52,934.0,26.0,16.67,TS924,7841,-121.627806,40.806722
94,2018-08-04 22:08:00,6.0,NW,13.86,13.4,-3.13,253.0,22.22,0.762,310.0,5.37,13.86,893.0,24.0,17.78,TS924,7841,-121.627806,40.806722
95,2018-08-04 23:08:00,5.9,WNW,14.75,13.4,-2.01,268.0,20.0,0.762,292.0,5.81,14.75,696.0,28.0,16.67,TS924,7841,-121.627806,40.806722
96,2018-08-05 00:08:00,5.7,WNW,12.07,13.6,-1.12,326.0,18.33,0.762,294.0,4.47,12.07,402.0,31.0,16.11,TS924,7841,-121.627806,40.806722
97,2018-08-05 01:08:00,5.7,NNW,9.39,13.6,-0.68,335.0,17.78,0.762,335.0,2.23,9.39,214.0,32.0,16.11,TS924,7841,-121.627806,40.806722
98,2018-08-05 02:08:00,5.6,NW,7.6,13.6,-1.04,345.0,15.0,0.762,320.0,4.02,7.6,122.0,36.0,13.89,TS924,7841,-121.627806,40.806722
99,2018-08-05 03:08:00,5.6,WNW,6.7,13.1,-1.29,309.0,11.67,0.762,282.0,3.13,6.7,45.0,38.0,12.78,TS924,7841,-121.627806,40.806722
100,2018-08-05 04:08:00,5.7,W,8.94,13.0,-0.28,286.0,10.0,0.762,277.0,5.37,8.94,2.0,44.0,11.67,TS924,7841,-121.627806,40.806722
101,2018-08-05 05:08:00,5.7,WSW,9.39,12.9,-1.43,254.0,10.0,0.762,242.0,5.37,9.39,0.0,42.0,11.11,TS924,7841,-121.627806,40.806722
102,2018-08-05 06:08:00,5.9,WSW,8.05,12.9,-0.38,233.0,8.89,0.762,242.0,4.47,8.05,0.0,47.0,10.56,TS924,7841,-121.627806,40.806722
103,2018-08-05 07:08:00,5.9,WNW,5.37,12.9,-1.76,246.0,8.33,0.762,285.0,2.23,5.37,0.0,41.0,11.11,TS924,7841,-121.627806,40.806722
104,2018-08-05 08:08:00,6.1,W,3.13,12.9,-1.29,246.0,7.22,0.762,267.0,1.34,3.13,0.0,44.0,10.56,TS924,7841,-121.627806,40.806722
105,2018-08-05 09:08:00,6.1,W,2.68,12.9,-1.93,244.0,7.22,0.762,272.0,1.34,2.68,0.0,42.0,10.56,TS924,7841,-121.627806,40.806722
106,2018-08-05 10:08:00,6.4,SE,5.81,12.8,1.02,139.0,6.67,0.762,132.0,4.92,5.81,0.0,56.0,9.44,TS924,7841,-121.627806,40.806722
107,2018-08-05 11:08:00,6.6,SE,6.26,12.8,0.25,123.0,6.11,0.762,144.0,4.02,6.26,0.0,53.0,9.44,TS924,7841,-121.627806,40.806722
108,2018-08-05 12:08:00,6.8,SSE,5.81,12.8,0.25,145.0,6.11,0.762,151.0,5.37,5.81,0.0,53.0,9.44,TS924,7841,-121.627806,40.806722
109,2018-08-05 13:08:00,7.0,SSE,7.6,12.7,-0.56,148.0,6.67,0.762,149.0,6.7,7.6,1.0,50.0,9.44,TS924,7841,-121.627806,40.806722
110,2018-08-05 14:08:00,7.3,SSE,8.05,13.4,-0.68,154.0,9.44,0.762,153.0,6.7,8.05,70.0,46.0,10.56,TS924,7841,-121.627806,40.806722
111,2018-08-05 15:08:00,7.6,SSE,7.6,14.3,-0.59,165.0,14.44,0.762,159.0,5.37,7.6,269.0,40.0,12.78,TS924,7841,-121.627806,40.806722
112,2018-08-05 16:08:00,7.7,SSE,7.15,13.4,-0.43,157.0,18.89,0.762,162.0,4.92,7.15,476.0,35.0,15.0,TS924,7841,-121.627806,40.806722
113,2018-08-05 17:08:00,7.6,S,6.26,13.3,0.65,162.0,23.89,0.762,175.0,3.13,6.26,666.0,34.0,16.67,TS924,7841,-121.627806,40.806722
114,2018-08-05 18:08:00,7.0,SSE,5.37,13.3,0.72,193.0,26.11,0.762,148.0,2.23,5.37,817.0,33.0,17.22,TS924,7841,-121.627806,40.806722
115,2018-08-05 19:08:00,7.1,S,5.81,13.3,2.62,146.0,26.67,0.762,191.0,2.68,5.81,880.0,34.0,18.89,TS924,7841,-121.627806,40.806722
116,2018-08-05 20:08:00,6.5,NW,8.94,13.3,2.2,22.0,25.0,0.762,326.0,4.02,8.94,911.0,38.0,16.67,TS924,7841,-121.627806,40.806722
117,2018-08-05 21:08:00,6.3,NNW,8.05,13.3,5.46,307.0,26.11,0.762,345.0,3.58,8.05,886.0,43.0,18.33,TS924,7841,-121.627806,40.806722
118,2018-08-05 22:08:00,6.2,WNW,9.39,13.3,4.78,307.0,25.56,0.762,301.0,3.13,9.39,776.0,41.0,18.33,TS924,7841,-121.627806,40.806722
119,2018-08-05 23:08:00,6.2,W,8.05,13.4,3.03,222.0,24.44,0.762,261.0,4.02,8.05,707.0,35.0,18.89,TS924,7841,-121.627806,40.806722
120,2018-08-06 00:08:00,5.8,W,8.05,13.5,3.08,267.0,17.78,0.762,263.0,5.37,8.05,354.0,45.0,15.0,TS924,7841,-121.627806,40.806722
121,2018-08-06 01:08:00,6.0,W,8.05,13.5,2.46,262.0,14.44,0.762,265.0,4.47,8.05,209.0,48.0,13.33,TS924,7841,-121.627806,40.806722
122,2018-08-06 02:08:00,6.0,W,5.81,13.4,-1.42,241.0,14.44,0.762,267.0,3.13,5.81,148.0,35.0,13.89,TS924,7841,-121.627806,40.806722
123,2018-08-06 03:08:00,6.1,WSW,4.92,13.1,-4.91,260.0,12.78,0.762,257.0,3.58,4.92,44.0,27.0,13.89,TS924,7841,-121.627806,40.806722
124,2018-08-06 04:08:00,6.2,WNW,4.47,13.0,0.25,239.0,11.11,0.762,302.0,2.68,4.47,2.0,41.0,13.33,TS924,7841,-121.627806,40.806722
125,2018-08-06 05:08:00,6.2,NNW,4.02,12.9,1.36,312.0,10.0,0.762,336.0,2.68,4.02,0.0,46.0,12.78,TS924,7841,-121.627806,40.806722
126,2018-08-06 06:08:00,6.2,NNW,4.47,12.9,0.41,336.0,9.44,0.762,341.0,1.79,4.47,0.0,43.0,12.78,TS924,7841,-121.627806,40.806722
127,2018-08-06 07:08:00,6.4,NNW,4.92,12.9,1.44,345.0,9.44,0.762,347.0,3.13,4.92,0.0,48.0,12.22,TS924,7841,-121.627806,40.806722
128,2018-08-06 08:08:00,6.5,NNE,4.47,12.9,2.01,1.0,8.89,0.762,12.0,1.79,4.47,0.0,50.0,12.22,TS924,7841,-121.627806,40.806722
129,2018-08-06 09:08:00,6.6,E,2.68,12.8,-0.42,38.0,7.78,0.762,96.0,1.79,2.68,0.0,42.0,12.22,TS924,7841,-121.627806,40.806722
130,2018-08-06 10:08:00,6.9,NE,2.23,12.8,0.93,52.0,7.22,0.762,49.0,0.9,2.23,0.0,48.0,11.67,TS924,7841,-121.627806,40.806722
131,2018-08-06 11:08:00,7.1,SSE,3.58,12.8,-2.03,158.0,6.11,0.762,158.0,3.13,3.58,0.0,36.0,12.78,TS924,7841,-121.627806,40.806722
132,2018-08-06 12:08:00,7.3,SSE,4.47,12.8,-2.53,162.0,7.78,0.762,161.0,3.13,4.47,0.0,36.0,12.22,TS924,7841,-121.627806,40.806722
133,2018-08-06 13:08:00,7.5,SSE,4.47,12.8,-0.75,163.0,7.78,0.762,160.0,4.02,4.47,0.0,41.0,12.22,TS924,7841,-121.627806,40.806722
134,2018-08-06 14:08:00,7.6,SSE,4.92,13.1,1.36,164.0,10.0,0.762,157.0,3.58,4.92,39.0,46.0,12.78,TS924,7841,-121.627806,40.806722
135,2018-08-06 15:08:00,7.9,SSE,6.26,14.0,0.76,167.0,13.89,0.762,158.0,4.47,6.26,178.0,41.0,13.89,TS924,7841,-121.627806,40.806722
136,2018-08-06 16:08:00,8.0,SSE,5.81,13.4,2.27,159.0,17.78,0.762,160.0,4.47,5.81,358.0,41.0,15.56,TS924,7841,-121.627806,40.806722
137,2018-08-06 17:08:00,7.9,SSE,7.15,13.4,0.94,154.0,21.67,0.762,167.0,5.37,7.15,520.0,36.0,16.11,TS924,7841,-121.627806,40.806722
138,2018-08-06 18:08:00,7.8,SSE,6.7,13.4,1.14,161.0,25.0,0.762,164.0,4.02,6.7,668.0,34.0,17.22,TS924,7841,-121.627806,40.806722
139,2018-08-06 19:08:00,7.3,S,5.37,13.2,-0.68,158.0,28.33,0.762,174.0,1.79,5.37,795.0,25.0,20.0,TS924,7841,-121.627806,40.806722
140,2018-08-06 20:08:00,6.7,SSE,5.37,13.3,2.33,290.0,30.0,0.762,155.0,2.23,5.37,838.0,28.0,21.67,TS924,7841,-121.627806,40.806722
141,2018-08-06 21:08:00,6.4,SSE,5.37,13.3,3.3,190.0,32.22,0.762,167.0,2.68,5.37,877.0,29.0,22.22,TS924,7841,-121.627806,40.806722
142,2018-08-06 22:08:00,5.9,W,5.37,13.3,4.65,226.0,28.33,0.762,280.0,2.68,5.37,822.0,33.0,21.67,TS924,7841,-121.627806,40.806722
143,2018-08-06 23:08:00,5.8,NW,6.7,13.5,4.21,341.0,27.22,0.762,320.0,4.02,6.7,738.0,32.0,21.67,TS924,7841,-121.627806,40.806722
144,2018-08-07 00:08:00,5.8,NW,8.05,13.6,0.86,330.0,25.56,0.762,323.0,4.92,8.05,475.0,27.0,20.56,TS924,7841,-121.627806,40.806722
145,2018-08-07 01:08:00,5.6,NW,9.39,13.7,0.37,340.0,23.33,0.762,318.0,5.81,9.39,204.0,27.0,20.0,TS924,7841,-121.627806,40.806722
146,2018-08-07 02:08:00,5.5,NW,7.15,13.5,-2.89,336.0,21.11,0.762,309.0,4.02,7.15,124.0,22.0,19.44,TS924,7841,-121.627806,40.806722
147,2018-08-07 03:08:00,5.5,NW,6.26,13.1,-9.67,310.0,17.78,0.762,325.0,4.02,6.26,64.0,14.0,18.33,TS924,7841,-121.627806,40.806722
148,2018-08-07 04:08:00,5.5,N,4.92,13.0,-6.92,1.0,15.56,0.762,2.0,4.02,4.92,1.0,18.0,17.78,TS924,7841,-121.627806,40.806722
149,2018-08-07 05:08:00,5.4,NNE,4.47,13.0,-5.38,20.0,15.0,0.762,21.0,3.58,4.47,0.0,21.0,17.22,TS924,7841,-121.627806,40.806722
150,2018-08-07 06:08:00,5.3,NNE,7.15,12.9,0.15,17.0,14.44,0.762,15.0,5.81,7.15,0.0,34.0,16.11,TS924,7841,-121.627806,40.806722
151,2018-08-07 07:08:00,5.3,NNE,7.15,12.9,0.15,28.0,14.44,0.762,25.0,6.26,7.15,0.0,34.0,16.11,TS924,7841,-121.627806,40.806722
152,2018-08-07 08:08:00,5.4,NE,7.15,12.9,2.27,37.0,13.33,0.762,56.0,5.81,7.15,0.0,41.0,15.56,TS924,7841,-121.627806,40.806722
153,2018-08-07 09:08:00,5.5,ESE,7.6,12.9,2.61,102.0,13.33,0.762,104.0,6.7,7.6,0.0,42.0,15.56,TS924,7841,-121.627806,40.806722
154,2018-08-07 10:08:00,5.7,E,7.15,12.9,2.43,103.0,13.33,0.762,100.0,6.7,7.15,0.0,43.0,15.0,TS924,7841,-121.627806,40.806722
155,2018-08-07 11:08:00,5.9,E,8.49,12.9,3.39,108.0,13.33,0.762,99.0,6.7,8.49,0.0,46.0,15.0,TS924,7841,-121.627806,40.806722
156,2018-08-07 12:08:00,6.1,ESE,8.49,12.8,3.27,106.0,13.33,0.762,111.0,7.15,8.49,0.0,44.0,15.56,TS924,7841,-121.627806,40.806722
157,2018-08-07 13:08:00,6.4,ESE,8.94,12.8,0.83,109.0,13.33,0.762,115.0,6.26,8.94,0.0,37.0,15.56,TS924,7841,-121.627806,40.806722
158,2018-08-07 14:08:00,6.6,SE,7.6,13.0,-2.01,126.0,14.44,0.762,127.0,6.7,7.6,34.0,28.0,16.67,TS924,7841,-121.627806,40.806722
159,2018-08-07 15:08:00,6.7,SE,8.94,13.5,-3.13,139.0,17.78,0.762,144.0,7.6,8.94,208.0,24.0,17.78,TS924,7841,-121.627806,40.806722
160,2018-08-07 16:08:00,6.7,SSE,9.84,13.4,-2.19,152.0,21.11,0.762,157.0,6.7,9.84,361.0,24.0,18.89,TS924,7841,-121.627806,40.806722
161,2018-08-07 17:08:00,6.6,SSE,12.52,13.3,-2.76,157.0,25.0,0.762,161.0,7.15,12.52,573.0,20.0,21.11,TS924,7841,-121.627806,40.806722
162,2018-08-07 18:08:00,6.3,SSE,11.17,13.2,-3.09,164.0,29.44,0.762,164.0,4.92,11.17,752.0,17.0,23.33,TS924,7841,-121.627806,40.806722
163,2018-08-07 19:08:00,5.9,SSE,7.15,13.2,-1.6,162.0,32.78,0.762,157.0,4.92,7.15,850.0,19.0,23.33,TS924,7841,-121.627806,40.806722
164,2018-08-07 20:08:00,5.4,SSE,7.15,13.2,-2.54,163.0,35.0,0.762,157.0,4.47,7.15,885.0,16.0,25.0,TS924,7841,-121.627806,40.806722
165,2018-08-07 21:08:00,5.0,S,6.26,13.2,-0.95,155.0,36.67,0.762,178.0,3.13,6.26,881.0,18.0,25.0,TS924,7841,-121.627806,40.806722
166,2018-08-07 22:08:00,4.8,NNW,6.7,13.1,2.08,344.0,31.67,0.762,338.0,4.47,6.7,827.0,24.0,23.89,TS924,7841,-121.627806,40.806722
167,2018-08-07 23:08:00,4.8,NW,9.84,13.6,4.75,346.0,28.33,0.762,326.0,6.7,9.84,711.0,30.0,23.33,TS924,7841,-121.627806,40.806722
168,2018-08-08 00:08:00,4.7,NNW,10.73,13.8,3.78,332.0,27.22,0.762,329.0,6.7,10.73,454.0,29.0,22.78,TS924,7841,-121.627806,40.806722
169,2018-08-08 01:08:00,4.7,WNW,8.05,13.7,3.77,330.0,26.11,0.762,297.0,3.13,8.05,224.0,28.0,23.33,TS924,7841,-121.627806,40.806722
170,2018-08-08 02:08:00,4.8,SW,4.02,13.4,2.17,296.0,24.44,0.762,234.0,0.9,4.02,121.0,25.0,23.33,TS924,7841,-121.627806,40.806722
171,2018-08-08 03:08:00,4.7,WSW,2.23,13.1,-0.29,40.0,19.44,0.762,250.0,1.34,2.23,60.0,24.0,21.11,TS924,7841,-121.627806,40.806722
172,2018-08-08 04:08:00,4.7,S,2.68,13.0,0.34,171.0,15.56,0.762,175.0,1.79,2.68,1.0,26.0,20.56,TS924,7841,-121.627806,40.806722
173,2018-08-08 05:08:00,4.9,S,2.23,13.0,-1.82,150.0,13.89,0.762,169.0,1.34,2.23,0.0,23.0,20.0,TS924,7841,-121.627806,40.806722
174,2018-08-08 06:08:00,4.9,S,2.68,13.0,-2.89,134.0,13.33,0.762,173.0,0.45,2.68,0.0,22.0,19.44,TS924,7841,-121.627806,40.806722
175,2018-08-08 07:08:00,5.0,SSW,3.58,12.9,-1.63,144.0,13.89,0.762,193.0,2.68,3.58,0.0,25.0,18.89,TS924,7841,-121.627806,40.806722
176,2018-08-08 08:08:00,5.2,ESE,4.02,12.9,-1.1,157.0,14.44,0.762,121.0,3.13,4.02,0.0,26.0,18.89,TS924,7841,-121.627806,40.806722
177,2018-08-08 09:08:00,5.3,SSE,4.92,12.9,-1.63,150.0,13.89,0.762,147.0,4.47,4.92,0.0,25.0,18.89,TS924,7841,-121.627806,40.806722
178,2018-08-08 10:08:00,5.4,SSE,5.81,12.9,-2.19,155.0,14.44,0.762,151.0,4.02,5.81,0.0,24.0,18.89,TS924,7841,-121.627806,40.806722
179,2018-08-08 11:08:00,5.4,SSE,6.26,12.9,-2.11,147.0,14.44,0.762,151.0,5.37,6.26,0.0,25.0,18.33,TS924,7841,-121.627806,40.806722
180,2018-08-08 12:08:00,5.5,SSE,6.26,12.8,-1.55,148.0,13.89,0.762,155.0,3.58,6.26,0.0,27.0,17.78,TS924,7841,-121.627806,40.806722
181,2018-08-08 13:08:00,5.6,SSE,4.92,12.8,-3.23,161.0,12.78,0.762,167.0,4.02,4.92,0.0,23.0,18.33,TS924,7841,-121.627806,40.806722
182,2018-08-08 14:08:00,5.6,SSE,4.92,13.2,-7.9,163.0,15.0,0.762,168.0,4.02,4.92,49.0,15.0,19.44,TS924,7841,-121.627806,40.806722
183,2018-08-08 15:08:00,5.8,S,4.02,13.3,-11.22,171.0,21.67,0.762,172.0,2.68,4.02,233.0,10.0,21.67,TS924,7841,-121.627806,40.806722
184,2018-08-08 16:08:00,5.7,SSW,3.13,13.3,-9.5,156.0,27.22,0.762,195.0,1.79,3.13,445.0,10.0,23.89,TS924,7841,-121.627806,40.806722
185,2018-08-08 17:08:00,5.3,SSW,3.13,13.1,-8.3,179.0,30.56,0.762,205.0,2.23,3.13,624.0,11.0,23.89,TS924,7841,-121.627806,40.806722
186,2018-08-08 18:08:00,5.2,SSW,4.92,13.1,1.6,212.0,30.56,0.762,212.0,3.58,4.92,754.0,24.0,23.33,TS924,7841,-121.627806,40.806722
187,2018-08-08 19:08:00,5.0,SW,7.15,13.6,2.17,241.0,30.0,0.762,222.0,5.37,7.15,880.0,25.0,23.33,TS924,7841,-121.627806,40.806722
188,2018-08-08 20:08:00,4.9,WSW,8.49,13.2,5.22,221.0,31.11,0.762,253.0,3.13,8.49,920.0,31.0,23.33,TS924,7841,-121.627806,40.806722
189,2018-08-08 21:08:00,4.6,SW,8.49,13.2,8.78,200.0,31.67,0.762,236.0,4.47,8.49,908.0,37.0,24.44,TS924,7841,-121.627806,40.806722
190,2018-08-08 22:08:00,4.8,WSW,8.94,13.2,8.81,233.0,28.33,0.762,244.0,4.92,8.94,863.0,41.0,22.78,TS924,7841,-121.627806,40.806722
191,2018-08-08 23:08:00,4.9,W,8.05,13.6,8.5,236.0,26.11,0.762,269.0,4.47,8.05,754.0,43.0,21.67,TS924,7841,-121.627806,40.806722
192,2018-08-09 00:08:00,4.9,WSW,9.39,13.6,7.49,253.0,23.33,0.762,256.0,5.81,9.39,461.0,43.0,20.56,TS924,7841,-121.627806,40.806722
193,2018-08-09 01:08:00,5.0,WSW,8.49,13.6,4.01,245.0,22.22,0.762,257.0,5.37,8.49,223.0,35.0,20.0,TS924,7841,-121.627806,40.806722
194,2018-08-09 02:08:00,5.1,SW,8.05,13.4,0.39,224.0,20.56,0.762,231.0,6.7,8.05,121.0,28.0,19.44,TS924,7841,-121.627806,40.806722
195,2018-08-09 03:08:00,5.1,WSW,8.05,13.1,-5.76,226.0,17.78,0.762,238.0,4.92,8.05,69.0,19.0,18.33,TS924,7841,-121.627806,40.806722
196,2018-08-09 04:08:00,5.2,WSW,5.37,13.0,-12.65,226.0,16.11,0.762,239.0,3.58,5.37,1.0,11.0,18.33,TS924,7841,-121.627806,40.806722
197,2018-08-09 05:08:00,5.1,WSW,4.47,13.0,-14.64,228.0,15.56,0.762,240.0,2.23,4.47,0.0,9.0,18.89,TS924,7841,-121.627806,40.806722
198,2018-08-09 06:08:00,5.1,SW,3.58,12.9,-13.37,228.0,16.11,0.762,224.0,2.68,3.58,0.0,10.0,18.89,TS924,7841,-121.627806,40.806722
199,2018-08-09 07:08:00,4.9,SSW,3.58,12.9,-11.59,211.0,13.89,0.762,194.0,2.23,3.58,0.0,12.0,18.33,TS924,7841,-121.627806,40.806722
200,2018-08-09 08:08:00,4.8,SSE,2.23,12.9,-12.65,202.0,11.67,0.762,161.0,1.79,2.23,0.0,11.0,18.33,TS924,7841,-121.627806,40.806722
201,2018-08-09 09:08:00,4.9,SE,3.13,12.8,-4.18,142.0,11.67,0.762,134.0,3.13,3.13,0.0,23.0,17.22,TS924,7841,-121.627806,40.806722
202,2018-08-09 10:08:00,4.9,ESE,5.81,12.8,-4.76,116.0,13.33,0.762,118.0,5.37,5.81,0.0,22.0,17.22,TS924,7841,-121.627806,40.806722
203,2018-08-09 11:08:00,4.9,SE,6.7,12.8,-6.01,131.0,14.44,0.762,133.0,5.81,6.7,0.0,20.0,17.22,TS924,7841,-121.627806,40.806722
204,2018-08-09 12:08:00,5.0,SSE,8.94,12.8,-9.7,149.0,13.89,0.762,148.0,8.05,8.94,0.0,15.0,17.22,TS924,7841,-121.627806,40.806722
205,2018-08-09 13:08:00,5.0,SSE,9.84,12.8,-5.38,150.0,13.89,0.762,150.0,8.49,9.84,0.0,21.0,17.22,TS924,7841,-121.627806,40.806722
206,2018-08-09 14:08:00,5.0,SSE,9.39,13.0,-1.06,152.0,14.44,0.762,154.0,7.15,9.39,29.0,29.0,17.22,TS924,7841,-121.627806,40.806722
207,2018-08-09 15:08:00,5.1,SSE,8.49,13.4,0.4,148.0,19.44,0.762,154.0,7.15,8.49,216.0,29.0,18.89,TS924,7841,-121.627806,40.806722
208,2018-08-09 16:08:00,5.2,S,8.94,13.3,-4.62,154.0,24.44,0.762,169.0,5.81,8.94,445.0,18.0,20.56,TS924,7841,-121.627806,40.806722
209,2018-08-09 17:08:00,5.3,SSW,6.26,13.2,-19.95,173.0,30.56,0.762,200.0,4.02,6.26,640.0,4.0,24.44,TS924,7841,-121.627806,40.806722
210,2018-08-09 18:08:00,5.1,SW,5.37,13.1,-13.86,211.0,30.0,0.762,215.0,4.47,5.37,787.0,7.0,23.89,TS924,7841,-121.627806,40.806722
211,2018-08-09 19:08:00,4.7,SW,6.26,13.2,2.08,220.0,31.67,0.762,215.0,4.47,6.26,880.0,24.0,23.89,TS924,7841,-121.627806,40.806722
212,2018-08-09 20:08:00,4.6,SSW,7.6,13.2,1.81,207.0,32.78,0.762,211.0,4.92,7.6,922.0,22.0,25.0,TS924,7841,-121.627806,40.806722
213,2018-08-09 21:08:00,4.5,SW,7.6,13.2,5.11,223.0,33.89,0.762,222.0,3.13,7.6,912.0,26.0,26.11,TS924,7841,-121.627806,40.806722
214,2018-08-09 22:08:00,4.3,WSW,7.6,13.1,3.6,211.0,31.11,0.762,251.0,4.02,7.6,848.0,25.0,25.0,TS924,7841,-121.627806,40.806722
215,2018-08-09 23:08:00,4.2,WSW,8.05,13.6,4.21,243.0,28.89,0.762,242.0,4.92,8.05,734.0,27.0,24.44,TS924,7841,-121.627806,40.806722
216,2018-08-10 00:08:00,4.3,SW,9.39,13.6,3.78,229.0,26.11,0.762,231.0,6.26,9.39,448.0,29.0,22.78,TS924,7841,-121.627806,40.806722
217,2018-08-10 01:08:00,4.3,SW,12.96,13.5,2.33,219.0,23.89,0.762,222.0,6.7,12.96,226.0,28.0,21.67,TS924,7841,-121.627806,40.806722
218,2018-08-10 02:08:00,4.4,SW,14.31,13.4,-0.76,206.0,21.67,0.762,217.0,8.05,14.31,117.0,24.0,20.56,TS924,7841,-121.627806,40.806722
219,2018-08-10 03:08:00,4.4,SW,11.62,13.1,-0.68,226.0,19.44,0.762,228.0,8.94,11.62,68.0,25.0,20.0,TS924,7841,-121.627806,40.806722
220,2018-08-10 04:08:00,4.4,WSW,9.84,13.0,2.53,224.0,16.67,0.762,240.0,6.26,9.84,1.0,35.0,18.33,TS924,7841,-121.627806,40.806722
221,2018-08-10 05:08:00,4.5,SW,7.6,13.0,3.62,243.0,15.56,0.762,234.0,5.37,7.6,0.0,42.0,16.67,TS924,7841,-121.627806,40.806722
222,2018-08-10 06:08:00,4.6,SW,7.15,12.9,4.61,237.0,15.0,0.762,236.0,5.81,7.15,0.0,45.0,16.67,TS924,7841,-121.627806,40.806722
223,2018-08-10 07:08:00,4.7,SW,8.49,12.9,-1.54,237.0,15.56,0.762,233.0,7.6,8.49,0.0,29.0,16.67,TS924,7841,-121.627806,40.806722
224,2018-08-10 08:08:00,4.9,SW,8.49,12.9,-10.14,226.0,15.0,0.762,236.0,6.7,8.49,0.0,15.0,16.67,TS924,7841,-121.627806,40.806722
225,2018-08-10 09:08:00,5.0,WSW,8.94,12.9,-5.59,219.0,13.89,0.762,242.0,6.26,8.94,0.0,23.0,15.56,TS924,7841,-121.627806,40.806722
226,2018-08-10 10:08:00,5.1,WSW,8.94,12.8,-7.4,245.0,13.89,0.762,258.0,6.7,8.94,0.0,20.0,15.56,TS924,7841,-121.627806,40.806722
227,2018-08-10 11:08:00,5.2,W,8.94,12.8,-1.12,252.0,14.44,0.762,269.0,6.26,8.94,0.0,31.0,16.11,TS924,7841,-121.627806,40.806722
228,2018-08-10 12:08:00,5.1,W,10.28,12.8,1.21,261.0,13.89,0.762,265.0,5.37,10.28,0.0,38.0,15.56,TS924,7841,-121.627806,40.806722
229,2018-08-10 13:08:00,5.1,WSW,7.6,12.8,5.7,247.0,13.33,0.762,255.0,4.92,7.6,0.0,54.0,15.0,TS924,7841,-121.627806,40.806722
230,2018-08-10 14:08:00,5.2,SW,8.05,13.3,3.08,230.0,14.44,0.762,236.0,7.15,8.05,53.0,45.0,15.0,TS924,7841,-121.627806,40.806722
231,2018-08-10 15:08:00,5.4,WSW,8.05,13.4,5.02,232.0,17.78,0.762,246.0,4.92,8.05,247.0,48.0,16.11,TS924,7841,-121.627806,40.806722
232,2018-08-10 16:08:00,5.7,WSW,7.6,13.3,6.25,241.0,20.56,0.762,245.0,5.37,7.6,459.0,47.0,17.78,TS924,7841,-121.627806,40.806722
233,2018-08-10 17:08:00,5.9,SW,8.49,13.3,6.76,243.0,21.67,0.762,230.0,6.7,8.49,648.0,47.0,18.33,TS924,7841,-121.627806,40.806722
234,2018-08-10 18:08:00,6.3,SW,8.94,13.3,7.15,232.0,25.0,0.762,231.0,5.37,8.94,786.0,42.0,20.56,TS924,7841,-121.627806,40.806722
235,2018-08-10 19:08:00,6.3,WSW,8.05,13.2,2.25,218.0,28.89,0.762,256.0,4.02,8.05,900.0,26.0,22.78,TS924,7841,-121.627806,40.806722
236,2018-08-10 20:08:00,5.5,WSW,9.39,13.2,-1.87,240.0,30.56,0.762,258.0,4.02,9.39,949.0,18.0,23.89,TS924,7841,-121.627806,40.806722
237,2018-08-10 21:08:00,5.5,W,7.15,13.2,-1.72,238.0,31.67,0.762,266.0,3.13,7.15,933.0,17.0,25.0,TS924,7841,-121.627806,40.806722
238,2018-08-10 22:08:00,5.2,SW,10.28,13.2,-0.21,245.0,30.56,0.762,234.0,5.37,10.28,870.0,19.0,25.0,TS924,7841,-121.627806,40.806722
239,2018-08-10 23:08:00,5.0,W,11.17,13.6,1.6,287.0,27.78,0.762,264.0,5.37,11.17,751.0,24.0,23.33,TS924,7841,-121.627806,40.806722
240,2018-08-11 00:08:00,4.8,W,10.73,13.4,1.13,270.0,25.56,0.762,262.0,6.26,10.73,453.0,24.0,22.78,TS924,7841,-121.627806,40.806722
241,2018-08-11 01:08:00,4.8,W,11.17,13.4,1.22,260.0,23.89,0.762,266.0,5.37,11.17,211.0,25.0,22.22,TS924,7841,-121.627806,40.806722
242,2018-08-11 02:08:00,4.7,WSW,10.28,13.3,-1.34,261.0,21.11,0.762,252.0,5.81,10.28,87.0,23.0,20.56,TS924,7841,-121.627806,40.806722
243,2018-08-11 03:08:00,4.6,WSW,9.39,13.1,-0.59,244.0,18.33,0.762,245.0,6.26,9.39,62.0,27.0,18.89,TS924,7841,-121.627806,40.806722
244,2018-08-11 04:08:00,4.7,WSW,9.39,13.0,-0.1,251.0,16.67,0.762,256.0,6.7,9.39,1.0,30.0,17.78,TS924,7841,-121.627806,40.806722
245,2018-08-11 05:08:00,4.8,WSW,10.73,13.0,-4.29,238.0,16.11,0.762,240.0,8.05,10.73,0.0,22.0,17.78,TS924,7841,-121.627806,40.806722
246,2018-08-11 06:08:00,4.8,SW,12.52,12.9,-4.18,225.0,16.67,0.762,232.0,9.84,12.52,0.0,23.0,17.22,TS924,7841,-121.627806,40.806722
247,2018-08-11 07:08:00,4.8,SW,12.52,12.9,-0.68,221.0,15.56,0.762,228.0,10.28,12.52,0.0,32.0,16.11,TS924,7841,-121.627806,40.806722
248,2018-08-11 08:08:00,4.8,SW,11.62,12.9,0.06,228.0,14.44,0.762,223.0,9.84,11.62,0.0,35.0,15.56,TS924,7841,-121.627806,40.806722
249,2018-08-11 09:08:00,4.9,SW,12.96,12.8,0.06,228.0,14.44,0.762,227.0,10.73,12.96,0.0,35.0,15.56,TS924,7841,-121.627806,40.806722
250,2018-08-11 10:08:00,5.0,SW,12.52,12.8,0.7,236.0,13.89,0.762,223.0,10.73,12.52,0.0,38.0,15.0,TS924,7841,-121.627806,40.806722
251,2018-08-11 11:08:00,5.1,SW,15.2,12.8,0.56,229.0,13.89,0.762,226.0,12.07,15.2,0.0,39.0,14.44,TS924,7841,-121.627806,40.806722
252,2018-08-11 12:08:00,5.2,SW,15.64,12.8,2.37,222.0,12.78,0.762,236.0,10.28,15.64,0.0,46.0,13.89,TS924,7841,-121.627806,40.806722
253,2018-08-11 13:08:00,5.3,WSW,12.96,12.8,0.92,242.0,12.22,0.762,242.0,9.39,12.96,0.0,43.0,13.33,TS924,7841,-121.627806,40.806722
254,2018-08-11 14:08:00,5.5,SW,15.64,13.2,1.93,227.0,13.89,0.762,230.0,12.96,15.64,45.0,43.0,14.44,TS924,7841,-121.627806,40.806722
255,2018-08-11 15:08:00,5.6,SW,15.64,13.5,2.06,231.0,15.0,0.762,224.0,12.07,15.64,223.0,45.0,13.89,TS924,7841,-121.627806,40.806722
256,2018-08-11 16:08:00,5.8,SW,14.31,13.8,2.43,232.0,16.67,0.762,230.0,12.07,14.31,416.0,43.0,15.0,TS924,7841,-121.627806,40.806722
257,2018-08-11 17:08:00,6.0,SW,15.64,14.1,1.83,219.0,19.44,0.762,221.0,10.28,15.64,588.0,37.0,16.67,TS924,7841,-121.627806,40.806722
258,2018-08-11 18:08:00,6.3,WSW,14.75,13.3,2.2,223.0,22.78,0.762,237.0,8.05,14.75,718.0,33.0,18.89,TS924,7841,-121.627806,40.806722
259,2018-08-11 19:08:00,6.2,WSW,11.17,13.3,3.67,229.0,25.56,0.762,256.0,4.92,11.17,834.0,33.0,20.56,TS924,7841,-121.627806,40.806722
260,2018-08-11 20:08:00,5.9,WSW,11.62,13.3,3.72,242.0,26.67,0.762,249.0,6.26,11.62,912.0,32.0,21.11,TS924,7841,-121.627806,40.806722
261,2018-08-11 21:08:00,5.7,WSW,11.17,13.3,2.33,253.0,26.11,0.762,256.0,7.15,11.17,922.0,29.0,21.11,TS924,7841,-121.627806,40.806722
262,2018-08-11 22:08:00,5.6,WSW,12.96,13.3,0.81,245.0,25.0,0.762,255.0,7.15,12.96,864.0,26.0,21.11,TS924,7841,-121.627806,40.806722
263,2018-08-11 23:08:00,5.4,W,12.96,13.3,2.33,264.0,24.44,0.762,272.0,6.26,12.96,745.0,29.0,21.11,TS924,7841,-121.627806,40.806722
264,2018-08-12 00:08:00,5.3,W,11.17,13.7,3.24,250.0,23.33,0.762,275.0,6.26,11.17,458.0,32.0,20.56,TS924,7841,-121.627806,40.806722
265,2018-08-12 01:08:00,5.2,W,11.62,13.5,4.01,240.0,22.22,0.762,281.0,5.37,11.62,225.0,35.0,20.0,TS924,7841,-121.627806,40.806722
266,2018-08-12 02:08:00,5.3,W,11.62,13.4,3.69,261.0,19.44,0.762,272.0,7.15,11.62,92.0,38.0,18.33,TS924,7841,-121.627806,40.806722
267,2018-08-12 03:08:00,5.3,WSW,11.17,13.1,5.61,246.0,15.56,0.762,244.0,6.7,11.17,71.0,50.0,16.11,TS924,7841,-121.627806,40.806722
268,2018-08-12 04:08:00,5.4,WSW,12.07,13.0,2.94,246.0,14.44,0.762,237.0,9.84,12.07,1.0,43.0,15.56,TS924,7841,-121.627806,40.806722
269,2018-08-12 05:08:00,5.6,SW,12.52,13.0,-3.97,245.0,14.44,0.762,233.0,8.94,12.52,0.0,26.0,15.56,TS924,7841,-121.627806,40.806722
270,2018-08-12 06:08:00,5.7,SW,10.28,13.0,-1.74,242.0,13.33,0.762,234.0,7.6,10.28,0.0,33.0,14.44,TS924,7841,-121.627806,40.806722
271,2018-08-12 07:08:00,5.7,SW,8.94,12.9,0.2,235.0,13.33,0.762,232.0,5.81,8.94,0.0,38.0,14.44,TS924,7841,-121.627806,40.806722
272,2018-08-12 08:08:00,5.8,SW,8.05,12.9,-1.04,225.0,12.78,0.762,222.0,6.26,8.05,0.0,36.0,13.89,TS924,7841,-121.627806,40.806722
273,2018-08-12 09:08:00,5.8,SSW,8.94,12.9,1.24,215.0,10.56,0.762,193.0,4.92,8.94,0.0,44.0,13.33,TS924,7841,-121.627806,40.806722
274,2018-08-12 10:08:00,5.9,SSW,5.81,12.9,0.59,192.0,10.0,0.762,205.0,4.92,5.81,0.0,42.0,13.33,TS924,7841,-121.627806,40.806722
275,2018-08-12 11:08:00,6.0,SSW,7.6,12.8,-0.09,208.0,10.0,0.762,201.0,5.81,7.6,0.0,40.0,13.33,TS924,7841,-121.627806,40.806722
276,2018-08-12 12:08:00,6.2,SSW,7.6,12.8,-1.54,200.0,10.0,0.762,203.0,5.81,7.6,0.0,36.0,13.33,TS924,7841,-121.627806,40.806722
277,2018-08-12 13:08:00,6.4,SSW,8.94,12.8,-3.07,212.0,10.0,0.762,205.0,6.7,8.94,0.0,31.0,13.89,TS924,7841,-121.627806,40.806722
278,2018-08-12 14:08:00,6.6,SSW,9.39,13.4,-4.97,207.0,13.89,0.762,210.0,6.26,9.39,66.0,25.0,15.0,TS924,7841,-121.627806,40.806722
279,2018-08-12 15:08:00,6.7,SSW,9.39,13.5,-1.54,209.0,18.89,0.762,199.0,6.7,9.39,273.0,29.0,16.67,TS924,7841,-121.627806,40.806722
280,2018-08-12 16:08:00,6.4,SSW,9.84,13.4,-4.29,212.0,21.67,0.762,213.0,6.7,9.84,479.0,22.0,17.78,TS924,7841,-121.627806,40.806722
281,2018-08-12 17:08:00,6.3,WSW,8.49,13.3,-3.83,220.0,23.89,0.762,239.0,4.47,8.49,662.0,22.0,18.33,TS924,7841,-121.627806,40.806722
282,2018-08-12 18:08:00,6.1,SW,9.39,13.2,-0.09,223.0,24.44,0.762,223.0,5.81,9.39,810.0,28.0,18.89,TS924,7841,-121.627806,40.806722
283,2018-08-12 19:08:00,6.0,SW,8.05,13.3,3.27,223.0,27.78,0.762,235.0,4.47,8.05,907.0,31.0,21.11,TS924,7841,-121.627806,40.806722
284,2018-08-12 20:08:00,5.8,WSW,9.39,13.3,0.27,227.0,27.22,0.762,240.0,5.37,9.39,955.0,25.0,21.11,TS924,7841,-121.627806,40.806722
285,2018-08-12 21:08:00,5.6,W,8.94,13.3,-2.52,237.0,28.33,0.762,259.0,4.47,8.94,948.0,19.0,22.22,TS924,7841,-121.627806,40.806722
286,2018-08-12 22:08:00,5.4,WSW,10.73,13.4,1.7,241.0,28.33,0.762,243.0,4.92,10.73,884.0,25.0,22.78,TS924,7841,-121.627806,40.806722
287,2018-08-12 23:08:00,5.3,WSW,11.17,13.3,0.81,229.0,25.0,0.762,241.0,6.26,11.17,778.0,26.0,21.11,TS924,7841,-121.627806,40.806722
288,2018-08-13 00:08:00,5.2,WSW,10.73,13.4,0.27,236.0,23.89,0.762,248.0,5.37,10.73,464.0,25.0,21.11,TS924,7841,-121.627806,40.806722
289,2018-08-13 01:08:00,5.0,WSW,9.84,13.4,1.35,224.0,21.67,0.762,254.0,4.92,9.84,225.0,30.0,19.44,TS924,7841,-121.627806,40.806722
290,2018-08-13 02:08:00,4.9,WSW,9.39,13.3,1.14,238.0,18.33,0.762,249.0,5.81,9.39,79.0,34.0,17.22,TS924,7841,-121.627806,40.806722
291,2018-08-13 03:08:00,4.9,WSW,11.62,13.1,-0.75,244.0,14.44,0.762,243.0,7.15,11.62,57.0,33.0,15.56,TS924,7841,-121.627806,40.806722
292,2018-08-13 04:08:00,5.1,WSW,10.28,13.0,-3.46,225.0,13.89,0.762,256.0,5.81,10.28,1.0,27.0,15.56,TS924,7841,-121.627806,40.806722
293,2018-08-13 05:08:00,5.1,WSW,8.49,12.9,-7.87,257.0,13.33,0.762,255.0,4.47,8.49,0.0,20.0,15.0,TS924,7841,-121.627806,40.806722
294,2018-08-13 06:08:00,5.2,SW,7.6,12.9,-2.58,243.0,12.78,0.762,232.0,5.37,7.6,0.0,31.0,14.44,TS924,7841,-121.627806,40.806722
295,2018-08-13 07:08:00,5.2,SW,8.05,12.9,-1.74,235.0,12.78,0.762,233.0,4.92,8.05,0.0,33.0,14.44,TS924,7841,-121.627806,40.806722
296,2018-08-13 08:08:00,5.2,SW,7.6,12.9,-2.58,227.0,12.78,0.762,226.0,6.26,7.6,0.0,31.0,14.44,TS924,7841,-121.627806,40.806722
297,2018-08-13 09:08:00,5.3,SSW,8.05,12.8,-2.22,219.0,12.22,0.762,213.0,6.7,8.05,0.0,33.0,13.89,TS924,7841,-121.627806,40.806722
298,2018-08-13 10:08:00,5.3,SW,8.49,12.8,-4.42,215.0,11.67,0.762,217.0,6.26,8.49,0.0,28.0,13.89,TS924,7841,-121.627806,40.806722
299,2018-08-13 11:08:00,5.4,SSW,8.94,12.8,-5.92,207.0,11.67,0.762,210.0,8.05,8.94,0.0,25.0,13.89,TS924,7841,-121.627806,40.806722
300,2018-08-13 12:08:00,5.5,SSW,8.94,12.8,-3.51,217.0,11.11,0.762,208.0,7.15,8.94,0.0,30.0,13.89,TS924,7841,-121.627806,40.806722
301,2018-08-13 13:08:00,5.5,SSW,8.49,12.7,-7.58,212.0,10.56,0.762,205.0,6.7,8.49,0.0,22.0,13.89,TS924,7841,-121.627806,40.806722
302,2018-08-13 14:08:00,5.6,SSW,8.05,13.4,-11.15,205.0,12.78,0.762,205.0,5.81,8.05,61.0,16.0,14.44,TS924,7841,-121.627806,40.806722
303,2018-08-13 15:08:00,5.7,SSW,7.6,13.9,-12.8,209.0,17.22,0.762,212.0,5.81,7.6,270.0,13.0,15.56,TS924,7841,-121.627806,40.806722
304,2018-08-13 16:08:00,5.8,SSW,8.94,13.4,-10.14,216.0,20.0,0.762,210.0,5.81,8.94,455.0,15.0,16.67,TS924,7841,-121.627806,40.806722
305,2018-08-13 17:08:00,5.6,SSW,8.94,13.3,-6.46,213.0,24.44,0.762,205.0,5.81,8.94,639.0,18.0,18.33,TS924,7841,-121.627806,40.806722
306,2018-08-13 18:08:00,5.3,SSW,10.28,13.3,-2.57,199.0,27.78,0.762,203.0,5.81,10.28,804.0,21.0,20.56,TS924,7841,-121.627806,40.806722
307,2018-08-13 19:08:00,5.4,SW,9.84,13.3,-2.57,233.0,26.11,0.762,230.0,5.37,9.84,902.0,21.0,20.56,TS924,7841,-121.627806,40.806722
308,2018-08-13 20:08:00,5.4,SW,9.84,13.3,-3.25,232.0,28.33,0.762,231.0,5.37,9.84,937.0,18.0,22.22,TS924,7841,-121.627806,40.806722
309,2018-08-13 21:08:00,5.0,SW,8.05,13.3,-1.37,258.0,30.0,0.762,218.0,4.92,8.05,940.0,20.0,22.78,TS924,7841,-121.627806,40.806722
310,2018-08-13 22:08:00,4.8,SW,11.62,13.3,0.75,215.0,27.22,0.762,221.0,7.6,11.62,884.0,25.0,21.67,TS924,7841,-121.627806,40.806722
311,2018-08-13 23:08:00,4.7,WSW,12.07,13.6,-0.29,232.0,25.0,0.762,249.0,5.81,12.07,774.0,24.0,21.11,TS924,7841,-121.627806,40.806722
312,2018-08-14 00:08:00,4.6,WSW,12.52,13.8,0.34,235.0,22.78,0.762,245.0,5.37,12.52,455.0,26.0,20.56,TS924,7841,-121.627806,40.806722
313,2018-08-14 01:08:00,4.6,WSW,10.28,13.5,0.87,266.0,20.56,0.762,255.0,5.81,10.28,224.0,30.0,18.89,TS924,7841,-121.627806,40.806722
314,2018-08-14 02:08:00,4.5,WSW,11.62,13.3,0.79,237.0,18.33,0.762,244.0,6.7,11.62,76.0,32.0,17.78,TS924,7841,-121.627806,40.806722
315,2018-08-14 03:08:00,4.6,SW,11.17,13.1,-1.56,240.0,15.0,0.762,233.0,8.49,11.17,57.0,30.0,16.11,TS924,7841,-121.627806,40.806722
316,2018-08-14 04:08:00,4.7,SW,10.73,13.0,-3.49,222.0,14.44,0.762,235.0,6.26,10.73,1.0,26.0,16.11,TS924,7841,-121.627806,40.806722
317,2018-08-14 05:08:00,4.7,SW,8.49,13.0,-6.17,236.0,13.89,0.762,227.0,6.26,8.49,0.0,22.0,15.56,TS924,7841,-121.627806,40.806722
318,2018-08-14 06:08:00,4.8,SW,8.05,12.9,-8.53,231.0,12.78,0.762,227.0,5.81,8.05,0.0,19.0,15.0,TS924,7841,-121.627806,40.806722
319,2018-08-14 07:08:00,4.8,SW,7.15,12.9,-7.24,228.0,12.78,0.762,231.0,4.47,7.15,0.0,21.0,15.0,TS924,7841,-121.627806,40.806722
320,2018-08-14 08:08:00,4.8,SW,7.15,12.9,-4.93,222.0,12.22,0.762,217.0,4.92,7.15,0.0,26.0,14.44,TS924,7841,-121.627806,40.806722
321,2018-08-14 09:08:00,4.9,SW,6.26,12.9,-3.48,226.0,12.22,0.762,221.0,4.47,6.26,0.0,29.0,14.44,TS924,7841,-121.627806,40.806722
322,2018-08-14 10:08:00,4.9,SW,5.81,12.8,-4.43,215.0,12.22,0.762,215.0,4.92,5.81,0.0,27.0,14.44,TS924,7841,-121.627806,40.806722
323,2018-08-14 11:08:00,5.0,SW,5.81,12.8,-5.98,209.0,12.22,0.762,218.0,4.92,5.81,0.0,24.0,14.44,TS924,7841,-121.627806,40.806722
324,2018-08-14 12:08:00,5.0,SW,5.37,12.8,-7.24,222.0,12.78,0.762,227.0,4.92,5.37,0.0,21.0,15.0,TS924,7841,-121.627806,40.806722
325,2018-08-14 13:08:00,5.1,SW,7.15,12.8,-5.45,211.0,12.22,0.762,218.0,5.81,7.15,0.0,25.0,14.44,TS924,7841,-121.627806,40.806722
326,2018-08-14 14:08:00,5.2,SW,7.15,13.3,-3.95,216.0,14.44,0.762,216.0,6.26,7.15,57.0,27.0,15.0,TS924,7841,-121.627806,40.806722
327,2018-08-14 15:08:00,5.3,SW,7.15,13.4,-3.54,220.0,18.33,0.762,216.0,5.81,7.15,248.0,25.0,16.67,TS924,7841,-121.627806,40.806722
328,2018-08-14 16:08:00,5.4,SW,7.6,14.2,-4.29,221.0,21.11,0.762,217.0,6.26,7.6,453.0,22.0,17.78,TS924,7841,-121.627806,40.806722
329,2018-08-14 17:08:00,5.4,SW,7.6,13.3,-4.16,220.0,23.89,0.762,215.0,5.37,7.6,631.0,20.0,19.44,TS924,7841,-121.627806,40.806722
330,2018-08-14 18:08:00,5.2,SW,7.6,13.2,-2.98,227.0,27.22,0.762,227.0,4.47,7.6,741.0,19.0,21.67,TS924,7841,-121.627806,40.806722
331,2018-08-14 19:08:00,5.1,SW,8.05,13.2,1.7,221.0,29.44,0.762,228.0,3.58,8.05,875.0,25.0,22.78,TS924,7841,-121.627806,40.806722
332,2018-08-14 20:08:00,4.8,WSW,6.7,13.3,-0.54,252.0,30.0,0.762,248.0,4.02,6.7,918.0,22.0,22.22,TS924,7841,-121.627806,40.806722
333,2018-08-14 21:08:00,4.6,WNW,8.49,13.3,2.17,267.0,30.0,0.762,290.0,3.13,8.49,908.0,25.0,23.33,TS924,7841,-121.627806,40.806722
334,2018-08-14 22:08:00,4.7,WSW,9.84,13.3,2.8,242.0,26.67,0.762,256.0,5.37,9.84,839.0,28.0,22.22,TS924,7841,-121.627806,40.806722
335,2018-08-14 23:08:00,4.6,W,9.84,13.3,1.36,256.0,23.33,0.762,263.0,6.26,9.84,699.0,29.0,20.0,TS924,7841,-121.627806,40.806722
336,2018-08-15 00:08:00,4.6,WSW,10.28,13.5,0.34,251.0,23.33,0.762,252.0,5.37,10.28,438.0,26.0,20.56,TS924,7841,-121.627806,40.806722
337,2018-08-15 01:08:00,4.6,WSW,10.73,13.6,0.34,236.0,22.78,0.762,243.0,7.15,10.73,253.0,26.0,20.56,TS924,7841,-121.627806,40.806722
338,2018-08-15 02:08:00,4.6,W,10.73,13.4,-4.44,238.0,19.44,0.762,267.0,5.81,10.73,115.0,21.0,18.33,TS924,7841,-121.627806,40.806722
339,2018-08-15 03:08:00,4.6,WSW,8.05,13.1,-6.92,251.0,16.67,0.762,252.0,4.02,8.05,47.0,18.0,17.78,TS924,7841,-121.627806,40.806722
340,2018-08-15 04:08:00,4.6,WSW,5.81,13.0,-8.11,269.0,15.56,0.762,240.0,3.58,5.81,0.0,17.0,17.22,TS924,7841,-121.627806,40.806722
341,2018-08-15 05:08:00,4.6,WSW,4.47,13.0,-4.64,272.0,15.56,0.762,255.0,3.13,4.47,0.0,23.0,16.67,TS924,7841,-121.627806,40.806722
342,2018-08-15 06:08:00,4.6,WSW,3.58,12.9,-3.49,252.0,14.44,0.762,246.0,2.23,3.58,0.0,26.0,16.11,TS924,7841,-121.627806,40.806722
343,2018-08-15 07:08:00,4.6,SW,4.92,12.9,-9.33,218.0,15.0,0.762,222.0,4.02,4.92,0.0,16.0,16.67,TS924,7841,-121.627806,40.806722
344,2018-08-15 08:08:00,4.6,SW,4.47,12.9,-8.88,233.0,15.56,0.762,233.0,4.02,4.47,0.0,16.0,17.22,TS924,7841,-121.627806,40.806722
345,2018-08-15 09:08:00,4.6,SW,5.81,12.9,-5.38,217.0,15.56,0.762,224.0,4.47,5.81,0.0,21.0,17.22,TS924,7841,-121.627806,40.806722
346,2018-08-15 10:08:00,4.6,SW,8.05,12.9,-5.7,213.0,15.0,0.762,228.0,4.47,8.05,0.0,22.0,16.11,TS924,7841,-121.627806,40.806722
347,2018-08-15 11:08:00,4.7,WSW,4.92,12.8,-5.7,225.0,15.56,0.762,243.0,3.58,4.92,0.0,22.0,16.11,TS924,7841,-121.627806,40.806722
348,2018-08-15 12:08:00,4.6,W,4.47,12.8,-1.12,261.0,15.56,0.762,277.0,3.13,4.47,0.0,31.0,16.11,TS924,7841,-121.627806,40.806722
349,2018-08-15 13:08:00,4.7,W,4.47,12.8,-0.26,274.0,15.0,0.762,262.0,3.58,4.47,0.0,33.0,16.11,TS924,7841,-121.627806,40.806722
350,2018-08-15 14:08:00,4.8,WSW,4.47,13.1,0.15,277.0,15.0,0.762,243.0,3.13,4.47,29.0,34.0,16.11,TS924,7841,-121.627806,40.806722
351,2018-08-15 15:08:00,4.9,SW,3.58,13.4,0.29,242.0,18.33,0.762,233.0,2.23,3.58,177.0,32.0,17.22,TS924,7841,-121.627806,40.806722
352,2018-08-15 16:08:00,5.2,SW,3.13,13.3,1.35,219.0,22.78,0.762,219.0,2.68,3.13,429.0,30.0,19.44,TS924,7841,-121.627806,40.806722
353,2018-08-15 17:08:00,5.2,SW,4.47,13.2,1.8,220.0,25.0,0.762,218.0,3.13,4.47,609.0,31.0,19.44,TS924,7841,-121.627806,40.806722
354,2018-08-15 18:08:00,5.2,SW,4.92,13.2,-1.24,231.0,25.56,0.762,229.0,3.13,4.92,730.0,24.0,20.0,TS924,7841,-121.627806,40.806722
355,2018-08-15 19:08:00,5.3,SW,6.26,13.2,-0.4,226.0,28.89,0.762,231.0,4.02,6.26,851.0,23.0,21.67,TS924,7841,-121.627806,40.806722
356,2018-08-15 20:08:00,5.0,W,7.15,13.2,1.33,269.0,29.44,0.762,276.0,3.13,7.15,915.0,27.0,21.11,TS924,7841,-121.627806,40.806722
357,2018-08-15 21:08:00,5.1,WSW,9.84,13.2,2.29,218.0,30.56,0.762,242.0,3.58,9.84,906.0,27.0,22.22,TS924,7841,-121.627806,40.806722
358,2018-08-15 22:08:00,4.7,W,9.39,13.3,5.19,223.0,25.56,0.762,264.0,5.81,9.39,845.0,38.0,20.0,TS924,7841,-121.627806,40.806722
359,2018-08-15 23:08:00,4.7,W,10.28,13.6,4.93,265.0,23.33,0.762,268.0,5.81,10.28,737.0,40.0,18.89,TS924,7841,-121.627806,40.806722
360,2018-08-16 00:08:00,4.7,WSW,11.62,13.4,3.51,264.0,21.67,0.762,250.0,6.26,11.62,438.0,35.0,19.44,TS924,7841,-121.627806,40.806722
361,2018-08-16 01:08:00,4.7,WSW,11.62,13.3,1.7,325.0,20.0,0.762,254.0,6.7,11.62,236.0,33.0,18.33,TS924,7841,-121.627806,40.806722
362,2018-08-16 02:08:00,4.8,WSW,10.28,13.2,0.29,232.0,18.89,0.762,241.0,6.26,10.28,59.0,32.0,17.22,TS924,7841,-121.627806,40.806722
363,2018-08-16 03:08:00,4.9,SW,10.73,13.1,-2.01,242.0,16.11,0.762,228.0,8.94,10.73,51.0,28.0,16.67,TS924,7841,-121.627806,40.806722
364,2018-08-16 04:08:00,5.0,SW,10.28,13.0,-2.5,223.0,15.0,0.762,233.0,8.05,10.28,0.0,28.0,16.11,TS924,7841,-121.627806,40.806722
365,2018-08-16 05:08:00,5.0,SW,9.39,12.9,1.06,225.0,13.89,0.762,223.0,7.15,9.39,0.0,39.0,15.0,TS924,7841,-121.627806,40.806722
366,2018-08-16 06:08:00,5.1,SW,8.05,12.9,-0.43,225.0,13.33,0.762,221.0,7.15,8.05,0.0,35.0,15.0,TS924,7841,-121.627806,40.806722
367,2018-08-16 07:08:00,5.1,SSW,9.39,12.9,-7.71,215.0,13.33,0.762,213.0,8.05,9.39,0.0,21.0,14.44,TS924,7841,-121.627806,40.806722
368,2018-08-16 08:08:00,5.2,SSW,9.84,12.8,-10.69,211.0,12.78,0.762,207.0,7.6,9.84,0.0,16.0,15.0,TS924,7841,-121.627806,40.806722
369,2018-08-16 09:08:00,5.2,SSW,8.94,12.8,-7.24,217.0,12.78,0.762,205.0,7.6,8.94,0.0,21.0,15.0,TS924,7841,-121.627806,40.806722
370,2018-08-16 10:08:00,5.2,SSW,8.94,12.8,-0.83,202.0,12.22,0.762,204.0,7.15,8.94,0.0,34.0,15.0,TS924,7841,-121.627806,40.806722
371,2018-08-16 11:08:00,5.2,SW,9.39,12.8,-1.74,215.0,13.33,0.762,218.0,8.05,9.39,0.0,33.0,14.44,TS924,7841,-121.627806,40.806722
372,2018-08-16 12:08:00,5.3,SW,9.84,12.8,-1.33,216.0,12.78,0.762,216.0,8.05,9.84,0.0,34.0,14.44,TS924,7841,-121.627806,40.806722
373,2018-08-16 13:08:00,5.3,SSW,11.17,12.8,-3.51,224.0,12.22,0.762,209.0,8.94,11.17,0.0,30.0,13.89,TS924,7841,-121.627806,40.806722
374,2018-08-16 14:08:00,5.5,SSW,10.73,13.3,-0.83,203.0,13.89,0.762,202.0,8.05,10.73,56.0,34.0,15.0,TS924,7841,-121.627806,40.806722
375,2018-08-16 15:08:00,5.6,SSW,10.28,13.6,2.77,205.0,18.33,0.762,204.0,7.6,10.28,250.0,41.0,16.11,TS924,7841,-121.627806,40.806722
376,2018-08-16 16:08:00,5.8,SSW,10.73,13.4,4.28,209.0,21.67,0.762,206.0,8.05,10.73,451.0,41.0,17.78,TS924,7841,-121.627806,40.806722
377,2018-08-16 17:08:00,5.9,SSW,10.73,13.3,4.93,210.0,25.0,0.762,206.0,7.15,10.73,635.0,40.0,18.89,TS924,7841,-121.627806,40.806722
378,2018-08-16 18:08:00,5.9,SW,10.73,13.2,4.31,186.0,26.11,0.762,216.0,6.7,10.73,781.0,37.0,19.44,TS924,7841,-121.627806,40.806722
379,2018-08-16 19:08:00,5.8,SW,13.86,13.3,5.4,224.0,27.78,0.762,222.0,6.7,13.86,882.0,36.0,21.11,TS924,7841,-121.627806,40.806722
380,2018-08-16 20:08:00,5.7,SW,16.09,13.3,5.4,195.0,27.22,0.762,215.0,10.28,16.09,933.0,36.0,21.11,TS924,7841,-121.627806,40.806722
381,2018-08-16 21:08:00,5.7,SW,19.22,13.4,5.69,236.0,25.0,0.762,220.0,10.73,19.22,930.0,38.0,20.56,TS924,7841,-121.627806,40.806722
382,2018-08-16 22:08:00,5.5,SW,15.64,13.3,5.31,234.0,24.44,0.762,235.0,8.05,15.64,875.0,37.0,20.56,TS924,7841,-121.627806,40.806722
383,2018-08-16 23:08:00,5.5,W,16.09,13.4,3.6,207.0,23.33,0.762,260.0,6.7,16.09,773.0,34.0,20.0,TS924,7841,-121.627806,40.806722
384,2018-08-17 00:08:00,5.4,WSW,16.09,13.9,2.92,241.0,20.56,0.762,258.0,8.49,16.09,457.0,36.0,18.33,TS924,7841,-121.627806,40.806722
385,2018-08-17 01:08:00,5.3,WSW,14.75,14.0,1.63,244.0,18.89,0.762,251.0,8.05,14.75,282.0,34.0,17.78,TS924,7841,-121.627806,40.806722
386,2018-08-17 02:08:00,5.4,W,12.52,13.5,1.21,258.0,16.11,0.762,260.0,8.94,12.52,137.0,38.0,15.56,TS924,7841,-121.627806,40.806722
387,2018-08-17 03:08:00,5.5,W,12.52,13.1,1.76,276.0,13.89,0.762,264.0,8.49,12.52,44.0,41.0,15.0,TS924,7841,-121.627806,40.806722
388,2018-08-17 04:08:00,5.6,WSW,10.73,13.0,-0.17,264.0,13.89,0.762,258.0,6.26,10.73,0.0,37.0,14.44,TS924,7841,-121.627806,40.806722
389,2018-08-17 05:08:00,5.7,W,9.84,13.0,-3.02,268.0,13.33,0.762,261.0,6.26,9.84,0.0,30.0,14.44,TS924,7841,-121.627806,40.806722
390,2018-08-17 06:08:00,5.7,WSW,8.05,13.0,0.07,247.0,12.22,0.762,250.0,4.92,8.05,0.0,39.0,13.89,TS924,7841,-121.627806,40.806722
391,2018-08-17 07:08:00,5.8,WSW,8.49,12.9,2.16,246.0,12.22,0.762,247.0,4.92,8.49,0.0,47.0,13.33,TS924,7841,-121.627806,40.806722
392,2018-08-17 08:08:00,5.9,WSW,7.6,12.9,2.46,257.0,11.67,0.762,241.0,4.92,7.6,0.0,48.0,13.33,TS924,7841,-121.627806,40.806722
393,2018-08-17 09:08:00,6.0,WSW,5.81,12.9,-2.72,245.0,11.11,0.762,254.0,3.13,5.81,0.0,33.0,13.33,TS924,7841,-121.627806,40.806722
394,2018-08-17 10:08:00,6.0,WSW,4.47,12.9,-3.56,262.0,11.11,0.762,253.0,2.68,4.47,0.0,31.0,13.33,TS924,7841,-121.627806,40.806722
395,2018-08-17 11:08:00,6.2,WSW,4.02,12.8,-2.31,267.0,11.11,0.762,255.0,2.68,4.02,0.0,34.0,13.33,TS924,7841,-121.627806,40.806722
396,2018-08-17 12:08:00,6.3,WSW,4.47,12.8,-1.54,248.0,10.0,0.762,249.0,3.58,4.47,0.0,36.0,13.33,TS924,7841,-121.627806,40.806722
397,2018-08-17 13:08:00,6.3,W,4.47,12.8,-2.64,242.0,11.11,0.762,260.0,3.13,4.47,0.0,32.0,13.89,TS924,7841,-121.627806,40.806722
398,2018-08-17 14:08:00,6.4,SW,4.47,12.9,-2.22,236.0,11.67,0.762,236.0,4.02,4.47,17.0,33.0,13.89,TS924,7841,-121.627806,40.806722
399,2018-08-17 15:08:00,6.6,WSW,4.47,13.7,-2.99,234.0,15.0,0.762,246.0,2.23,4.47,164.0,29.0,15.0,TS924,7841,-121.627806,40.806722
400,2018-08-17 16:08:00,6.7,SSW,4.47,13.4,-1.07,224.0,19.44,0.762,213.0,3.13,4.47,429.0,30.0,16.67,TS924,7841,-121.627806,40.806722
401,2018-08-17 17:08:00,6.6,SW,4.92,13.3,-3.23,213.0,23.33,0.762,216.0,3.58,4.92,637.0,23.0,18.33,TS924,7841,-121.627806,40.806722
402,2018-08-17 18:08:00,6.5,SW,7.6,13.2,3.1,229.0,25.56,0.762,217.0,4.47,7.6,795.0,34.0,19.44,TS924,7841,-121.627806,40.806722
403,2018-08-17 19:08:00,6.3,W,8.05,14.1,1.36,222.0,27.22,0.762,270.0,3.58,8.05,905.0,29.0,20.0,TS924,7841,-121.627806,40.806722
404,2018-08-17 20:08:00,5.8,WSW,8.49,13.3,-0.29,238.0,28.33,0.762,249.0,4.02,8.49,950.0,24.0,21.11,TS924,7841,-121.627806,40.806722
405,2018-08-17 21:08:00,5.7,WSW,8.05,13.3,-1.83,239.0,28.33,0.762,244.0,4.47,8.05,940.0,20.0,22.22,TS924,7841,-121.627806,40.806722
406,2018-08-17 22:08:00,5.3,WSW,8.94,13.3,-1.17,240.0,27.22,0.762,248.0,4.47,8.94,872.0,21.0,22.22,TS924,7841,-121.627806,40.806722
407,2018-08-17 23:08:00,5.3,W,8.94,13.7,-1.34,286.0,24.44,0.762,270.0,4.92,8.94,750.0,23.0,20.56,TS924,7841,-121.627806,40.806722
408,2018-08-18 00:08:00,5.2,W,10.28,13.5,-0.87,245.0,23.89,0.762,279.0,4.02,10.28,449.0,23.0,21.11,TS924,7841,-121.627806,40.806722
409,2018-08-18 01:08:00,4.8,W,8.49,13.5,-0.57,252.0,20.56,0.762,263.0,5.81,8.49,269.0,28.0,18.33,TS924,7841,-121.627806,40.806722
410,2018-08-18 02:08:00,4.9,W,9.39,13.3,-1.54,265.0,16.67,0.762,261.0,5.81,9.39,87.0,29.0,16.67,TS924,7841,-121.627806,40.806722
411,2018-08-18 03:08:00,4.9,WSW,7.6,13.1,-2.05,261.0,13.89,0.762,243.0,3.58,7.6,27.0,30.0,15.56,TS924,7841,-121.627806,40.806722
412,2018-08-18 04:08:00,4.9,NW,6.26,13.0,-3.49,309.0,13.89,0.762,312.0,4.92,6.26,0.0,26.0,16.11,TS924,7841,-121.627806,40.806722
413,2018-08-18 05:08:00,5.0,WNW,7.6,13.0,-0.75,317.0,12.78,0.762,287.0,4.02,7.6,0.0,33.0,15.56,TS924,7841,-121.627806,40.806722
414,2018-08-18 06:08:00,5.0,WNW,5.37,12.9,3.18,283.0,12.22,0.762,282.0,3.13,5.37,0.0,47.0,14.44,TS924,7841,-121.627806,40.806722
415,2018-08-18 07:08:00,5.1,WSW,5.81,12.9,4.93,244.0,12.22,0.762,240.0,4.47,5.81,0.0,55.0,13.89,TS924,7841,-121.627806,40.806722
416,2018-08-18 08:08:00,5.3,SW,5.37,12.9,3.48,231.0,12.22,0.762,226.0,4.02,5.37,0.0,48.0,14.44,TS924,7841,-121.627806,40.806722
417,2018-08-18 09:08:00,5.5,SW,4.02,12.9,1.59,226.0,12.22,0.762,228.0,3.13,4.02,0.0,42.0,14.44,TS924,7841,-121.627806,40.806722
418,2018-08-18 10:08:00,5.7,SW,3.13,12.8,0.2,235.0,11.11,0.762,235.0,2.23,3.13,0.0,38.0,14.44,TS924,7841,-121.627806,40.806722
419,2018-08-18 11:08:00,5.9,WSW,3.13,12.8,-4.97,227.0,11.11,0.762,254.0,1.79,3.13,0.0,25.0,15.0,TS924,7841,-121.627806,40.806722
420,2018-08-18 12:08:00,6.1,SW,3.13,12.8,-2.15,232.0,11.11,0.762,229.0,2.68,3.13,0.0,32.0,14.44,TS924,7841,-121.627806,40.806722
421,2018-08-18 13:08:00,6.0,SSW,3.13,12.8,-4.43,230.0,10.56,0.762,194.0,2.23,3.13,0.0,27.0,14.44,TS924,7841,-121.627806,40.806722
422,2018-08-18 14:08:00,6.3,S,4.47,13.1,-3.95,171.0,10.0,0.762,170.0,3.58,4.47,31.0,28.0,14.44,TS924,7841,-121.627806,40.806722
423,2018-08-18 15:08:00,6.5,S,4.02,13.5,-2.99,171.0,16.11,0.762,171.0,2.68,4.02,197.0,27.0,16.11,TS924,7841,-121.627806,40.806722
424,2018-08-18 16:08:00,6.6,SSE,4.02,13.3,-1.55,155.0,21.67,0.762,162.0,2.68,4.02,397.0,27.0,17.78,TS924,7841,-121.627806,40.806722
425,2018-08-18 17:08:00,6.4,S,4.47,13.3,-1.1,167.0,26.11,0.762,170.0,3.13,4.47,597.0,26.0,18.89,TS924,7841,-121.627806,40.806722
426,2018-08-18 18:08:00,6.0,SSW,5.81,13.2,0.81,184.0,28.89,0.762,200.0,3.13,5.81,735.0,26.0,21.11,TS924,7841,-121.627806,40.806722
427,2018-08-18 19:08:00,6.0,SW,5.37,13.2,-0.76,212.0,28.33,0.762,220.0,2.68,5.37,825.0,24.0,20.56,TS924,7841,-121.627806,40.806722
428,2018-08-18 20:08:00,5.6,WSW,5.81,13.2,1.29,207.0,28.33,0.762,239.0,3.58,5.81,840.0,26.0,21.67,TS924,7841,-121.627806,40.806722
429,2018-08-18 21:08:00,5.5,NW,6.7,13.3,4.65,336.0,28.33,0.762,305.0,4.02,6.7,852.0,33.0,21.67,TS924,7841,-121.627806,40.806722
430,2018-08-18 22:08:00,5.2,WNW,10.28,13.2,1.76,325.0,27.78,0.762,292.0,3.58,10.28,836.0,26.0,22.22,TS924,7841,-121.627806,40.806722
431,2018-08-18 23:08:00,5.2,W,8.49,13.3,-0.07,304.0,26.67,0.762,277.0,4.92,8.49,693.0,22.0,22.78,TS924,7841,-121.627806,40.806722
432,2018-08-19 00:08:00,5.2,WNW,9.39,13.5,0.81,306.0,23.89,0.762,282.0,5.37,9.39,428.0,26.0,21.11,TS924,7841,-121.627806,40.806722
433,2018-08-19 01:08:00,5.0,NW,10.73,13.5,1.36,315.0,23.33,0.762,306.0,5.37,10.73,264.0,28.0,20.56,TS924,7841,-121.627806,40.806722
434,2018-08-19 02:08:00,4.9,W,8.94,13.3,0.38,280.0,18.89,0.762,278.0,4.02,8.94,67.0,30.0,18.33,TS924,7841,-121.627806,40.806722
435,2018-08-19 03:08:00,5.1,WNW,5.81,13.1,-2.54,309.0,15.56,0.762,301.0,4.92,5.81,30.0,26.0,17.22,TS924,7841,-121.627806,40.806722
436,2018-08-19 04:08:00,5.1,NW,6.7,13.0,-4.18,326.0,15.56,0.762,322.0,5.37,6.7,0.0,23.0,17.22,TS924,7841,-121.627806,40.806722
437,2018-08-19 05:08:00,5.1,NNW,7.15,13.0,-0.63,338.0,14.44,0.762,339.0,6.26,7.15,0.0,31.0,16.67,TS924,7841,-121.627806,40.806722
438,2018-08-19 06:08:00,5.1,N,6.7,12.9,-0.63,342.0,13.89,0.762,355.0,4.02,6.7,0.0,31.0,16.67,TS924,7841,-121.627806,40.806722
439,2018-08-19 07:08:00,5.2,NW,4.92,12.9,-0.26,355.0,13.33,0.762,319.0,3.13,4.92,0.0,33.0,16.11,TS924,7841,-121.627806,40.806722
440,2018-08-19 08:08:00,5.2,NW,4.47,12.9,-0.26,348.0,12.22,0.762,320.0,1.79,4.47,0.0,33.0,16.11,TS924,7841,-121.627806,40.806722
441,2018-08-19 09:08:00,5.3,N,3.13,12.9,-0.75,0.0,11.67,0.762,358.0,2.68,3.13,0.0,33.0,15.56,TS924,7841,-121.627806,40.806722
442,2018-08-19 10:08:00,5.5,N,3.58,12.8,-2.98,46.0,11.67,0.762,8.0,2.68,3.58,0.0,28.0,15.56,TS924,7841,-121.627806,40.806722
443,2018-08-19 11:08:00,5.6,NNW,3.13,12.8,-1.6,0.0,11.11,0.762,340.0,2.68,3.13,0.0,31.0,15.56,TS924,7841,-121.627806,40.806722
444,2018-08-19 12:08:00,5.7,NNW,3.58,12.8,-3.95,333.0,11.11,0.762,331.0,3.13,3.58,0.0,27.0,15.0,TS924,7841,-121.627806,40.806722
445,2018-08-19 13:08:00,5.7,NW,3.13,12.8,-2.09,322.0,11.11,0.762,317.0,2.68,3.13,0.0,31.0,15.0,TS924,7841,-121.627806,40.806722
446,2018-08-19 14:08:00,5.9,NNW,3.58,13.1,-1.17,335.0,12.22,0.762,334.0,3.13,3.58,30.0,32.0,15.56,TS924,7841,-121.627806,40.806722
447,2018-08-19 15:08:00,6.1,NW,3.13,13.4,0.55,338.0,16.67,0.762,311.0,2.23,3.13,197.0,35.0,16.11,TS924,7841,-121.627806,40.806722
448,2018-08-19 16:08:00,6.3,WNW,2.23,13.5,2.12,302.0,22.22,0.762,299.0,0.9,2.23,407.0,34.0,18.33,TS924,7841,-121.627806,40.806722
449,2018-08-19 17:08:00,6.3,W,3.58,13.2,2.33,290.0,26.11,0.762,263.0,1.34,3.58,604.0,30.0,20.56,TS924,7841,-121.627806,40.806722
450,2018-08-19 18:08:00,6.0,SSW,4.92,13.1,1.82,204.0,28.33,0.762,209.0,3.13,4.92,757.0,27.0,21.67,TS924,7841,-121.627806,40.806722
